row_kind,rx_pdu_id,acceptance_index,can_id,can_format,frame_length,com_length,timeout_ticks,com_flags,com_buf_off,com_buf_ram,acceptance_filter_route,rx_callback,unpacker,validity_state_ram,update_counter_ram,pdu_first_consumer,secoc_envelope,signal_id,signal_property,wire_field,endianness,bit_length,start_arg,signed,dest_kind,dest,dest_width,signal_update_state,first_consumer,evidence_status,call_site,notes
signal,6,0,0x2E4,classic,8,8,15,0x0C,39,0xFEBE4A70,rule[0] hw_label=9 route=2,0x7C640,0x4A244,0xFEBE52D2,0xFEBE5332,0x4A244,yes,58,0,B0[7],big,1,7,0,ram,0xFEBE7F96,1,shares PDU update counter 0xFEBE5332,0x56FC2,recovered,0x4A290,extract=bitfield; buf_off=39; evidence_window=0x4A250-0x4A290; body_sha256=f0f4d7ae539cb22b…
signal,6,0,0x2E4,classic,8,8,15,0x0C,39,0xFEBE4A70,rule[0] hw_label=9 route=2,0x7C640,0x4A244,0xFEBE52D2,0xFEBE5332,0x4A244,yes,59,0,B0[6:1],big,6,1,0,ram,0xFEBE7F97,1,shares PDU update counter 0xFEBE5332,0x56FC2,recovered,0x4A2AA,extract=bitfield; buf_off=39; evidence_window=0x4A26A-0x4A2AA; body_sha256=f0f4d7ae539cb22b…
signal,6,0,0x2E4,classic,8,8,15,0x0C,39,0xFEBE4A70,rule[0] hw_label=9 route=2,0x7C640,0x4A244,0xFEBE52D2,0xFEBE5332,0x4A244,yes,60,0,B0[0],big,1,0,0,ram,0xFEBE7F98,1,shares PDU update counter 0xFEBE5332,0x56FC2,recovered,0x4A2C4,extract=bitfield; buf_off=39; evidence_window=0x4A284-0x4A2C4; body_sha256=f0f4d7ae539cb22b…
signal,6,0,0x2E4,classic,8,8,15,0x0C,39,0xFEBE4A70,rule[0] hw_label=9 route=2,0x7C640,0x4A244,0xFEBE52D2,0xFEBE5332,0x4A244,yes,61,0,B1..B2 BE16,big,16,0,1,ram,0xFEBE7F94,2,shares PDU update counter 0xFEBE5332,0x56FC2,recovered,0x4A276,extract=bitfield; buf_off=40; evidence_window=0x4A244-0x4A276; body_sha256=f0f4d7ae539cb22b…
signal,6,0,0x2E4,classic,8,8,15,0x0C,39,0xFEBE4A70,rule[0] hw_label=9 route=2,0x7C640,0x4A244,0xFEBE52D2,0xFEBE5332,0x4A244,yes,62,0,B3[7],big,1,7,0,ram,0xFEBE7F99,1,shares PDU update counter 0xFEBE5332,configured-unresolved; bound=Ghidra READ xref of dest excluding COM unpacker cluster 0x4A200-0x4B700,recovered,0x4A2DE,extract=bitfield; buf_off=42; evidence_window=0x4A29E-0x4A2DE; body_sha256=f0f4d7ae539cb22b…
signal,6,0,0x2E4,classic,8,8,15,0x0C,39,0xFEBE4A70,rule[0] hw_label=9 route=2,0x7C640,0x4A244,0xFEBE52D2,0xFEBE5332,0x4A244,yes,63,0,B3[2:0],big,3,0,0,ram,0xFEBE7F9D,1,shares PDU update counter 0xFEBE5332,0x56FC2,recovered,0x4A2F8,extract=bitfield; buf_off=42; evidence_window=0x4A2B8-0x4A2F8; body_sha256=f0f4d7ae539cb22b…
signal,6,0,0x2E4,classic,8,8,15,0x0C,39,0xFEBE4A70,rule[0] hw_label=9 route=2,0x7C640,0x4A244,0xFEBE52D2,0xFEBE5332,0x4A244,yes,64,0,n/a (no stock COM extraction),n/a,n/a,n/a,n/a,none,none,0,shares PDU update counter 0xFEBE5332,none as configured COM signal; PDU handler extracts other signal IDs,classified-no-com-extraction,,"classification=configured_not_extracted_by_pdu_handler; basis=same PDU has recovered generated extraction calls, but this configured signal ID is absent from the complete receive-signal/group-byte API census"
signal,6,0,0x2E4,classic,8,8,15,0x0C,39,0xFEBE4A70,rule[0] hw_label=9 route=2,0x7C640,0x4A244,0xFEBE52D2,0xFEBE5332,0x4A244,yes,65,0,n/a (no stock COM extraction),n/a,n/a,n/a,n/a,none,none,0,shares PDU update counter 0xFEBE5332,none as configured COM signal; PDU handler extracts other signal IDs,classified-no-com-extraction,,"classification=configured_not_extracted_by_pdu_handler; basis=same PDU has recovered generated extraction calls, but this configured signal ID is absent from the complete receive-signal/group-byte API census"
signal,7,1,0x3B0,classic,8,8,600,0x0C,47,0xFEBE4A78,rule[1] hw_label=10 route=2,0x7C640,0x4A312,0xFEBE52D3,0xFEBE5333,0x4A312,no,66,0,B3,big,8,0,0,ram,0xFEBE7F9E,1,shares PDU update counter 0xFEBE5333,0x56FC2,recovered,0x4A340,extract=bitfield; buf_off=50; evidence_window=0x4A312-0x4A340; body_sha256=853fa98ad28fa579…
signal,8,2,0x63B,classic,8,8,300,0x0C,55,0xFEBE4A80,rule[2] hw_label=11 route=2,0x7C640,0x4A35A,0xFEBE52D4,0xFEBE5334,0x4A35A,no,67,0,n/a (no stock COM extraction),n/a,n/a,n/a,n/a,none,none,0,shares PDU update counter 0xFEBE5334,none as configured COM signal; PDU handler extracts other signal IDs,classified-no-com-extraction,,"classification=configured_not_extracted_by_pdu_handler; basis=same PDU has recovered generated extraction calls, but this configured signal ID is absent from the complete receive-signal/group-byte API census"
signal,8,2,0x63B,classic,8,8,300,0x0C,55,0xFEBE4A80,rule[2] hw_label=11 route=2,0x7C640,0x4A35A,0xFEBE52D4,0xFEBE5334,0x4A35A,no,68,0,n/a (no stock COM extraction),n/a,n/a,n/a,n/a,none,none,0,shares PDU update counter 0xFEBE5334,none as configured COM signal; PDU handler extracts other signal IDs,classified-no-com-extraction,,"classification=configured_not_extracted_by_pdu_handler; basis=same PDU has recovered generated extraction calls, but this configured signal ID is absent from the complete receive-signal/group-byte API census"
signal,8,2,0x63B,classic,8,8,300,0x0C,55,0xFEBE4A80,rule[2] hw_label=11 route=2,0x7C640,0x4A35A,0xFEBE52D4,0xFEBE5334,0x4A35A,no,69,0,B2..B3 BE16,big,16,0,0,ram,0xFEBE7FA8,2,shares PDU update counter 0xFEBE5334,0x56FC2,recovered,0x4A38A,extract=bitfield; buf_off=57; evidence_window=0x4A35A-0x4A38A; body_sha256=c86ec4f4b1d1b81f…
signal,8,2,0x63B,classic,8,8,300,0x0C,55,0xFEBE4A80,rule[2] hw_label=11 route=2,0x7C640,0x4A35A,0xFEBE52D4,0xFEBE5334,0x4A35A,no,70,0,B4..B7 BE32,big,32,0,0,ram,0xFEBE7FA4,4,shares PDU update counter 0xFEBE5334,configured-unresolved; bound=Ghidra READ xref of dest excluding COM unpacker cluster 0x4A200-0x4B700,recovered,0x4A3A6,extract=bitfield; buf_off=59; evidence_window=0x4A366-0x4A3A6; body_sha256=c86ec4f4b1d1b81f…
signal,9,3,0x624,classic,8,8,600,0x0C,63,0xFEBE4A88,rule[3] hw_label=12 route=2,0x7C640,0x4A3C0,0xFEBE52D5,0xFEBE5335,0x4A3C0,no,71,0,n/a (no stock COM extraction),n/a,n/a,n/a,n/a,none,none,0,shares PDU update counter 0xFEBE5335,none as configured COM signal; PDU handler extracts other signal IDs,classified-no-com-extraction,,"classification=configured_not_extracted_by_pdu_handler; basis=same PDU has recovered generated extraction calls, but this configured signal ID is absent from the complete receive-signal/group-byte API census"
signal,9,3,0x624,classic,8,8,600,0x0C,63,0xFEBE4A88,rule[3] hw_label=12 route=2,0x7C640,0x4A3C0,0xFEBE52D5,0xFEBE5335,0x4A3C0,no,72,0,n/a (no stock COM extraction),n/a,n/a,n/a,n/a,none,none,0,shares PDU update counter 0xFEBE5335,none as configured COM signal; PDU handler extracts other signal IDs,classified-no-com-extraction,,"classification=configured_not_extracted_by_pdu_handler; basis=same PDU has recovered generated extraction calls, but this configured signal ID is absent from the complete receive-signal/group-byte API census"
signal,9,3,0x624,classic,8,8,600,0x0C,63,0xFEBE4A88,rule[3] hw_label=12 route=2,0x7C640,0x4A3C0,0xFEBE52D5,0xFEBE5335,0x4A3C0,no,73,0,B2,big,8,0,0,ram,0xFEBE7FAC,1,shares PDU update counter 0xFEBE5335,0x56FC2,recovered,0x4A3EE,extract=bitfield; buf_off=65; evidence_window=0x4A3C0-0x4A3EE; body_sha256=2db936c29f761d04…
signal,9,3,0x624,classic,8,8,600,0x0C,63,0xFEBE4A88,rule[3] hw_label=12 route=2,0x7C640,0x4A3C0,0xFEBE52D5,0xFEBE5335,0x4A3C0,no,74,0,B3[7:4],big,4,4,0,ram,0xFEBE7FAD,1,shares PDU update counter 0xFEBE5335,0x56FC2,recovered,0x4A408,extract=bitfield; buf_off=66; evidence_window=0x4A3C8-0x4A408; body_sha256=2db936c29f761d04…
signal,9,3,0x624,classic,8,8,600,0x0C,63,0xFEBE4A88,rule[3] hw_label=12 route=2,0x7C640,0x4A3C0,0xFEBE52D5,0xFEBE5335,0x4A3C0,no,75,0,B3[3:0],big,4,0,0,ram,0xFEBE7FAE,1,shares PDU update counter 0xFEBE5335,0x56FC2,recovered,0x4A422,extract=bitfield; buf_off=66; evidence_window=0x4A3E2-0x4A422; body_sha256=2db936c29f761d04…
signal,9,3,0x624,classic,8,8,600,0x0C,63,0xFEBE4A88,rule[3] hw_label=12 route=2,0x7C640,0x4A3C0,0xFEBE52D5,0xFEBE5335,0x4A3C0,no,76,0,B4[7:4],big,4,4,0,ram,0xFEBE7FAF,1,shares PDU update counter 0xFEBE5335,0x56FC2,recovered,0x4A43C,extract=bitfield; buf_off=67; evidence_window=0x4A3FC-0x4A43C; body_sha256=2db936c29f761d04…
signal,9,3,0x624,classic,8,8,600,0x0C,63,0xFEBE4A88,rule[3] hw_label=12 route=2,0x7C640,0x4A3C0,0xFEBE52D5,0xFEBE5335,0x4A3C0,no,77,0,n/a (no stock COM extraction),n/a,n/a,n/a,n/a,none,none,0,shares PDU update counter 0xFEBE5335,none as configured COM signal; PDU handler extracts other signal IDs,classified-no-com-extraction,,"classification=configured_not_extracted_by_pdu_handler; basis=same PDU has recovered generated extraction calls, but this configured signal ID is absent from the complete receive-signal/group-byte API census"
signal,9,3,0x624,classic,8,8,600,0x0C,63,0xFEBE4A88,rule[3] hw_label=12 route=2,0x7C640,0x4A3C0,0xFEBE52D5,0xFEBE5335,0x4A3C0,no,78,0,n/a (no stock COM extraction),n/a,n/a,n/a,n/a,none,none,0,shares PDU update counter 0xFEBE5335,none as configured COM signal; PDU handler extracts other signal IDs,classified-no-com-extraction,,"classification=configured_not_extracted_by_pdu_handler; basis=same PDU has recovered generated extraction calls, but this configured signal ID is absent from the complete receive-signal/group-byte API census"
signal,9,3,0x624,classic,8,8,600,0x0C,63,0xFEBE4A88,rule[3] hw_label=12 route=2,0x7C640,0x4A3C0,0xFEBE52D5,0xFEBE5335,0x4A3C0,no,79,0,n/a (no stock COM extraction),n/a,n/a,n/a,n/a,none,none,0,shares PDU update counter 0xFEBE5335,none as configured COM signal; PDU handler extracts other signal IDs,classified-no-com-extraction,,"classification=configured_not_extracted_by_pdu_handler; basis=same PDU has recovered generated extraction calls, but this configured signal ID is absent from the complete receive-signal/group-byte API census"
signal,9,3,0x624,classic,8,8,600,0x0C,63,0xFEBE4A88,rule[3] hw_label=12 route=2,0x7C640,0x4A3C0,0xFEBE52D5,0xFEBE5335,0x4A3C0,no,80,0,n/a (no stock COM extraction),n/a,n/a,n/a,n/a,none,none,0,shares PDU update counter 0xFEBE5335,none as configured COM signal; PDU handler extracts other signal IDs,classified-no-com-extraction,,"classification=configured_not_extracted_by_pdu_handler; basis=same PDU has recovered generated extraction calls, but this configured signal ID is absent from the complete receive-signal/group-byte API census"
signal,9,3,0x624,classic,8,8,600,0x0C,63,0xFEBE4A88,rule[3] hw_label=12 route=2,0x7C640,0x4A3C0,0xFEBE52D5,0xFEBE5335,0x4A3C0,no,81,0,n/a (no stock COM extraction),n/a,n/a,n/a,n/a,none,none,0,shares PDU update counter 0xFEBE5335,none as configured COM signal; PDU handler extracts other signal IDs,classified-no-com-extraction,,"classification=configured_not_extracted_by_pdu_handler; basis=same PDU has recovered generated extraction calls, but this configured signal ID is absent from the complete receive-signal/group-byte API census"
signal,9,3,0x624,classic,8,8,600,0x0C,63,0xFEBE4A88,rule[3] hw_label=12 route=2,0x7C640,0x4A3C0,0xFEBE52D5,0xFEBE5335,0x4A3C0,no,82,0,n/a (no stock COM extraction),n/a,n/a,n/a,n/a,none,none,0,shares PDU update counter 0xFEBE5335,none as configured COM signal; PDU handler extracts other signal IDs,classified-no-com-extraction,,"classification=configured_not_extracted_by_pdu_handler; basis=same PDU has recovered generated extraction calls, but this configured signal ID is absent from the complete receive-signal/group-byte API census"
signal,10,4,0x63D,classic,8,8,600,0x0C,71,0xFEBE4A90,rule[4] hw_label=13 route=2,0x7C640,0x4A456,0xFEBE52D6,0xFEBE5336,0x4A456,no,83,4,B3,big,8,0,0,ram,0xFEBE7FB2,1,shares PDU update counter 0xFEBE5336,0x56FC2,recovered,0x4A484,extract=bitfield; buf_off=74; evidence_window=0x4A456-0x4A484; body_sha256=2a4f332f4c2bf1d3…
signal,11,5,0xF,classic,8,8,60,0x0C,79,0xFEBE4A98,rule[5] hw_label=14 route=2,0x7C640,none,0xFEBE52D7,0xFEBE5337,classified-no-com-unpacker; frame still copied by RxIndication and tracked by update counter FEBE532C[11],yes,84,0,n/a (no stock COM extraction),n/a,n/a,n/a,n/a,none,none,0,shares PDU update counter 0xFEBE5337,none as configured COM signal; containing PDU is consumed by SecOC path,classified-no-com-extraction,,classification=configured_no_com_unpacker_secoc_pdu; basis=PDU has no generated COM unpacker; its CAN ID is present in the six-record SecOC receive table
signal,11,5,0xF,classic,8,8,60,0x0C,79,0xFEBE4A98,rule[5] hw_label=14 route=2,0x7C640,none,0xFEBE52D7,0xFEBE5337,classified-no-com-unpacker; frame still copied by RxIndication and tracked by update counter FEBE532C[11],yes,85,0,n/a (no stock COM extraction),n/a,n/a,n/a,n/a,none,none,0,shares PDU update counter 0xFEBE5337,none as configured COM signal; containing PDU is consumed by SecOC path,classified-no-com-extraction,,classification=configured_no_com_unpacker_secoc_pdu; basis=PDU has no generated COM unpacker; its CAN ID is present in the six-record SecOC receive table
signal,11,5,0xF,classic,8,8,60,0x0C,79,0xFEBE4A98,rule[5] hw_label=14 route=2,0x7C640,none,0xFEBE52D7,0xFEBE5337,classified-no-com-unpacker; frame still copied by RxIndication and tracked by update counter FEBE532C[11],yes,86,0,n/a (no stock COM extraction),n/a,n/a,n/a,n/a,none,none,0,shares PDU update counter 0xFEBE5337,none as configured COM signal; containing PDU is consumed by SecOC path,classified-no-com-extraction,,classification=configured_no_com_unpacker_secoc_pdu; basis=PDU has no generated COM unpacker; its CAN ID is present in the six-record SecOC receive table
signal,12,6,0x13,classic,8,8,0,0x0C,87,0xFEBE4AA0,rule[6] hw_label=15 route=2,0x7C640,0x68368,0xFEBE52D8,0xFEBE5338,0x68368,no,87,4,B0..B7 opaque,opaque,64,0,0,com_opaque,COM+0x57/opaque-shadow,8,shares PDU update counter 0xFEBE5338,opaque PDU bytes consumed by crypto-test shadow/stability logic; no stable per-signal RAM dest,recovered,0x68368,extract=opaque_pdu_bytes; buf_off=87; evidence_window=0x25902-0x2593A; body_sha256=7dc15cabdff70299…
signal,13,7,0x14,classic,8,8,0,0x0C,95,0xFEBE4AA8,rule[7] hw_label=16 route=2,0x7C640,0x68368,0xFEBE52D9,0xFEBE5339,0x68368,no,88,4,B0..B7 opaque,opaque,64,0,0,com_opaque,COM+0x5F/opaque-shadow,8,shares PDU update counter 0xFEBE5339,opaque PDU bytes consumed by crypto-test shadow/stability logic; no stable per-signal RAM dest,recovered,0x68368,extract=opaque_pdu_bytes; buf_off=95; evidence_window=0x25902-0x2593A; body_sha256=7dc15cabdff70299…
signal,14,8,0x15,classic,8,8,0,0x0C,103,0xFEBE4AB0,rule[8] hw_label=17 route=2,0x7C640,0x68368,0xFEBE52DA,0xFEBE533A,0x68368,no,89,4,B0..B7 opaque,opaque,64,0,0,com_opaque,COM+0x67/opaque-shadow,8,shares PDU update counter 0xFEBE533A,opaque PDU bytes consumed by crypto-test shadow/stability logic; no stable per-signal RAM dest,recovered,0x68368,extract=opaque_pdu_bytes; buf_off=103; evidence_window=0x25902-0x2593A; body_sha256=7dc15cabdff70299…
signal,15,9,0x16,classic,8,8,0,0x0C,111,0xFEBE4AB8,rule[9] hw_label=18 route=2,0x7C640,0x68368,0xFEBE52DB,0xFEBE533B,0x68368,no,90,4,B0..B7 opaque,opaque,64,0,0,com_opaque,COM+0x6F/opaque-shadow,8,shares PDU update counter 0xFEBE533B,opaque PDU bytes consumed by crypto-test shadow/stability logic; no stable per-signal RAM dest,recovered,0x68368,extract=opaque_pdu_bytes; buf_off=111; evidence_window=0x25902-0x2593A; body_sha256=7dc15cabdff70299…
signal,16,10,0x17,classic,8,8,0,0x0C,119,0xFEBE4AC0,rule[10] hw_label=19 route=2,0x7C640,0x68368,0xFEBE52DC,0xFEBE533C,0x68368,no,91,4,B0..B7 opaque,opaque,64,0,0,com_opaque,COM+0x77/opaque-shadow,8,shares PDU update counter 0xFEBE533C,opaque PDU bytes consumed by crypto-test shadow/stability logic; no stable per-signal RAM dest,recovered,0x68368,extract=opaque_pdu_bytes; buf_off=119; evidence_window=0x25902-0x2593A; body_sha256=7dc15cabdff70299…
signal,17,11,0x18,classic,8,8,0,0x0C,127,0xFEBE4AC8,rule[11] hw_label=20 route=2,0x7C640,0x68368,0xFEBE52DD,0xFEBE533D,0x68368,no,92,4,B0..B7 opaque,opaque,64,0,0,com_opaque,COM+0x7F/opaque-shadow,8,shares PDU update counter 0xFEBE533D,opaque PDU bytes consumed by crypto-test shadow/stability logic; no stable per-signal RAM dest,recovered,0x68368,extract=opaque_pdu_bytes; buf_off=127; evidence_window=0x25902-0x2593A; body_sha256=7dc15cabdff70299…
signal,18,12,0x19,classic,8,8,0,0x0C,135,0xFEBE4AD0,rule[12] hw_label=21 route=2,0x7C640,0x68368,0xFEBE52DE,0xFEBE533E,0x68368,no,93,4,B0..B7 opaque,opaque,64,0,0,com_opaque,COM+0x87/opaque-shadow,8,shares PDU update counter 0xFEBE533E,opaque PDU bytes consumed by crypto-test shadow/stability logic; no stable per-signal RAM dest,recovered,0x68368,extract=opaque_pdu_bytes; buf_off=135; evidence_window=0x25902-0x2593A; body_sha256=7dc15cabdff70299…
signal,19,13,0x1A,classic,8,8,0,0x0C,143,0xFEBE4AD8,rule[13] hw_label=22 route=2,0x7C640,0x68368,0xFEBE52DF,0xFEBE533F,0x68368,no,94,4,B0..B7 opaque,opaque,64,0,0,com_opaque,COM+0x8F/opaque-shadow,8,shares PDU update counter 0xFEBE533F,opaque PDU bytes consumed by crypto-test shadow/stability logic; no stable per-signal RAM dest,recovered,0x68368,extract=opaque_pdu_bytes; buf_off=143; evidence_window=0x25902-0x2593A; body_sha256=7dc15cabdff70299…
signal,20,14,0x1B,classic,8,8,0,0x0C,151,0xFEBE4AE0,rule[14] hw_label=23 route=2,0x7C640,0x6875E,0xFEBE52E0,0xFEBE5340,0x6875E,no,95,4,B0..B7 opaque,opaque,64,0,0,com_opaque,COM+0x97/opaque-shadow,8,shares PDU update counter 0xFEBE5340,opaque PDU bytes consumed by crypto-test shadow/stability logic; no stable per-signal RAM dest,recovered,0x6875E,extract=opaque_pdu_bytes; buf_off=151; evidence_window=0x25902-0x2593A; body_sha256=adc75189ed1737d2…
signal,20,14,0x1B,classic,8,8,0,0x0C,151,0xFEBE4AE0,rule[14] hw_label=23 route=2,0x7C640,0x6875E,0xFEBE52E0,0xFEBE5340,0x6875E,no,96,4,B0..B7 opaque,opaque,64,0,0,com_opaque,COM+0x98/opaque-shadow,8,shares PDU update counter 0xFEBE5340,opaque PDU bytes consumed by crypto-test shadow/stability logic; no stable per-signal RAM dest,recovered,0x6875E,extract=opaque_pdu_bytes; buf_off=152; evidence_window=0x25902-0x2593A; body_sha256=adc75189ed1737d2…
signal,21,15,0x1C,classic,8,8,0,0x0C,159,0xFEBE4AE8,rule[15] hw_label=24 route=2,0x7C640,0x6875E,0xFEBE52E1,0xFEBE5341,0x6875E,no,97,4,B0..B7 opaque,opaque,64,0,0,com_opaque,COM+0x9F/opaque-shadow,8,shares PDU update counter 0xFEBE5341,opaque PDU bytes consumed by crypto-test shadow/stability logic; no stable per-signal RAM dest,recovered,0x6875E,extract=opaque_pdu_bytes; buf_off=159; evidence_window=0x25902-0x2593A; body_sha256=adc75189ed1737d2…
signal,22,16,0x1D,classic,8,8,0,0x0C,167,0xFEBE4AF0,rule[16] hw_label=25 route=2,0x7C640,0x6875E,0xFEBE52E2,0xFEBE5342,0x6875E,no,98,4,B0..B7 opaque,opaque,64,0,0,com_opaque,COM+0xA7/opaque-shadow,8,shares PDU update counter 0xFEBE5342,opaque PDU bytes consumed by crypto-test shadow/stability logic; no stable per-signal RAM dest,recovered,0x6875E,extract=opaque_pdu_bytes; buf_off=167; evidence_window=0x25902-0x2593A; body_sha256=adc75189ed1737d2…
signal,23,17,0x1E,classic,8,8,0,0x0C,175,0xFEBE4AF8,rule[17] hw_label=26 route=2,0x7C640,0x6875E,0xFEBE52E3,0xFEBE5343,0x6875E,no,99,4,B0..B7 opaque,opaque,64,0,0,com_opaque,COM+0xAF/opaque-shadow,8,shares PDU update counter 0xFEBE5343,opaque PDU bytes consumed by crypto-test shadow/stability logic; no stable per-signal RAM dest,recovered,0x6875E,extract=opaque_pdu_bytes; buf_off=175; evidence_window=0x25902-0x2593A; body_sha256=adc75189ed1737d2…
signal,24,18,0x1F,classic,8,8,0,0x0C,183,0xFEBE4B00,rule[18] hw_label=27 route=2,0x7C640,0x6875E,0xFEBE52E4,0xFEBE5344,0x6875E,no,100,4,B0..B7 opaque,opaque,64,0,0,com_opaque,COM+0xB7/opaque-shadow,8,shares PDU update counter 0xFEBE5344,opaque PDU bytes consumed by crypto-test shadow/stability logic; no stable per-signal RAM dest,recovered,0x6875E,extract=opaque_pdu_bytes; buf_off=183; evidence_window=0x25902-0x2593A; body_sha256=adc75189ed1737d2…
signal,25,19,0x191,classic,8,8,15,0x0C,191,0xFEBE4B08,rule[19] hw_label=28 route=2,0x7C640,0x4A4BC,0xFEBE52E5,0xFEBE5345,0x4A4BC,no,101,0,B0[7],big,1,7,0,ram,0xFEBE7FB7,1,shares PDU update counter 0xFEBE5345,0x56FC2,recovered,0x4A4EA,extract=bitfield; buf_off=191; evidence_window=0x4A4BC-0x4A4EA; body_sha256=17bda0b34161afb6…
signal,25,19,0x191,classic,8,8,15,0x0C,191,0xFEBE4B08,rule[19] hw_label=28 route=2,0x7C640,0x4A4BC,0xFEBE52E5,0xFEBE5345,0x4A4BC,no,102,0,B3[6],big,1,6,0,ram,0xFEBE7FB8,1,shares PDU update counter 0xFEBE5345,0x56FC2,recovered,0x4A504,extract=bitfield; buf_off=194; evidence_window=0x4A4C4-0x4A504; body_sha256=17bda0b34161afb6…
signal,25,19,0x191,classic,8,8,15,0x0C,191,0xFEBE4B08,rule[19] hw_label=28 route=2,0x7C640,0x4A4BC,0xFEBE52E5,0xFEBE5345,0x4A4BC,no,103,0,B3[5:4],big,2,4,0,ram,0xFEBE7FB9,1,shares PDU update counter 0xFEBE5345,0x56FC2,recovered,0x4A51E,extract=bitfield; buf_off=194; evidence_window=0x4A4DE-0x4A51E; body_sha256=17bda0b34161afb6…
signal,25,19,0x191,classic,8,8,15,0x0C,191,0xFEBE4B08,rule[19] hw_label=28 route=2,0x7C640,0x4A4BC,0xFEBE52E5,0xFEBE5345,0x4A4BC,no,104,0,B3[0],big,1,0,0,ram,0xFEBE7FBA,1,shares PDU update counter 0xFEBE5345,0x56FC2,recovered,0x4A538,extract=bitfield; buf_off=194; evidence_window=0x4A4F8-0x4A538; body_sha256=17bda0b34161afb6…
signal,25,19,0x191,classic,8,8,15,0x0C,191,0xFEBE4B08,rule[19] hw_label=28 route=2,0x7C640,0x4A4BC,0xFEBE52E5,0xFEBE5345,0x4A4BC,no,105,0,B4,big,8,0,0,ram,0xFEBE7FBB,1,shares PDU update counter 0xFEBE5345,0x56FC2,recovered,0x4A552,extract=bitfield; buf_off=195; evidence_window=0x4A512-0x4A552; body_sha256=17bda0b34161afb6…
signal,25,19,0x191,classic,8,8,15,0x0C,191,0xFEBE4B08,rule[19] hw_label=28 route=2,0x7C640,0x4A4BC,0xFEBE52E5,0xFEBE5345,0x4A4BC,no,106,0,B5,big,8,0,0,ram,0xFEBE7FBC,1,shares PDU update counter 0xFEBE5345,0x56FC2,recovered,0x4A56C,extract=bitfield; buf_off=196; evidence_window=0x4A52C-0x4A56C; body_sha256=17bda0b34161afb6…
signal,25,19,0x191,classic,8,8,15,0x0C,191,0xFEBE4B08,rule[19] hw_label=28 route=2,0x7C640,0x4A4BC,0xFEBE52E5,0xFEBE5345,0x4A4BC,no,107,0,B6,big,8,0,1,ram,0xFEBE7FBD,1,shares PDU update counter 0xFEBE5345,configured-unresolved; bound=Ghidra READ xref of dest excluding COM unpacker cluster 0x4A200-0x4B700,recovered,0x4A588,extract=bitfield; buf_off=197; evidence_window=0x4A548-0x4A588; body_sha256=17bda0b34161afb6…
signal,25,19,0x191,classic,8,8,15,0x0C,191,0xFEBE4B08,rule[19] hw_label=28 route=2,0x7C640,0x4A4BC,0xFEBE52E5,0xFEBE5345,0x4A4BC,no,108,0,n/a (no stock COM extraction),n/a,n/a,n/a,n/a,none,none,0,shares PDU update counter 0xFEBE5345,none as configured COM signal; PDU handler extracts other signal IDs,classified-no-com-extraction,,"classification=configured_not_extracted_by_pdu_handler; basis=same PDU has recovered generated extraction calls, but this configured signal ID is absent from the complete receive-signal/group-byte API census"
signal,26,20,0x131,classic,8,8,15,0x0C,199,0xFEBE4B10,rule[20] hw_label=29 route=2,0x7C640,0x4A5A2,0xFEBE52E6,0xFEBE5346,0x4A5A2,yes,109,0,B0[3],big,1,3,0,ram,0xFEBE7FC2,1,shares PDU update counter 0xFEBE5346,0x56FC2,recovered,0x4A5D0,extract=bitfield; buf_off=199; evidence_window=0x4A5A2-0x4A5D0; body_sha256=0fbc727b3f2c90e2…
signal,26,20,0x131,classic,8,8,15,0x0C,199,0xFEBE4B10,rule[20] hw_label=29 route=2,0x7C640,0x4A5A2,0xFEBE52E6,0xFEBE5346,0x4A5A2,yes,110,0,B0[2],big,1,2,0,ram,0xFEBE7FC3,1,shares PDU update counter 0xFEBE5346,0x56FC2,recovered,0x4A5EA,extract=bitfield; buf_off=199; evidence_window=0x4A5AA-0x4A5EA; body_sha256=0fbc727b3f2c90e2…
signal,26,20,0x131,classic,8,8,15,0x0C,199,0xFEBE4B10,rule[20] hw_label=29 route=2,0x7C640,0x4A5A2,0xFEBE52E6,0xFEBE5346,0x4A5A2,yes,111,0,B0[1],big,1,1,0,ram,0xFEBE7FC4,1,shares PDU update counter 0xFEBE5346,0x56FC2,recovered,0x4A656,extract=bitfield; buf_off=199; evidence_window=0x4A616-0x4A656; body_sha256=0fbc727b3f2c90e2…
signal,26,20,0x131,classic,8,8,15,0x0C,199,0xFEBE4B10,rule[20] hw_label=29 route=2,0x7C640,0x4A5A2,0xFEBE52E6,0xFEBE5346,0x4A5A2,yes,112,0,B0[0],big,1,0,0,ram,0xFEBE7FC5,1,shares PDU update counter 0xFEBE5346,0x56FC2,recovered,0x4A604,extract=bitfield; buf_off=199; evidence_window=0x4A5C4-0x4A604; body_sha256=0fbc727b3f2c90e2…
signal,26,20,0x131,classic,8,8,15,0x0C,199,0xFEBE4B10,rule[20] hw_label=29 route=2,0x7C640,0x4A5A2,0xFEBE52E6,0xFEBE5346,0x4A5A2,yes,113,0,B1[5:0],big,6,0,0,ram,0xFEBE7FC6,1,shares PDU update counter 0xFEBE5346,0x56FC2,recovered,0x4A61E,extract=bitfield; buf_off=200; evidence_window=0x4A5DE-0x4A61E; body_sha256=0fbc727b3f2c90e2…
signal,26,20,0x131,classic,8,8,15,0x0C,199,0xFEBE4B10,rule[20] hw_label=29 route=2,0x7C640,0x4A5A2,0xFEBE52E6,0xFEBE5346,0x4A5A2,yes,114,0,B2..B3 BE16,big,16,0,1,ram,0xFEBE7FBE,2,shares PDU update counter 0xFEBE5346,0x56FC2,recovered,0x4A63C,extract=bitfield; buf_off=201; evidence_window=0x4A5FC-0x4A63C; body_sha256=0fbc727b3f2c90e2…
signal,26,20,0x131,classic,8,8,15,0x0C,199,0xFEBE4B10,rule[20] hw_label=29 route=2,0x7C640,0x4A5A2,0xFEBE52E6,0xFEBE5346,0x4A5A2,yes,115,0,B4[7:4],big,4,4,0,ram,0xFEBE7FC7,1,shares PDU update counter 0xFEBE5346,configured-unresolved; bound=Ghidra READ xref of dest excluding COM unpacker cluster 0x4A200-0x4B700,recovered,0x4A670,extract=bitfield; buf_off=203; evidence_window=0x4A630-0x4A670; body_sha256=0fbc727b3f2c90e2…
signal,26,20,0x131,classic,8,8,15,0x0C,199,0xFEBE4B10,rule[20] hw_label=29 route=2,0x7C640,0x4A5A2,0xFEBE52E6,0xFEBE5346,0x4A5A2,yes,116,0,n/a (no stock COM extraction),n/a,n/a,n/a,n/a,none,none,0,shares PDU update counter 0xFEBE5346,none as configured COM signal; PDU handler extracts other signal IDs,classified-no-com-extraction,,"classification=configured_not_extracted_by_pdu_handler; basis=same PDU has recovered generated extraction calls, but this configured signal ID is absent from the complete receive-signal/group-byte API census"
signal,27,21,0x2FD,classic,8,8,600,0x0C,207,0xFEBE4B18,rule[21] hw_label=30 route=2,0x7C640,0x4A68A,0xFEBE52E7,0xFEBE5347,0x4A68A,no,117,0,B0..B1 BE16,big,16,0,1,ram,0xFEBE7FC8,2,shares PDU update counter 0xFEBE5347,0x56FC2,recovered,0x4A6BC,extract=bitfield; buf_off=207; evidence_window=0x4A68A-0x4A6BC; body_sha256=afd3c31b63b770e6…
signal,27,21,0x2FD,classic,8,8,600,0x0C,207,0xFEBE4B18,rule[21] hw_label=30 route=2,0x7C640,0x4A68A,0xFEBE52E7,0xFEBE5347,0x4A68A,no,118,0,B2..B3 BE16,big,16,0,1,ram,0xFEBE7FCA,2,shares PDU update counter 0xFEBE5347,0x56FC2,recovered,0x4A6DA,extract=bitfield; buf_off=209; evidence_window=0x4A69A-0x4A6DA; body_sha256=afd3c31b63b770e6…
signal,27,21,0x2FD,classic,8,8,600,0x0C,207,0xFEBE4B18,rule[21] hw_label=30 route=2,0x7C640,0x4A68A,0xFEBE52E7,0xFEBE5347,0x4A68A,no,119,0,B4[7:6],big,2,6,0,ram,0xFEBE7FCC,1,shares PDU update counter 0xFEBE5347,0x56FC2,recovered,0x4A6F4,extract=bitfield; buf_off=211; evidence_window=0x4A6B4-0x4A6F4; body_sha256=afd3c31b63b770e6…
signal,27,21,0x2FD,classic,8,8,600,0x0C,207,0xFEBE4B18,rule[21] hw_label=30 route=2,0x7C640,0x4A68A,0xFEBE52E7,0xFEBE5347,0x4A68A,no,120,0,B4[5:4],big,2,4,0,ram,0xFEBE7FCD,1,shares PDU update counter 0xFEBE5347,0x56FC2,recovered,0x4A70E,extract=bitfield; buf_off=211; evidence_window=0x4A6CE-0x4A70E; body_sha256=afd3c31b63b770e6…
signal,27,21,0x2FD,classic,8,8,600,0x0C,207,0xFEBE4B18,rule[21] hw_label=30 route=2,0x7C640,0x4A68A,0xFEBE52E7,0xFEBE5347,0x4A68A,no,121,0,n/a (no stock COM extraction),n/a,n/a,n/a,n/a,none,none,0,shares PDU update counter 0xFEBE5347,none as configured COM signal; PDU handler extracts other signal IDs,classified-no-com-extraction,,"classification=configured_not_extracted_by_pdu_handler; basis=same PDU has recovered generated extraction calls, but this configured signal ID is absent from the complete receive-signal/group-byte API census"
signal,28,22,0xD0,classic,8,8,10,0x0C,215,0xFEBE4B20,rule[22] hw_label=31 route=2,0x7C640,0x4A728,0xFEBE52E8,0xFEBE5348,0x4A728,no,122,0,n/a (no stock COM extraction),n/a,n/a,n/a,n/a,none,none,0,shares PDU update counter 0xFEBE5348,none as configured COM signal; PDU handler extracts other signal IDs,classified-no-com-extraction,,"classification=configured_not_extracted_by_pdu_handler; basis=same PDU has recovered generated extraction calls, but this configured signal ID is absent from the complete receive-signal/group-byte API census"
signal,28,22,0xD0,classic,8,8,10,0x0C,215,0xFEBE4B20,rule[22] hw_label=31 route=2,0x7C640,0x4A728,0xFEBE52E8,0xFEBE5348,0x4A728,no,123,0,n/a (no stock COM extraction),n/a,n/a,n/a,n/a,none,none,0,shares PDU update counter 0xFEBE5348,none as configured COM signal; PDU handler extracts other signal IDs,classified-no-com-extraction,,"classification=configured_not_extracted_by_pdu_handler; basis=same PDU has recovered generated extraction calls, but this configured signal ID is absent from the complete receive-signal/group-byte API census"
signal,28,22,0xD0,classic,8,8,10,0x0C,215,0xFEBE4B20,rule[22] hw_label=31 route=2,0x7C640,0x4A728,0xFEBE52E8,0xFEBE5348,0x4A728,no,124,0,B2[6],big,1,6,0,ram,0xFEBE7FD1,1,shares PDU update counter 0xFEBE5348,0x56FC2,recovered,0x4A770,extract=bitfield; buf_off=217; evidence_window=0x4A730-0x4A770; body_sha256=741dca51a07502cc…
signal,28,22,0xD0,classic,8,8,10,0x0C,215,0xFEBE4B20,rule[22] hw_label=31 route=2,0x7C640,0x4A728,0xFEBE52E8,0xFEBE5348,0x4A728,no,125,0,n/a (no stock COM extraction),n/a,n/a,n/a,n/a,none,none,0,shares PDU update counter 0xFEBE5348,none as configured COM signal; PDU handler extracts other signal IDs,classified-no-com-extraction,,"classification=configured_not_extracted_by_pdu_handler; basis=same PDU has recovered generated extraction calls, but this configured signal ID is absent from the complete receive-signal/group-byte API census"
signal,28,22,0xD0,classic,8,8,10,0x0C,215,0xFEBE4B20,rule[22] hw_label=31 route=2,0x7C640,0x4A728,0xFEBE52E8,0xFEBE5348,0x4A728,no,126,0,n/a (no stock COM extraction),n/a,n/a,n/a,n/a,none,none,0,shares PDU update counter 0xFEBE5348,none as configured COM signal; PDU handler extracts other signal IDs,classified-no-com-extraction,,"classification=configured_not_extracted_by_pdu_handler; basis=same PDU has recovered generated extraction calls, but this configured signal ID is absent from the complete receive-signal/group-byte API census"
signal,28,22,0xD0,classic,8,8,10,0x0C,215,0xFEBE4B20,rule[22] hw_label=31 route=2,0x7C640,0x4A728,0xFEBE52E8,0xFEBE5348,0x4A728,no,127,0,n/a (no stock COM extraction),n/a,n/a,n/a,n/a,none,none,0,shares PDU update counter 0xFEBE5348,none as configured COM signal; PDU handler extracts other signal IDs,classified-no-com-extraction,,"classification=configured_not_extracted_by_pdu_handler; basis=same PDU has recovered generated extraction calls, but this configured signal ID is absent from the complete receive-signal/group-byte API census"
signal,28,22,0xD0,classic,8,8,10,0x0C,215,0xFEBE4B20,rule[22] hw_label=31 route=2,0x7C640,0x4A728,0xFEBE52E8,0xFEBE5348,0x4A728,no,128,0,B2[2:0],big,3,0,0,ram,0xFEBE7FD0,1,shares PDU update counter 0xFEBE5348,0x52D3C,recovered,0x4A756,extract=bitfield; buf_off=217; evidence_window=0x4A728-0x4A756; body_sha256=741dca51a07502cc…
signal,28,22,0xD0,classic,8,8,10,0x0C,215,0xFEBE4B20,rule[22] hw_label=31 route=2,0x7C640,0x4A728,0xFEBE52E8,0xFEBE5348,0x4A728,no,129,0,n/a (no stock COM extraction),n/a,n/a,n/a,n/a,none,none,0,shares PDU update counter 0xFEBE5348,none as configured COM signal; PDU handler extracts other signal IDs,classified-no-com-extraction,,"classification=configured_not_extracted_by_pdu_handler; basis=same PDU has recovered generated extraction calls, but this configured signal ID is absent from the complete receive-signal/group-byte API census"
signal,28,22,0xD0,classic,8,8,10,0x0C,215,0xFEBE4B20,rule[22] hw_label=31 route=2,0x7C640,0x4A728,0xFEBE52E8,0xFEBE5348,0x4A728,no,130,0,n/a (no stock COM extraction),n/a,n/a,n/a,n/a,none,none,0,shares PDU update counter 0xFEBE5348,none as configured COM signal; PDU handler extracts other signal IDs,classified-no-com-extraction,,"classification=configured_not_extracted_by_pdu_handler; basis=same PDU has recovered generated extraction calls, but this configured signal ID is absent from the complete receive-signal/group-byte API census"
signal,28,22,0xD0,classic,8,8,10,0x0C,215,0xFEBE4B20,rule[22] hw_label=31 route=2,0x7C640,0x4A728,0xFEBE52E8,0xFEBE5348,0x4A728,no,131,0,n/a (no stock COM extraction),n/a,n/a,n/a,n/a,none,none,0,shares PDU update counter 0xFEBE5348,none as configured COM signal; PDU handler extracts other signal IDs,classified-no-com-extraction,,"classification=configured_not_extracted_by_pdu_handler; basis=same PDU has recovered generated extraction calls, but this configured signal ID is absent from the complete receive-signal/group-byte API census"
signal,28,22,0xD0,classic,8,8,10,0x0C,215,0xFEBE4B20,rule[22] hw_label=31 route=2,0x7C640,0x4A728,0xFEBE52E8,0xFEBE5348,0x4A728,no,132,0,n/a (no stock COM extraction),n/a,n/a,n/a,n/a,none,none,0,shares PDU update counter 0xFEBE5348,none as configured COM signal; PDU handler extracts other signal IDs,classified-no-com-extraction,,"classification=configured_not_extracted_by_pdu_handler; basis=same PDU has recovered generated extraction calls, but this configured signal ID is absent from the complete receive-signal/group-byte API census"
signal,29,23,0x3BF,classic,8,8,600,0x0C,223,0xFEBE4B28,rule[23] hw_label=32 route=2,0x7C640,0x4A78A,0xFEBE52E9,0xFEBE5349,0x4A78A,no,133,3,n/a (no stock COM extraction),n/a,n/a,n/a,n/a,none,none,0,shares PDU update counter 0xFEBE5349,none as configured COM signal; PDU handler extracts other signal IDs,classified-no-com-extraction,,"classification=configured_not_extracted_by_pdu_handler; basis=same PDU has recovered generated extraction calls, but this configured signal ID is absent from the complete receive-signal/group-byte API census"
signal,29,23,0x3BF,classic,8,8,600,0x0C,223,0xFEBE4B28,rule[23] hw_label=32 route=2,0x7C640,0x4A78A,0xFEBE52E9,0xFEBE5349,0x4A78A,no,134,3,n/a (no stock COM extraction),n/a,n/a,n/a,n/a,none,none,0,shares PDU update counter 0xFEBE5349,none as configured COM signal; PDU handler extracts other signal IDs,classified-no-com-extraction,,"classification=configured_not_extracted_by_pdu_handler; basis=same PDU has recovered generated extraction calls, but this configured signal ID is absent from the complete receive-signal/group-byte API census"
signal,29,23,0x3BF,classic,8,8,600,0x0C,223,0xFEBE4B28,rule[23] hw_label=32 route=2,0x7C640,0x4A78A,0xFEBE52E9,0xFEBE5349,0x4A78A,no,135,3,n/a (no stock COM extraction),n/a,n/a,n/a,n/a,none,none,0,shares PDU update counter 0xFEBE5349,none as configured COM signal; PDU handler extracts other signal IDs,classified-no-com-extraction,,"classification=configured_not_extracted_by_pdu_handler; basis=same PDU has recovered generated extraction calls, but this configured signal ID is absent from the complete receive-signal/group-byte API census"
signal,29,23,0x3BF,classic,8,8,600,0x0C,223,0xFEBE4B28,rule[23] hw_label=32 route=2,0x7C640,0x4A78A,0xFEBE52E9,0xFEBE5349,0x4A78A,no,136,3,B0[4],big,1,4,0,ram,0xFEBE7FD7,1,shares PDU update counter 0xFEBE5349,0x56FC2,recovered,0x4A7D2,extract=bitfield; buf_off=223; evidence_window=0x4A792-0x4A7D2; body_sha256=9f4687951983991a…
signal,29,23,0x3BF,classic,8,8,600,0x0C,223,0xFEBE4B28,rule[23] hw_label=32 route=2,0x7C640,0x4A78A,0xFEBE52E9,0xFEBE5349,0x4A78A,no,137,3,n/a (no stock COM extraction),n/a,n/a,n/a,n/a,none,none,0,shares PDU update counter 0xFEBE5349,none as configured COM signal; PDU handler extracts other signal IDs,classified-no-com-extraction,,"classification=configured_not_extracted_by_pdu_handler; basis=same PDU has recovered generated extraction calls, but this configured signal ID is absent from the complete receive-signal/group-byte API census"
signal,29,23,0x3BF,classic,8,8,600,0x0C,223,0xFEBE4B28,rule[23] hw_label=32 route=2,0x7C640,0x4A78A,0xFEBE52E9,0xFEBE5349,0x4A78A,no,138,3,n/a (no stock COM extraction),n/a,n/a,n/a,n/a,none,none,0,shares PDU update counter 0xFEBE5349,none as configured COM signal; PDU handler extracts other signal IDs,classified-no-com-extraction,,"classification=configured_not_extracted_by_pdu_handler; basis=same PDU has recovered generated extraction calls, but this configured signal ID is absent from the complete receive-signal/group-byte API census"
signal,29,23,0x3BF,classic,8,8,600,0x0C,223,0xFEBE4B28,rule[23] hw_label=32 route=2,0x7C640,0x4A78A,0xFEBE52E9,0xFEBE5349,0x4A78A,no,139,3,n/a (no stock COM extraction),n/a,n/a,n/a,n/a,none,none,0,shares PDU update counter 0xFEBE5349,none as configured COM signal; PDU handler extracts other signal IDs,classified-no-com-extraction,,"classification=configured_not_extracted_by_pdu_handler; basis=same PDU has recovered generated extraction calls, but this configured signal ID is absent from the complete receive-signal/group-byte API census"
signal,29,23,0x3BF,classic,8,8,600,0x0C,223,0xFEBE4B28,rule[23] hw_label=32 route=2,0x7C640,0x4A78A,0xFEBE52E9,0xFEBE5349,0x4A78A,no,140,3,n/a (no stock COM extraction),n/a,n/a,n/a,n/a,none,none,0,shares PDU update counter 0xFEBE5349,none as configured COM signal; PDU handler extracts other signal IDs,classified-no-com-extraction,,"classification=configured_not_extracted_by_pdu_handler; basis=same PDU has recovered generated extraction calls, but this configured signal ID is absent from the complete receive-signal/group-byte API census"
signal,29,23,0x3BF,classic,8,8,600,0x0C,223,0xFEBE4B28,rule[23] hw_label=32 route=2,0x7C640,0x4A78A,0xFEBE52E9,0xFEBE5349,0x4A78A,no,141,3,B2[0],big,1,0,0,ram,0xFEBE7FD6,1,shares PDU update counter 0xFEBE5349,0x492CA,recovered,0x4A7B8,extract=bitfield; buf_off=225; evidence_window=0x4A78A-0x4A7B8; body_sha256=9f4687951983991a…
signal,29,23,0x3BF,classic,8,8,600,0x0C,223,0xFEBE4B28,rule[23] hw_label=32 route=2,0x7C640,0x4A78A,0xFEBE52E9,0xFEBE5349,0x4A78A,no,142,0,n/a (no stock COM extraction),n/a,n/a,n/a,n/a,none,none,0,shares PDU update counter 0xFEBE5349,none as configured COM signal; PDU handler extracts other signal IDs,classified-no-com-extraction,,"classification=configured_not_extracted_by_pdu_handler; basis=same PDU has recovered generated extraction calls, but this configured signal ID is absent from the complete receive-signal/group-byte API census"
signal,29,23,0x3BF,classic,8,8,600,0x0C,223,0xFEBE4B28,rule[23] hw_label=32 route=2,0x7C640,0x4A78A,0xFEBE52E9,0xFEBE5349,0x4A78A,no,143,0,n/a (no stock COM extraction),n/a,n/a,n/a,n/a,none,none,0,shares PDU update counter 0xFEBE5349,none as configured COM signal; PDU handler extracts other signal IDs,classified-no-com-extraction,,"classification=configured_not_extracted_by_pdu_handler; basis=same PDU has recovered generated extraction calls, but this configured signal ID is absent from the complete receive-signal/group-byte API census"
signal,30,24,0x127,classic,8,8,10,0x0C,231,0xFEBE4B30,rule[24] hw_label=33 route=2,0x7C640,0x4A7EC,0xFEBE52EA,0xFEBE534A,0x4A7EC,no,144,0,B0[7:2],big,6,2,0,ram,0xFEBE7FDC,1,shares PDU update counter 0xFEBE534A,configured-unresolved; bound=Ghidra READ xref of dest excluding COM unpacker cluster 0x4A200-0x4B700,recovered,0x4A836,extract=bitfield; buf_off=231; evidence_window=0x4A7F6-0x4A836; body_sha256=17d89bb4d3b714c2…
signal,30,24,0x127,classic,8,8,10,0x0C,231,0xFEBE4B30,rule[24] hw_label=33 route=2,0x7C640,0x4A7EC,0xFEBE52EA,0xFEBE534A,0x4A7EC,no,145,0,n/a (no stock COM extraction),n/a,n/a,n/a,n/a,none,none,0,shares PDU update counter 0xFEBE534A,none as configured COM signal; PDU handler extracts other signal IDs,classified-no-com-extraction,,"classification=configured_not_extracted_by_pdu_handler; basis=same PDU has recovered generated extraction calls, but this configured signal ID is absent from the complete receive-signal/group-byte API census"
signal,30,24,0x127,classic,8,8,10,0x0C,231,0xFEBE4B30,rule[24] hw_label=33 route=2,0x7C640,0x4A7EC,0xFEBE52EA,0xFEBE534A,0x4A7EC,no,146,0,B1[3],big,1,3,0,ram,0xFEBE7FDD,1,shares PDU update counter 0xFEBE534A,0x56FC2,recovered,0x4A850,extract=bitfield; buf_off=232; evidence_window=0x4A810-0x4A850; body_sha256=17d89bb4d3b714c2…
signal,30,24,0x127,classic,8,8,10,0x0C,231,0xFEBE4B30,rule[24] hw_label=33 route=2,0x7C640,0x4A7EC,0xFEBE52EA,0xFEBE534A,0x4A7EC,no,147,0,n/a (no stock COM extraction),n/a,n/a,n/a,n/a,none,none,0,shares PDU update counter 0xFEBE534A,none as configured COM signal; PDU handler extracts other signal IDs,classified-no-com-extraction,,"classification=configured_not_extracted_by_pdu_handler; basis=same PDU has recovered generated extraction calls, but this configured signal ID is absent from the complete receive-signal/group-byte API census"
signal,30,24,0x127,classic,8,8,10,0x0C,231,0xFEBE4B30,rule[24] hw_label=33 route=2,0x7C640,0x4A7EC,0xFEBE52EA,0xFEBE534A,0x4A7EC,no,148,0,n/a (no stock COM extraction),n/a,n/a,n/a,n/a,none,none,0,shares PDU update counter 0xFEBE534A,none as configured COM signal; PDU handler extracts other signal IDs,classified-no-com-extraction,,"classification=configured_not_extracted_by_pdu_handler; basis=same PDU has recovered generated extraction calls, but this configured signal ID is absent from the complete receive-signal/group-byte API census"
signal,30,24,0x127,classic,8,8,10,0x0C,231,0xFEBE4B30,rule[24] hw_label=33 route=2,0x7C640,0x4A7EC,0xFEBE52EA,0xFEBE534A,0x4A7EC,no,149,0,n/a (no stock COM extraction),n/a,n/a,n/a,n/a,none,none,0,shares PDU update counter 0xFEBE534A,none as configured COM signal; PDU handler extracts other signal IDs,classified-no-com-extraction,,"classification=configured_not_extracted_by_pdu_handler; basis=same PDU has recovered generated extraction calls, but this configured signal ID is absent from the complete receive-signal/group-byte API census"
signal,30,24,0x127,classic,8,8,10,0x0C,231,0xFEBE4B30,rule[24] hw_label=33 route=2,0x7C640,0x4A7EC,0xFEBE52EA,0xFEBE534A,0x4A7EC,no,150,0,B3/start0/len11,big,11,0,1,ram,0xFEBE7FD8,2,shares PDU update counter 0xFEBE534A,0x56FC2,recovered,0x4A81C,extract=bitfield; buf_off=234; evidence_window=0x4A7EC-0x4A81C; body_sha256=17d89bb4d3b714c2…
signal,30,24,0x127,classic,8,8,10,0x0C,231,0xFEBE4B30,rule[24] hw_label=33 route=2,0x7C640,0x4A7EC,0xFEBE52EA,0xFEBE534A,0x4A7EC,no,151,0,n/a (no stock COM extraction),n/a,n/a,n/a,n/a,none,none,0,shares PDU update counter 0xFEBE534A,none as configured COM signal; PDU handler extracts other signal IDs,classified-no-com-extraction,,"classification=configured_not_extracted_by_pdu_handler; basis=same PDU has recovered generated extraction calls, but this configured signal ID is absent from the complete receive-signal/group-byte API census"
signal,30,24,0x127,classic,8,8,10,0x0C,231,0xFEBE4B30,rule[24] hw_label=33 route=2,0x7C640,0x4A7EC,0xFEBE52EA,0xFEBE534A,0x4A7EC,no,152,0,n/a (no stock COM extraction),n/a,n/a,n/a,n/a,none,none,0,shares PDU update counter 0xFEBE534A,none as configured COM signal; PDU handler extracts other signal IDs,classified-no-com-extraction,,"classification=configured_not_extracted_by_pdu_handler; basis=same PDU has recovered generated extraction calls, but this configured signal ID is absent from the complete receive-signal/group-byte API census"
signal,30,24,0x127,classic,8,8,10,0x0C,231,0xFEBE4B30,rule[24] hw_label=33 route=2,0x7C640,0x4A7EC,0xFEBE52EA,0xFEBE534A,0x4A7EC,no,153,0,n/a (no stock COM extraction),n/a,n/a,n/a,n/a,none,none,0,shares PDU update counter 0xFEBE534A,none as configured COM signal; PDU handler extracts other signal IDs,classified-no-com-extraction,,"classification=configured_not_extracted_by_pdu_handler; basis=same PDU has recovered generated extraction calls, but this configured signal ID is absent from the complete receive-signal/group-byte API census"
signal,31,25,0x115,classic,8,8,15,0x0C,239,0xFEBE4B38,rule[25] hw_label=34 route=2,0x7C640,0x4A86A,0xFEBE52EB,0xFEBE534B,0x4A86A,no,154,0,B0..B1 BE16,big,16,0,1,ram,0xFEBE7FDE,2,shares PDU update counter 0xFEBE534B,0x56FC2,recovered,0x4A89C,extract=bitfield; buf_off=239; evidence_window=0x4A86A-0x4A89C; body_sha256=f92f69fe409659d7…
signal,31,25,0x115,classic,8,8,15,0x0C,239,0xFEBE4B38,rule[25] hw_label=34 route=2,0x7C640,0x4A86A,0xFEBE52EB,0xFEBE534B,0x4A86A,no,155,0,n/a (no stock COM extraction),n/a,n/a,n/a,n/a,none,none,0,shares PDU update counter 0xFEBE534B,none as configured COM signal; PDU handler extracts other signal IDs,classified-no-com-extraction,,"classification=configured_not_extracted_by_pdu_handler; basis=same PDU has recovered generated extraction calls, but this configured signal ID is absent from the complete receive-signal/group-byte API census"
signal,31,25,0x115,classic,8,8,15,0x0C,239,0xFEBE4B38,rule[25] hw_label=34 route=2,0x7C640,0x4A86A,0xFEBE52EB,0xFEBE534B,0x4A86A,no,156,0,n/a (no stock COM extraction),n/a,n/a,n/a,n/a,none,none,0,shares PDU update counter 0xFEBE534B,none as configured COM signal; PDU handler extracts other signal IDs,classified-no-com-extraction,,"classification=configured_not_extracted_by_pdu_handler; basis=same PDU has recovered generated extraction calls, but this configured signal ID is absent from the complete receive-signal/group-byte API census"
signal,31,25,0x115,classic,8,8,15,0x0C,239,0xFEBE4B38,rule[25] hw_label=34 route=2,0x7C640,0x4A86A,0xFEBE52EB,0xFEBE534B,0x4A86A,no,157,0,n/a (no stock COM extraction),n/a,n/a,n/a,n/a,none,none,0,shares PDU update counter 0xFEBE534B,none as configured COM signal; PDU handler extracts other signal IDs,classified-no-com-extraction,,"classification=configured_not_extracted_by_pdu_handler; basis=same PDU has recovered generated extraction calls, but this configured signal ID is absent from the complete receive-signal/group-byte API census"
signal,31,25,0x115,classic,8,8,15,0x0C,239,0xFEBE4B38,rule[25] hw_label=34 route=2,0x7C640,0x4A86A,0xFEBE52EB,0xFEBE534B,0x4A86A,no,158,0,n/a (no stock COM extraction),n/a,n/a,n/a,n/a,none,none,0,shares PDU update counter 0xFEBE534B,none as configured COM signal; PDU handler extracts other signal IDs,classified-no-com-extraction,,"classification=configured_not_extracted_by_pdu_handler; basis=same PDU has recovered generated extraction calls, but this configured signal ID is absent from the complete receive-signal/group-byte API census"
signal,31,25,0x115,classic,8,8,15,0x0C,239,0xFEBE4B38,rule[25] hw_label=34 route=2,0x7C640,0x4A86A,0xFEBE52EB,0xFEBE534B,0x4A86A,no,159,0,B3[1],big,1,1,0,ram,0xFEBE7FE0,1,shares PDU update counter 0xFEBE534B,0x492CA,recovered,0x4A8B6,extract=bitfield; buf_off=242; evidence_window=0x4A876-0x4A8B6; body_sha256=f92f69fe409659d7…
signal,31,25,0x115,classic,8,8,15,0x0C,239,0xFEBE4B38,rule[25] hw_label=34 route=2,0x7C640,0x4A86A,0xFEBE52EB,0xFEBE534B,0x4A86A,no,160,0,n/a (no stock COM extraction),n/a,n/a,n/a,n/a,none,none,0,shares PDU update counter 0xFEBE534B,none as configured COM signal; PDU handler extracts other signal IDs,classified-no-com-extraction,,"classification=configured_not_extracted_by_pdu_handler; basis=same PDU has recovered generated extraction calls, but this configured signal ID is absent from the complete receive-signal/group-byte API census"
signal,31,25,0x115,classic,8,8,15,0x0C,239,0xFEBE4B38,rule[25] hw_label=34 route=2,0x7C640,0x4A86A,0xFEBE52EB,0xFEBE534B,0x4A86A,no,161,0,n/a (no stock COM extraction),n/a,n/a,n/a,n/a,none,none,0,shares PDU update counter 0xFEBE534B,none as configured COM signal; PDU handler extracts other signal IDs,classified-no-com-extraction,,"classification=configured_not_extracted_by_pdu_handler; basis=same PDU has recovered generated extraction calls, but this configured signal ID is absent from the complete receive-signal/group-byte API census"
signal,32,26,0x1C5,classic,8,8,20,0x0C,247,0xFEBE4B40,rule[26] hw_label=35 route=2,0x7C640,0x4A8D0,0xFEBE52EC,0xFEBE534C,0x4A8D0,no,162,0,n/a (no stock COM extraction),n/a,n/a,n/a,n/a,none,none,0,shares PDU update counter 0xFEBE534C,none as configured COM signal; PDU handler extracts other signal IDs,classified-no-com-extraction,,"classification=configured_not_extracted_by_pdu_handler; basis=same PDU has recovered generated extraction calls, but this configured signal ID is absent from the complete receive-signal/group-byte API census"
signal,32,26,0x1C5,classic,8,8,20,0x0C,247,0xFEBE4B40,rule[26] hw_label=35 route=2,0x7C640,0x4A8D0,0xFEBE52EC,0xFEBE534C,0x4A8D0,no,163,0,B2..B3 BE16,big,16,0,1,ram,0xFEBE7FE4,2,shares PDU update counter 0xFEBE534C,0x56FC2,recovered,0x4A902,extract=bitfield; buf_off=249; evidence_window=0x4A8D0-0x4A902; body_sha256=ab8156cce13c4fc5…
signal,32,26,0x1C5,classic,8,8,20,0x0C,247,0xFEBE4B40,rule[26] hw_label=35 route=2,0x7C640,0x4A8D0,0xFEBE52EC,0xFEBE534C,0x4A8D0,no,164,0,n/a (no stock COM extraction),n/a,n/a,n/a,n/a,none,none,0,shares PDU update counter 0xFEBE534C,none as configured COM signal; PDU handler extracts other signal IDs,classified-no-com-extraction,,"classification=configured_not_extracted_by_pdu_handler; basis=same PDU has recovered generated extraction calls, but this configured signal ID is absent from the complete receive-signal/group-byte API census"
signal,32,26,0x1C5,classic,8,8,20,0x0C,247,0xFEBE4B40,rule[26] hw_label=35 route=2,0x7C640,0x4A8D0,0xFEBE52EC,0xFEBE534C,0x4A8D0,no,165,0,n/a (no stock COM extraction),n/a,n/a,n/a,n/a,none,none,0,shares PDU update counter 0xFEBE534C,none as configured COM signal; PDU handler extracts other signal IDs,classified-no-com-extraction,,"classification=configured_not_extracted_by_pdu_handler; basis=same PDU has recovered generated extraction calls, but this configured signal ID is absent from the complete receive-signal/group-byte API census"
signal,33,27,0x294,classic,8,8,150,0x0C,255,0xFEBE4B48,rule[27] hw_label=36 route=2,0x7C640,0x4A91C,0xFEBE52ED,0xFEBE534D,0x4A91C,no,166,0,B0[7:4],big,4,4,0,ram,0xFEBE7FE8,1,shares PDU update counter 0xFEBE534D,0x56FC2,recovered,0x4A94E,extract=bitfield; buf_off=255; evidence_window=0x4A91C-0x4A94E; body_sha256=9213e4b9bb952e80…
signal,33,27,0x294,classic,8,8,150,0x0C,255,0xFEBE4B48,rule[27] hw_label=36 route=2,0x7C640,0x4A91C,0xFEBE52ED,0xFEBE534D,0x4A91C,no,167,0,B0[3:0],big,4,0,0,ram,0xFEBE7FE9,1,shares PDU update counter 0xFEBE534D,0x56FC2,recovered,0x4A968,extract=bitfield; buf_off=255; evidence_window=0x4A928-0x4A968; body_sha256=9213e4b9bb952e80…
signal,33,27,0x294,classic,8,8,150,0x0C,255,0xFEBE4B48,rule[27] hw_label=36 route=2,0x7C640,0x4A91C,0xFEBE52ED,0xFEBE534D,0x4A91C,no,168,0,B1[7:4],big,4,4,0,ram,0xFEBE7FEA,1,shares PDU update counter 0xFEBE534D,0x56FC2,recovered,0x4A982,extract=bitfield; buf_off=256; evidence_window=0x4A942-0x4A982; body_sha256=9213e4b9bb952e80…
signal,33,27,0x294,classic,8,8,150,0x0C,255,0xFEBE4B48,rule[27] hw_label=36 route=2,0x7C640,0x4A91C,0xFEBE52ED,0xFEBE534D,0x4A91C,no,169,0,B1[3],big,1,3,0,ram,0xFEBE7FEB,1,shares PDU update counter 0xFEBE534D,0x56FC2,recovered,0x4A99C,extract=bitfield; buf_off=256; evidence_window=0x4A95C-0x4A99C; body_sha256=9213e4b9bb952e80…
signal,33,27,0x294,classic,8,8,150,0x0C,255,0xFEBE4B48,rule[27] hw_label=36 route=2,0x7C640,0x4A91C,0xFEBE52ED,0xFEBE534D,0x4A91C,no,170,0,B1[2:1],big,2,1,0,ram,0xFEBE7FEF,1,shares PDU update counter 0xFEBE534D,0x56FC2,recovered,0x4AA04,extract=bitfield; buf_off=256; evidence_window=0x4A9C4-0x4AA04; body_sha256=9213e4b9bb952e80…
signal,33,27,0x294,classic,8,8,150,0x0C,255,0xFEBE4B48,rule[27] hw_label=36 route=2,0x7C640,0x4A91C,0xFEBE52ED,0xFEBE534D,0x4A91C,no,171,0,n/a (no stock COM extraction),n/a,n/a,n/a,n/a,none,none,0,shares PDU update counter 0xFEBE534D,none as configured COM signal; PDU handler extracts other signal IDs,classified-no-com-extraction,,"classification=configured_not_extracted_by_pdu_handler; basis=same PDU has recovered generated extraction calls, but this configured signal ID is absent from the complete receive-signal/group-byte API census"
signal,33,27,0x294,classic,8,8,150,0x0C,255,0xFEBE4B48,rule[27] hw_label=36 route=2,0x7C640,0x4A91C,0xFEBE52ED,0xFEBE534D,0x4A91C,no,172,0,B2[7:4],big,4,4,0,ram,0xFEBE7FED,1,shares PDU update counter 0xFEBE534D,0x56FC2,recovered,0x4A9D0,extract=bitfield; buf_off=257; evidence_window=0x4A990-0x4A9D0; body_sha256=9213e4b9bb952e80…
signal,33,27,0x294,classic,8,8,150,0x0C,255,0xFEBE4B48,rule[27] hw_label=36 route=2,0x7C640,0x4A91C,0xFEBE52ED,0xFEBE534D,0x4A91C,no,173,0,B2[3:0],big,4,0,0,ram,0xFEBE7FEE,1,shares PDU update counter 0xFEBE534D,configured-unresolved; bound=Ghidra READ xref of dest excluding COM unpacker cluster 0x4A200-0x4B700,recovered,0x4A9EA,extract=bitfield; buf_off=257; evidence_window=0x4A9AA-0x4A9EA; body_sha256=9213e4b9bb952e80…
signal,33,27,0x294,classic,8,8,150,0x0C,255,0xFEBE4B48,rule[27] hw_label=36 route=2,0x7C640,0x4A91C,0xFEBE52ED,0xFEBE534D,0x4A91C,no,174,0,n/a (no stock COM extraction),n/a,n/a,n/a,n/a,none,none,0,shares PDU update counter 0xFEBE534D,none as configured COM signal; PDU handler extracts other signal IDs,classified-no-com-extraction,,"classification=configured_not_extracted_by_pdu_handler; basis=same PDU has recovered generated extraction calls, but this configured signal ID is absent from the complete receive-signal/group-byte API census"
signal,33,27,0x294,classic,8,8,150,0x0C,255,0xFEBE4B48,rule[27] hw_label=36 route=2,0x7C640,0x4A91C,0xFEBE52ED,0xFEBE534D,0x4A91C,no,175,0,B3[3:0],big,4,0,0,ram,0xFEBE7FF0,1,shares PDU update counter 0xFEBE534D,0x56FC2,recovered,0x4AA1E,extract=bitfield; buf_off=258; evidence_window=0x4A9DE-0x4AA1E; body_sha256=9213e4b9bb952e80…
signal,33,27,0x294,classic,8,8,150,0x0C,255,0xFEBE4B48,rule[27] hw_label=36 route=2,0x7C640,0x4A91C,0xFEBE52ED,0xFEBE534D,0x4A91C,no,176,0,B4[7:4],big,4,4,0,ram,0xFEBE7FEC,1,shares PDU update counter 0xFEBE534D,0x47022,recovered,0x4A9B6,extract=bitfield; buf_off=259; evidence_window=0x4A976-0x4A9B6; body_sha256=9213e4b9bb952e80…
signal,33,27,0x294,classic,8,8,150,0x0C,255,0xFEBE4B48,rule[27] hw_label=36 route=2,0x7C640,0x4A91C,0xFEBE52ED,0xFEBE534D,0x4A91C,no,177,0,B4[3:0],big,4,0,0,ram,0xFEBE7FF1,1,shares PDU update counter 0xFEBE534D,configured-unresolved; bound=Ghidra READ xref of dest excluding COM unpacker cluster 0x4A200-0x4B700,recovered,0x4AA38,extract=bitfield; buf_off=259; evidence_window=0x4A9F8-0x4AA38; body_sha256=9213e4b9bb952e80…
signal,33,27,0x294,classic,8,8,150,0x0C,255,0xFEBE4B48,rule[27] hw_label=36 route=2,0x7C640,0x4A91C,0xFEBE52ED,0xFEBE534D,0x4A91C,no,178,0,n/a (no stock COM extraction),n/a,n/a,n/a,n/a,none,none,0,shares PDU update counter 0xFEBE534D,none as configured COM signal; PDU handler extracts other signal IDs,classified-no-com-extraction,,"classification=configured_not_extracted_by_pdu_handler; basis=same PDU has recovered generated extraction calls, but this configured signal ID is absent from the complete receive-signal/group-byte API census"
signal,33,27,0x294,classic,8,8,150,0x0C,255,0xFEBE4B48,rule[27] hw_label=36 route=2,0x7C640,0x4A91C,0xFEBE52ED,0xFEBE534D,0x4A91C,no,179,0,n/a (no stock COM extraction),n/a,n/a,n/a,n/a,none,none,0,shares PDU update counter 0xFEBE534D,none as configured COM signal; PDU handler extracts other signal IDs,classified-no-com-extraction,,"classification=configured_not_extracted_by_pdu_handler; basis=same PDU has recovered generated extraction calls, but this configured signal ID is absent from the complete receive-signal/group-byte API census"
signal,34,28,0x51E,classic,8,8,600,0x0C,263,0xFEBE4B50,rule[28] hw_label=37 route=2,0x7C640,0x4AA52,0xFEBE52EE,0xFEBE534E,0x4AA52,no,180,3,B0[7],big,1,7,0,ram,0xFEBE7FF7,1,shares PDU update counter 0xFEBE534E,0x56FC2,recovered,0x4AA80,extract=bitfield; buf_off=263; evidence_window=0x4AA52-0x4AA80; body_sha256=e4d1a1ad12e5d682…
signal,34,28,0x51E,classic,8,8,600,0x0C,263,0xFEBE4B50,rule[28] hw_label=37 route=2,0x7C640,0x4AA52,0xFEBE52EE,0xFEBE534E,0x4AA52,no,181,3,n/a (no stock COM extraction),n/a,n/a,n/a,n/a,none,none,0,shares PDU update counter 0xFEBE534E,none as configured COM signal; PDU handler extracts other signal IDs,classified-no-com-extraction,,"classification=configured_not_extracted_by_pdu_handler; basis=same PDU has recovered generated extraction calls, but this configured signal ID is absent from the complete receive-signal/group-byte API census"
signal,34,28,0x51E,classic,8,8,600,0x0C,263,0xFEBE4B50,rule[28] hw_label=37 route=2,0x7C640,0x4AA52,0xFEBE52EE,0xFEBE534E,0x4AA52,no,182,3,n/a (no stock COM extraction),n/a,n/a,n/a,n/a,none,none,0,shares PDU update counter 0xFEBE534E,none as configured COM signal; PDU handler extracts other signal IDs,classified-no-com-extraction,,"classification=configured_not_extracted_by_pdu_handler; basis=same PDU has recovered generated extraction calls, but this configured signal ID is absent from the complete receive-signal/group-byte API census"
signal,34,28,0x51E,classic,8,8,600,0x0C,263,0xFEBE4B50,rule[28] hw_label=37 route=2,0x7C640,0x4AA52,0xFEBE52EE,0xFEBE534E,0x4AA52,no,183,3,B0[3:0],big,4,0,0,ram,0xFEBE7FF6,1,shares PDU update counter 0xFEBE534E,0x56FC2,recovered,0x4AA9A,extract=bitfield; buf_off=263; evidence_window=0x4AA5A-0x4AA9A; body_sha256=e4d1a1ad12e5d682…
signal,34,28,0x51E,classic,8,8,600,0x0C,263,0xFEBE4B50,rule[28] hw_label=37 route=2,0x7C640,0x4AA52,0xFEBE52EE,0xFEBE534E,0x4AA52,no,184,3,n/a (no stock COM extraction),n/a,n/a,n/a,n/a,none,none,0,shares PDU update counter 0xFEBE534E,none as configured COM signal; PDU handler extracts other signal IDs,classified-no-com-extraction,,"classification=configured_not_extracted_by_pdu_handler; basis=same PDU has recovered generated extraction calls, but this configured signal ID is absent from the complete receive-signal/group-byte API census"
signal,34,28,0x51E,classic,8,8,600,0x0C,263,0xFEBE4B50,rule[28] hw_label=37 route=2,0x7C640,0x4AA52,0xFEBE52EE,0xFEBE534E,0x4AA52,no,185,3,n/a (no stock COM extraction),n/a,n/a,n/a,n/a,none,none,0,shares PDU update counter 0xFEBE534E,none as configured COM signal; PDU handler extracts other signal IDs,classified-no-com-extraction,,"classification=configured_not_extracted_by_pdu_handler; basis=same PDU has recovered generated extraction calls, but this configured signal ID is absent from the complete receive-signal/group-byte API census"
signal,34,28,0x51E,classic,8,8,600,0x0C,263,0xFEBE4B50,rule[28] hw_label=37 route=2,0x7C640,0x4AA52,0xFEBE52EE,0xFEBE534E,0x4AA52,no,186,3,n/a (no stock COM extraction),n/a,n/a,n/a,n/a,none,none,0,shares PDU update counter 0xFEBE534E,none as configured COM signal; PDU handler extracts other signal IDs,classified-no-com-extraction,,"classification=configured_not_extracted_by_pdu_handler; basis=same PDU has recovered generated extraction calls, but this configured signal ID is absent from the complete receive-signal/group-byte API census"
signal,34,28,0x51E,classic,8,8,600,0x0C,263,0xFEBE4B50,rule[28] hw_label=37 route=2,0x7C640,0x4AA52,0xFEBE52EE,0xFEBE534E,0x4AA52,no,187,3,B1[3:0],big,4,0,0,ram,0xFEBE7FF9,1,shares PDU update counter 0xFEBE534E,0x56FC2,recovered,0x4AACE,extract=bitfield; buf_off=264; evidence_window=0x4AA8E-0x4AACE; body_sha256=e4d1a1ad12e5d682…
signal,34,28,0x51E,classic,8,8,600,0x0C,263,0xFEBE4B50,rule[28] hw_label=37 route=2,0x7C640,0x4AA52,0xFEBE52EE,0xFEBE534E,0x4AA52,no,188,0,n/a (no stock COM extraction),n/a,n/a,n/a,n/a,none,none,0,shares PDU update counter 0xFEBE534E,none as configured COM signal; PDU handler extracts other signal IDs,classified-no-com-extraction,,"classification=configured_not_extracted_by_pdu_handler; basis=same PDU has recovered generated extraction calls, but this configured signal ID is absent from the complete receive-signal/group-byte API census"
signal,34,28,0x51E,classic,8,8,600,0x0C,263,0xFEBE4B50,rule[28] hw_label=37 route=2,0x7C640,0x4AA52,0xFEBE52EE,0xFEBE534E,0x4AA52,no,189,3,n/a (no stock COM extraction),n/a,n/a,n/a,n/a,none,none,0,shares PDU update counter 0xFEBE534E,none as configured COM signal; PDU handler extracts other signal IDs,classified-no-com-extraction,,"classification=configured_not_extracted_by_pdu_handler; basis=same PDU has recovered generated extraction calls, but this configured signal ID is absent from the complete receive-signal/group-byte API census"
signal,34,28,0x51E,classic,8,8,600,0x0C,263,0xFEBE4B50,rule[28] hw_label=37 route=2,0x7C640,0x4AA52,0xFEBE52EE,0xFEBE534E,0x4AA52,no,190,3,B5[7:6],big,2,6,0,ram,0xFEBE7FF8,1,shares PDU update counter 0xFEBE534E,0x56FC2,recovered,0x4AAB4,extract=bitfield; buf_off=268; evidence_window=0x4AA74-0x4AAB4; body_sha256=e4d1a1ad12e5d682…
signal,35,29,0x132,classic,8,8,15,0x0C,271,0xFEBE4B58,rule[29] hw_label=38 route=2,0x7C640,0x4AAE8,0xFEBE52EF,0xFEBE534F,0x4AAE8,yes,191,0,B0[7],big,1,7,0,ram,0xFEBE7FFE,1,shares PDU update counter 0xFEBE534F,0x56FC2,recovered,0x4AB16,extract=bitfield; buf_off=271; evidence_window=0x4AAE8-0x4AB16; body_sha256=2853862449eec053…
signal,35,29,0x132,classic,8,8,15,0x0C,271,0xFEBE4B58,rule[29] hw_label=38 route=2,0x7C640,0x4AAE8,0xFEBE52EF,0xFEBE534F,0x4AAE8,yes,192,0,B0[6],big,1,6,0,ram,0xFEBE7FFF,1,shares PDU update counter 0xFEBE534F,0x56FC2,recovered,0x4AB30,extract=bitfield; buf_off=271; evidence_window=0x4AAF0-0x4AB30; body_sha256=2853862449eec053…
signal,35,29,0x132,classic,8,8,15,0x0C,271,0xFEBE4B58,rule[29] hw_label=38 route=2,0x7C640,0x4AAE8,0xFEBE52EF,0xFEBE534F,0x4AAE8,yes,193,0,B0[5],big,1,5,0,ram,0xFEBE8000,1,shares PDU update counter 0xFEBE534F,0x56FC2,recovered,0x4AB4A,extract=bitfield; buf_off=271; evidence_window=0x4AB0A-0x4AB4A; body_sha256=2853862449eec053…
signal,35,29,0x132,classic,8,8,15,0x0C,271,0xFEBE4B58,rule[29] hw_label=38 route=2,0x7C640,0x4AAE8,0xFEBE52EF,0xFEBE534F,0x4AAE8,yes,194,0,B0[4],big,1,4,0,ram,0xFEBE8005,1,shares PDU update counter 0xFEBE534F,configured-unresolved; bound=Ghidra READ xref of dest excluding COM unpacker cluster 0x4A200-0x4B700,recovered,0x4AB64,extract=bitfield; buf_off=271; evidence_window=0x4AB24-0x4AB64; body_sha256=2853862449eec053…
signal,35,29,0x132,classic,8,8,15,0x0C,271,0xFEBE4B58,rule[29] hw_label=38 route=2,0x7C640,0x4AAE8,0xFEBE52EF,0xFEBE534F,0x4AAE8,yes,195,0,B0/start0/len12,big,12,0,1,ram,0xFEBE7FFA,2,shares PDU update counter 0xFEBE534F,0x56FC2,recovered,0x4AB80,extract=bitfield; buf_off=271; evidence_window=0x4AB40-0x4AB80; body_sha256=2853862449eec053…
signal,35,29,0x132,classic,8,8,15,0x0C,271,0xFEBE4B58,rule[29] hw_label=38 route=2,0x7C640,0x4AAE8,0xFEBE52EF,0xFEBE534F,0x4AAE8,yes,196,0,B2[7:6],big,2,6,0,ram,0xFEBE8001,1,shares PDU update counter 0xFEBE534F,0x56FC2,recovered,0x4AB9A,extract=bitfield; buf_off=273; evidence_window=0x4AB5A-0x4AB9A; body_sha256=2853862449eec053…
signal,35,29,0x132,classic,8,8,15,0x0C,271,0xFEBE4B58,rule[29] hw_label=38 route=2,0x7C640,0x4AAE8,0xFEBE52EF,0xFEBE534F,0x4AAE8,yes,197,0,B2[5:4],big,2,4,0,ram,0xFEBE8006,1,shares PDU update counter 0xFEBE534F,configured-unresolved; bound=Ghidra READ xref of dest excluding COM unpacker cluster 0x4A200-0x4B700,recovered,0x4ABB4,extract=bitfield; buf_off=273; evidence_window=0x4AB74-0x4ABB4; body_sha256=2853862449eec053…
signal,35,29,0x132,classic,8,8,15,0x0C,271,0xFEBE4B58,rule[29] hw_label=38 route=2,0x7C640,0x4AAE8,0xFEBE52EF,0xFEBE534F,0x4AAE8,yes,198,0,B2/start0/len12,big,12,0,1,ram,0xFEBE7FFC,2,shares PDU update counter 0xFEBE534F,0x56FC2,recovered,0x4ABD0,extract=bitfield; buf_off=273; evidence_window=0x4AB90-0x4ABD0; body_sha256=2853862449eec053…
signal,35,29,0x132,classic,8,8,15,0x0C,271,0xFEBE4B58,rule[29] hw_label=38 route=2,0x7C640,0x4AAE8,0xFEBE52EF,0xFEBE534F,0x4AAE8,yes,199,0,n/a (no stock COM extraction),n/a,n/a,n/a,n/a,none,none,0,shares PDU update counter 0xFEBE534F,none as configured COM signal; PDU handler extracts other signal IDs,classified-no-com-extraction,,"classification=configured_not_extracted_by_pdu_handler; basis=same PDU has recovered generated extraction calls, but this configured signal ID is absent from the complete receive-signal/group-byte API census"
signal,35,29,0x132,classic,8,8,15,0x0C,271,0xFEBE4B58,rule[29] hw_label=38 route=2,0x7C640,0x4AAE8,0xFEBE52EF,0xFEBE534F,0x4AAE8,yes,200,0,n/a (no stock COM extraction),n/a,n/a,n/a,n/a,none,none,0,shares PDU update counter 0xFEBE534F,none as configured COM signal; PDU handler extracts other signal IDs,classified-no-com-extraction,,"classification=configured_not_extracted_by_pdu_handler; basis=same PDU has recovered generated extraction calls, but this configured signal ID is absent from the complete receive-signal/group-byte API census"
signal,36,30,0x611,classic,8,8,600,0x0C,279,0xFEBE4B60,rule[30] hw_label=39 route=2,0x7C640,0x4ABEC,0xFEBE52F0,0xFEBE5350,0x4ABEC,no,201,0,n/a (no stock COM extraction),n/a,n/a,n/a,n/a,none,none,0,shares PDU update counter 0xFEBE5350,none as configured COM signal; PDU handler extracts other signal IDs,classified-no-com-extraction,,"classification=configured_not_extracted_by_pdu_handler; basis=same PDU has recovered generated extraction calls, but this configured signal ID is absent from the complete receive-signal/group-byte API census"
signal,36,30,0x611,classic,8,8,600,0x0C,279,0xFEBE4B60,rule[30] hw_label=39 route=2,0x7C640,0x4ABEC,0xFEBE52F0,0xFEBE5350,0x4ABEC,no,202,0,n/a (no stock COM extraction),n/a,n/a,n/a,n/a,none,none,0,shares PDU update counter 0xFEBE5350,none as configured COM signal; PDU handler extracts other signal IDs,classified-no-com-extraction,,"classification=configured_not_extracted_by_pdu_handler; basis=same PDU has recovered generated extraction calls, but this configured signal ID is absent from the complete receive-signal/group-byte API census"
signal,36,30,0x611,classic,8,8,600,0x0C,279,0xFEBE4B60,rule[30] hw_label=39 route=2,0x7C640,0x4ABEC,0xFEBE52F0,0xFEBE5350,0x4ABEC,no,203,0,B3[5:4],big,2,4,0,ram,0xFEBE800C,1,shares PDU update counter 0xFEBE5350,0x56FC2,recovered,0x4AC1A,extract=bitfield; buf_off=282; evidence_window=0x4ABEC-0x4AC1A; body_sha256=c937400184d585a4…
signal,36,30,0x611,classic,8,8,600,0x0C,279,0xFEBE4B60,rule[30] hw_label=39 route=2,0x7C640,0x4ABEC,0xFEBE52F0,0xFEBE5350,0x4ABEC,no,204,4,n/a (no stock COM extraction),n/a,n/a,n/a,n/a,none,none,0,shares PDU update counter 0xFEBE5350,none as configured COM signal; PDU handler extracts other signal IDs,classified-no-com-extraction,,"classification=configured_not_extracted_by_pdu_handler; basis=same PDU has recovered generated extraction calls, but this configured signal ID is absent from the complete receive-signal/group-byte API census"
signal,36,30,0x611,classic,8,8,600,0x0C,279,0xFEBE4B60,rule[30] hw_label=39 route=2,0x7C640,0x4ABEC,0xFEBE52F0,0xFEBE5350,0x4ABEC,no,205,3,B4..B7 BE32,big,32,0,0,ram,0xFEBE8008,4,shares PDU update counter 0xFEBE5350,0x56FC2,recovered,0x4AC36,extract=bitfield; buf_off=283; evidence_window=0x4ABF6-0x4AC36; body_sha256=c937400184d585a4…
signal,37,31,0x2D1,classic,8,8,180,0x0C,287,0xFEBE4B68,rule[31] hw_label=40 route=2,0x7C640,0x4AC52,0xFEBE52F1,0xFEBE5351,0x4AC52,no,206,3,B0[0],big,1,0,0,ram,0xFEBE800F,1,shares PDU update counter 0xFEBE5351,0x492CA,recovered,0x4AC80,extract=bitfield; buf_off=287; evidence_window=0x4AC52-0x4AC80; body_sha256=22d5ddedd79ec7c3…
signal,37,31,0x2D1,classic,8,8,180,0x0C,287,0xFEBE4B68,rule[31] hw_label=40 route=2,0x7C640,0x4AC52,0xFEBE52F1,0xFEBE5351,0x4AC52,no,207,3,B1[0],big,1,0,0,ram,0xFEBE8010,1,shares PDU update counter 0xFEBE5351,0x492CA,recovered,0x4AC9A,extract=bitfield; buf_off=288; evidence_window=0x4AC5A-0x4AC9A; body_sha256=22d5ddedd79ec7c3…
signal,37,31,0x2D1,classic,8,8,180,0x0C,287,0xFEBE4B68,rule[31] hw_label=40 route=2,0x7C640,0x4AC52,0xFEBE52F1,0xFEBE5351,0x4AC52,no,208,3,n/a (no stock COM extraction),n/a,n/a,n/a,n/a,none,none,0,shares PDU update counter 0xFEBE5351,none as configured COM signal; PDU handler extracts other signal IDs,classified-no-com-extraction,,"classification=configured_not_extracted_by_pdu_handler; basis=same PDU has recovered generated extraction calls, but this configured signal ID is absent from the complete receive-signal/group-byte API census"
signal,38,32,0x675,classic,8,8,600,0x0C,295,0xFEBE4B70,rule[32] hw_label=41 route=2,0x7C640,0x4ACB6,0xFEBE52F2,0xFEBE5352,0x4ACB6,no,209,0,n/a (no stock COM extraction),n/a,n/a,n/a,n/a,none,none,0,shares PDU update counter 0xFEBE5352,none as configured COM signal; PDU handler extracts other signal IDs,classified-no-com-extraction,,"classification=configured_not_extracted_by_pdu_handler; basis=same PDU has recovered generated extraction calls, but this configured signal ID is absent from the complete receive-signal/group-byte API census"
signal,38,32,0x675,classic,8,8,600,0x0C,295,0xFEBE4B70,rule[32] hw_label=41 route=2,0x7C640,0x4ACB6,0xFEBE52F2,0xFEBE5352,0x4ACB6,no,210,0,n/a (no stock COM extraction),n/a,n/a,n/a,n/a,none,none,0,shares PDU update counter 0xFEBE5352,none as configured COM signal; PDU handler extracts other signal IDs,classified-no-com-extraction,,"classification=configured_not_extracted_by_pdu_handler; basis=same PDU has recovered generated extraction calls, but this configured signal ID is absent from the complete receive-signal/group-byte API census"
signal,38,32,0x675,classic,8,8,600,0x0C,295,0xFEBE4B70,rule[32] hw_label=41 route=2,0x7C640,0x4ACB6,0xFEBE52F2,0xFEBE5352,0x4ACB6,no,211,0,B2,big,8,0,0,ram,0xFEBE8013,1,shares PDU update counter 0xFEBE5352,0x56FC2,recovered,0x4ACE4,extract=bitfield; buf_off=297; evidence_window=0x4ACB6-0x4ACE4; body_sha256=8d441d1ca3277391…
signal,38,32,0x675,classic,8,8,600,0x0C,295,0xFEBE4B70,rule[32] hw_label=41 route=2,0x7C640,0x4ACB6,0xFEBE52F2,0xFEBE5352,0x4ACB6,no,212,0,B3,big,8,0,0,ram,0xFEBE8014,1,shares PDU update counter 0xFEBE5352,0x56FC2,recovered,0x4ACFE,extract=bitfield; buf_off=298; evidence_window=0x4ACBE-0x4ACFE; body_sha256=8d441d1ca3277391…
signal,38,32,0x675,classic,8,8,600,0x0C,295,0xFEBE4B70,rule[32] hw_label=41 route=2,0x7C640,0x4ACB6,0xFEBE52F2,0xFEBE5352,0x4ACB6,no,213,0,B4,big,8,0,0,ram,0xFEBE8015,1,shares PDU update counter 0xFEBE5352,0x56FC2,recovered,0x4AD18,extract=bitfield; buf_off=299; evidence_window=0x4ACD8-0x4AD18; body_sha256=8d441d1ca3277391…
signal,38,32,0x675,classic,8,8,600,0x0C,295,0xFEBE4B70,rule[32] hw_label=41 route=2,0x7C640,0x4ACB6,0xFEBE52F2,0xFEBE5352,0x4ACB6,no,214,0,B5,big,8,0,0,ram,0xFEBE8016,1,shares PDU update counter 0xFEBE5352,0x56FC2,recovered,0x4AD32,extract=bitfield; buf_off=300; evidence_window=0x4ACF2-0x4AD32; body_sha256=8d441d1ca3277391…
signal,38,32,0x675,classic,8,8,600,0x0C,295,0xFEBE4B70,rule[32] hw_label=41 route=2,0x7C640,0x4ACB6,0xFEBE52F2,0xFEBE5352,0x4ACB6,no,215,0,B6,big,8,0,0,ram,0xFEBE8017,1,shares PDU update counter 0xFEBE5352,0x56FC2,recovered,0x4AD4C,extract=bitfield; buf_off=301; evidence_window=0x4AD0C-0x4AD4C; body_sha256=8d441d1ca3277391…
signal,38,32,0x675,classic,8,8,600,0x0C,295,0xFEBE4B70,rule[32] hw_label=41 route=2,0x7C640,0x4ACB6,0xFEBE52F2,0xFEBE5352,0x4ACB6,no,216,0,B7,big,8,0,0,ram,0xFEBE8018,1,shares PDU update counter 0xFEBE5352,0x56FC2,recovered,0x4AD66,extract=bitfield; buf_off=302; evidence_window=0x4AD26-0x4AD66; body_sha256=8d441d1ca3277391…
signal,39,33,0x2E8,classic,8,8,300,0x0C,303,0xFEBE4B78,rule[33] hw_label=42 route=2,0x7C640,none,0xFEBE52F3,0xFEBE5353,classified-no-com-unpacker; frame still copied by RxIndication and tracked by update counter FEBE532C[39],no,217,0,n/a (no stock COM extraction),n/a,n/a,n/a,n/a,none,none,0,shares PDU update counter 0xFEBE5353,none as configured COM signal; no PDU unpacker recovered,classified-no-com-extraction,,classification=configured_no_com_unpacker; basis=PDU has no recovered COM receive-signal/group-byte extraction caller
signal,40,34,0x25,fd,32,32,6,0x0C,311,0xFEBE4B80,rule[34] hw_label=43 route=2,0x7C640,0x4AD82,0xFEBE52F4,0xFEBE5354,0x4AD82,no,218,0,B0[7],big,1,7,0,ram,0xFEBE8020,1,shares PDU update counter 0xFEBE5354,0x56FC2,recovered,0x4AE04,extract=bitfield; buf_off=311; evidence_window=0x4ADC4-0x4AE04; body_sha256=cda71f4de44b8175…
signal,40,34,0x25,fd,32,32,6,0x0C,311,0xFEBE4B80,rule[34] hw_label=43 route=2,0x7C640,0x4AD82,0xFEBE52F4,0xFEBE5354,0x4AD82,no,219,0,B0[6],big,1,6,0,ram,0xFEBE8021,1,shares PDU update counter 0xFEBE5354,0x56FC2,recovered,0x4AE1E,extract=bitfield; buf_off=311; evidence_window=0x4ADDE-0x4AE1E; body_sha256=cda71f4de44b8175…
signal,40,34,0x25,fd,32,32,6,0x0C,311,0xFEBE4B80,rule[34] hw_label=43 route=2,0x7C640,0x4AD82,0xFEBE52F4,0xFEBE5354,0x4AD82,no,220,0,B0[5],big,1,5,0,ram,0xFEBE8022,1,shares PDU update counter 0xFEBE5354,0x4703E,recovered,0x4AE38,extract=bitfield; buf_off=311; evidence_window=0x4ADF8-0x4AE38; body_sha256=cda71f4de44b8175…
signal,40,34,0x25,fd,32,32,6,0x0C,311,0xFEBE4B80,rule[34] hw_label=43 route=2,0x7C640,0x4AD82,0xFEBE52F4,0xFEBE5354,0x4AD82,no,221,0,B0/start0/len12,big,12,0,1,ram,0xFEBE801C,2,shares PDU update counter 0xFEBE5354,0x4703E,recovered,0x4ADB2,extract=bitfield; buf_off=311; evidence_window=0x4AD82-0x4ADB2; body_sha256=cda71f4de44b8175…
signal,40,34,0x25,fd,32,32,6,0x0C,311,0xFEBE4B80,rule[34] hw_label=43 route=2,0x7C640,0x4AD82,0xFEBE52F4,0xFEBE5354,0x4AD82,no,222,0,B4[7:4],big,4,4,1,ram,0xFEBE8023,1,shares PDU update counter 0xFEBE5354,0x56FC2,recovered,0x4ADCE,extract=bitfield; buf_off=315; evidence_window=0x4AD8E-0x4ADCE; body_sha256=cda71f4de44b8175…
signal,40,34,0x25,fd,32,32,6,0x0C,311,0xFEBE4B80,rule[34] hw_label=43 route=2,0x7C640,0x4AD82,0xFEBE52F4,0xFEBE5354,0x4AD82,no,223,0,B4/start0/len12,big,12,0,1,ram,0xFEBE801E,2,shares PDU update counter 0xFEBE5354,0x52D3C,recovered,0x4ADEA,extract=bitfield; buf_off=315; evidence_window=0x4ADAA-0x4ADEA; body_sha256=cda71f4de44b8175…
signal,40,34,0x25,fd,32,32,6,0x0C,311,0xFEBE4B80,rule[34] hw_label=43 route=2,0x7C640,0x4AD82,0xFEBE52F4,0xFEBE5354,0x4AD82,no,224,0,B6[3],big,1,3,0,ram,0xFEBE8024,1,shares PDU update counter 0xFEBE5354,0x56FC2,recovered,0x4AE52,extract=bitfield; buf_off=317; evidence_window=0x4AE12-0x4AE52; body_sha256=cda71f4de44b8175…
signal,40,34,0x25,fd,32,32,6,0x0C,311,0xFEBE4B80,rule[34] hw_label=43 route=2,0x7C640,0x4AD82,0xFEBE52F4,0xFEBE5354,0x4AD82,no,225,0,n/a (no stock COM extraction),n/a,n/a,n/a,n/a,none,none,0,shares PDU update counter 0xFEBE5354,none as configured COM signal; PDU handler extracts other signal IDs,classified-no-com-extraction,,"classification=configured_not_extracted_by_pdu_handler; basis=same PDU has recovered generated extraction calls, but this configured signal ID is absent from the complete receive-signal/group-byte API census"
signal,40,34,0x25,fd,32,32,6,0x0C,311,0xFEBE4B80,rule[34] hw_label=43 route=2,0x7C640,0x4AD82,0xFEBE52F4,0xFEBE5354,0x4AD82,no,226,0,n/a (no stock COM extraction),n/a,n/a,n/a,n/a,none,none,0,shares PDU update counter 0xFEBE5354,none as configured COM signal; PDU handler extracts other signal IDs,classified-no-com-extraction,,"classification=configured_not_extracted_by_pdu_handler; basis=same PDU has recovered generated extraction calls, but this configured signal ID is absent from the complete receive-signal/group-byte API census"
signal,40,34,0x25,fd,32,32,6,0x0C,311,0xFEBE4B80,rule[34] hw_label=43 route=2,0x7C640,0x4AD82,0xFEBE52F4,0xFEBE5354,0x4AD82,no,227,0,n/a (no stock COM extraction),n/a,n/a,n/a,n/a,none,none,0,shares PDU update counter 0xFEBE5354,none as configured COM signal; PDU handler extracts other signal IDs,classified-no-com-extraction,,"classification=configured_not_extracted_by_pdu_handler; basis=same PDU has recovered generated extraction calls, but this configured signal ID is absent from the complete receive-signal/group-byte API census"
signal,41,35,0x423,classic,1,1,603,0x0C,343,0xFEBE4BA0,rule[35] hw_label=44 route=2,0x7C640,0x4AE6E,0xFEBE52F5,0xFEBE5355,0x4AE6E,no,228,0,n/a (no stock COM extraction),n/a,n/a,n/a,n/a,none,none,0,shares PDU update counter 0xFEBE5355,none as configured COM signal; PDU handler extracts other signal IDs,classified-no-com-extraction,,"classification=configured_not_extracted_by_pdu_handler; basis=same PDU has recovered generated extraction calls, but this configured signal ID is absent from the complete receive-signal/group-byte API census"
signal,41,35,0x423,classic,1,1,603,0x0C,343,0xFEBE4BA0,rule[35] hw_label=44 route=2,0x7C640,0x4AE6E,0xFEBE52F5,0xFEBE5355,0x4AE6E,no,229,0,B0[4],big,1,4,0,ram,0xFEBE8027,1,shares PDU update counter 0xFEBE5355,0x56FC2,recovered,0x4AE9C,extract=bitfield; buf_off=343; evidence_window=0x4AE6E-0x4AE9C; body_sha256=9af5fc8c783ce158…
signal,42,36,0xAA,classic,8,8,6,0x0C,344,0xFEBE4BA1,rule[36] hw_label=45 route=2,0x7C640,0x4AEB8,0xFEBE52F6,0xFEBE5356,0x4AEB8,no,230,0,B0[7],big,1,7,0,ram,0xFEBE803A,1,shares PDU update counter 0xFEBE5356,0x56FC2,recovered,0x4AF9A,extract=bitfield; buf_off=344; evidence_window=0x4AF5A-0x4AF9A; body_sha256=d6a5a51410fcc58f…
signal,42,36,0xAA,classic,8,8,6,0x0C,344,0xFEBE4BA1,rule[36] hw_label=45 route=2,0x7C640,0x4AEB8,0xFEBE52F6,0xFEBE5356,0x4AEB8,no,231,0,B0/start0/len15,big,15,0,0,ram,0xFEBE802A,2,shares PDU update counter 0xFEBE5356,configured-unresolved; bound=Ghidra READ xref of dest excluding COM unpacker cluster 0x4A200-0x4B700,recovered,0x4AEEA,extract=bitfield; buf_off=344; evidence_window=0x4AEB8-0x4AEEA; body_sha256=d6a5a51410fcc58f…
signal,42,36,0xAA,classic,8,8,6,0x0C,344,0xFEBE4BA1,rule[36] hw_label=45 route=2,0x7C640,0x4AEB8,0xFEBE52F6,0xFEBE5356,0x4AEB8,no,232,0,B2[7],big,1,7,0,ram,0xFEBE803B,1,shares PDU update counter 0xFEBE5356,0x56FC2,recovered,0x4AFB4,extract=bitfield; buf_off=346; evidence_window=0x4AF74-0x4AFB4; body_sha256=d6a5a51410fcc58f…
signal,42,36,0xAA,classic,8,8,6,0x0C,344,0xFEBE4BA1,rule[36] hw_label=45 route=2,0x7C640,0x4AEB8,0xFEBE52F6,0xFEBE5356,0x4AEB8,no,233,0,B2/start0/len15,big,15,0,0,ram,0xFEBE802C,2,shares PDU update counter 0xFEBE5356,configured-unresolved; bound=Ghidra READ xref of dest excluding COM unpacker cluster 0x4A200-0x4B700,recovered,0x4AF16,extract=bitfield; buf_off=346; evidence_window=0x4AED6-0x4AF16; body_sha256=d6a5a51410fcc58f…
signal,42,36,0xAA,classic,8,8,6,0x0C,344,0xFEBE4BA1,rule[36] hw_label=45 route=2,0x7C640,0x4AEB8,0xFEBE52F6,0xFEBE5356,0x4AEB8,no,234,0,B4[7],big,1,7,0,ram,0xFEBE803C,1,shares PDU update counter 0xFEBE5356,0x56FC2,recovered,0x4AFCE,extract=bitfield; buf_off=348; evidence_window=0x4AF8E-0x4AFCE; body_sha256=d6a5a51410fcc58f…
signal,42,36,0xAA,classic,8,8,6,0x0C,344,0xFEBE4BA1,rule[36] hw_label=45 route=2,0x7C640,0x4AEB8,0xFEBE52F6,0xFEBE5356,0x4AEB8,no,235,0,B4/start0/len15,big,15,0,0,ram,0xFEBE802E,2,shares PDU update counter 0xFEBE5356,configured-unresolved; bound=Ghidra READ xref of dest excluding COM unpacker cluster 0x4A200-0x4B700,recovered,0x4AF42,extract=bitfield; buf_off=348; evidence_window=0x4AF02-0x4AF42; body_sha256=d6a5a51410fcc58f…
signal,42,36,0xAA,classic,8,8,6,0x0C,344,0xFEBE4BA1,rule[36] hw_label=45 route=2,0x7C640,0x4AEB8,0xFEBE52F6,0xFEBE5356,0x4AEB8,no,236,0,B6[7],big,1,7,0,ram,0xFEBE803D,1,shares PDU update counter 0xFEBE5356,0x56FC2,recovered,0x4AFE8,extract=bitfield; buf_off=350; evidence_window=0x4AFA8-0x4AFE8; body_sha256=d6a5a51410fcc58f…
signal,42,36,0xAA,classic,8,8,6,0x0C,344,0xFEBE4BA1,rule[36] hw_label=45 route=2,0x7C640,0x4AEB8,0xFEBE52F6,0xFEBE5356,0x4AEB8,no,237,0,B6/start0/len15,big,15,0,0,ram,0xFEBE8030,2,shares PDU update counter 0xFEBE5356,configured-unresolved; bound=Ghidra READ xref of dest excluding COM unpacker cluster 0x4A200-0x4B700,recovered,0x4AF6E,extract=bitfield; buf_off=350; evidence_window=0x4AF2E-0x4AF6E; body_sha256=d6a5a51410fcc58f…
signal,43,37,0x101,classic,8,8,12,0x0C,352,0xFEBE4BA9,rule[37] hw_label=46 route=2,0x7C640,0x4B004,0xFEBE52F7,0xFEBE5357,0x4B004,no,238,0,B0[7],big,1,7,0,ram,0xFEBE8043,1,shares PDU update counter 0xFEBE5357,0x56FC2,recovered,0x4B04C,extract=bitfield; buf_off=352; evidence_window=0x4B00C-0x4B04C; body_sha256=1b0046b6dd8a243f…
signal,43,37,0x101,classic,8,8,12,0x0C,352,0xFEBE4BA9,rule[37] hw_label=46 route=2,0x7C640,0x4B004,0xFEBE52F7,0xFEBE5357,0x4B004,no,239,0,n/a (no stock COM extraction),n/a,n/a,n/a,n/a,none,none,0,shares PDU update counter 0xFEBE5357,none as configured COM signal; PDU handler extracts other signal IDs,classified-no-com-extraction,,"classification=configured_not_extracted_by_pdu_handler; basis=same PDU has recovered generated extraction calls, but this configured signal ID is absent from the complete receive-signal/group-byte API census"
signal,43,37,0x101,classic,8,8,12,0x0C,352,0xFEBE4BA9,rule[37] hw_label=46 route=2,0x7C640,0x4B004,0xFEBE52F7,0xFEBE5357,0x4B004,no,240,0,n/a (no stock COM extraction),n/a,n/a,n/a,n/a,none,none,0,shares PDU update counter 0xFEBE5357,none as configured COM signal; PDU handler extracts other signal IDs,classified-no-com-extraction,,"classification=configured_not_extracted_by_pdu_handler; basis=same PDU has recovered generated extraction calls, but this configured signal ID is absent from the complete receive-signal/group-byte API census"
signal,43,37,0x101,classic,8,8,12,0x0C,352,0xFEBE4BA9,rule[37] hw_label=46 route=2,0x7C640,0x4B004,0xFEBE52F7,0xFEBE5357,0x4B004,no,241,0,n/a (no stock COM extraction),n/a,n/a,n/a,n/a,none,none,0,shares PDU update counter 0xFEBE5357,none as configured COM signal; PDU handler extracts other signal IDs,classified-no-com-extraction,,"classification=configured_not_extracted_by_pdu_handler; basis=same PDU has recovered generated extraction calls, but this configured signal ID is absent from the complete receive-signal/group-byte API census"
signal,43,37,0x101,classic,8,8,12,0x0C,352,0xFEBE4BA9,rule[37] hw_label=46 route=2,0x7C640,0x4B004,0xFEBE52F7,0xFEBE5357,0x4B004,no,242,0,B0[3],big,1,3,0,ram,0xFEBE8042,1,shares PDU update counter 0xFEBE5357,0x56FC2,recovered,0x4B032,extract=bitfield; buf_off=352; evidence_window=0x4B004-0x4B032; body_sha256=1b0046b6dd8a243f…
signal,43,37,0x101,classic,8,8,12,0x0C,352,0xFEBE4BA9,rule[37] hw_label=46 route=2,0x7C640,0x4B004,0xFEBE52F7,0xFEBE5357,0x4B004,no,243,0,n/a (no stock COM extraction),n/a,n/a,n/a,n/a,none,none,0,shares PDU update counter 0xFEBE5357,none as configured COM signal; PDU handler extracts other signal IDs,classified-no-com-extraction,,"classification=configured_not_extracted_by_pdu_handler; basis=same PDU has recovered generated extraction calls, but this configured signal ID is absent from the complete receive-signal/group-byte API census"
signal,43,37,0x101,classic,8,8,12,0x0C,352,0xFEBE4BA9,rule[37] hw_label=46 route=2,0x7C640,0x4B004,0xFEBE52F7,0xFEBE5357,0x4B004,no,244,0,n/a (no stock COM extraction),n/a,n/a,n/a,n/a,none,none,0,shares PDU update counter 0xFEBE5357,none as configured COM signal; PDU handler extracts other signal IDs,classified-no-com-extraction,,"classification=configured_not_extracted_by_pdu_handler; basis=same PDU has recovered generated extraction calls, but this configured signal ID is absent from the complete receive-signal/group-byte API census"
signal,43,37,0x101,classic,8,8,12,0x0C,352,0xFEBE4BA9,rule[37] hw_label=46 route=2,0x7C640,0x4B004,0xFEBE52F7,0xFEBE5357,0x4B004,no,245,0,n/a (no stock COM extraction),n/a,n/a,n/a,n/a,none,none,0,shares PDU update counter 0xFEBE5357,none as configured COM signal; PDU handler extracts other signal IDs,classified-no-com-extraction,,"classification=configured_not_extracted_by_pdu_handler; basis=same PDU has recovered generated extraction calls, but this configured signal ID is absent from the complete receive-signal/group-byte API census"
signal,43,37,0x101,classic,8,8,12,0x0C,352,0xFEBE4BA9,rule[37] hw_label=46 route=2,0x7C640,0x4B004,0xFEBE52F7,0xFEBE5357,0x4B004,no,246,0,n/a (no stock COM extraction),n/a,n/a,n/a,n/a,none,none,0,shares PDU update counter 0xFEBE5357,none as configured COM signal; PDU handler extracts other signal IDs,classified-no-com-extraction,,"classification=configured_not_extracted_by_pdu_handler; basis=same PDU has recovered generated extraction calls, but this configured signal ID is absent from the complete receive-signal/group-byte API census"
signal,43,37,0x101,classic,8,8,12,0x0C,352,0xFEBE4BA9,rule[37] hw_label=46 route=2,0x7C640,0x4B004,0xFEBE52F7,0xFEBE5357,0x4B004,no,247,0,B2[3],big,1,3,0,ram,0xFEBE8046,1,shares PDU update counter 0xFEBE5357,0x56FC2,recovered,0x4B066,extract=bitfield; buf_off=354; evidence_window=0x4B026-0x4B066; body_sha256=1b0046b6dd8a243f…
signal,43,37,0x101,classic,8,8,12,0x0C,352,0xFEBE4BA9,rule[37] hw_label=46 route=2,0x7C640,0x4B004,0xFEBE52F7,0xFEBE5357,0x4B004,no,248,0,n/a (no stock COM extraction),n/a,n/a,n/a,n/a,none,none,0,shares PDU update counter 0xFEBE5357,none as configured COM signal; PDU handler extracts other signal IDs,classified-no-com-extraction,,"classification=configured_not_extracted_by_pdu_handler; basis=same PDU has recovered generated extraction calls, but this configured signal ID is absent from the complete receive-signal/group-byte API census"
signal,43,37,0x101,classic,8,8,12,0x0C,352,0xFEBE4BA9,rule[37] hw_label=46 route=2,0x7C640,0x4B004,0xFEBE52F7,0xFEBE5357,0x4B004,no,249,0,B2/start0/len10,big,10,0,0,ram,0xFEBE8040,2,shares PDU update counter 0xFEBE5357,0x56FC2,recovered,0x4B080,extract=bitfield; buf_off=354; evidence_window=0x4B040-0x4B080; body_sha256=1b0046b6dd8a243f…
signal,43,37,0x101,classic,8,8,12,0x0C,352,0xFEBE4BA9,rule[37] hw_label=46 route=2,0x7C640,0x4B004,0xFEBE52F7,0xFEBE5357,0x4B004,no,250,0,n/a (no stock COM extraction),n/a,n/a,n/a,n/a,none,none,0,shares PDU update counter 0xFEBE5357,none as configured COM signal; PDU handler extracts other signal IDs,classified-no-com-extraction,,"classification=configured_not_extracted_by_pdu_handler; basis=same PDU has recovered generated extraction calls, but this configured signal ID is absent from the complete receive-signal/group-byte API census"
signal,44,38,0xD5,classic,8,8,12,0x0C,360,0xFEBE4BB1,rule[38] hw_label=47 route=2,0x7C640,0x4B09C,0xFEBE52F8,0xFEBE5358,0x4B09C,no,251,0,B0[3],big,1,3,0,ram,0xFEBE804C,1,shares PDU update counter 0xFEBE5358,0x56FC2,recovered,0x4B106,extract=bitfield; buf_off=360; evidence_window=0x4B0C6-0x4B106; body_sha256=182cc9073ee7df71…
signal,44,38,0xD5,classic,8,8,12,0x0C,360,0xFEBE4BB1,rule[38] hw_label=47 route=2,0x7C640,0x4B09C,0xFEBE52F8,0xFEBE5358,0x4B09C,no,252,0,B1..B2 BE16,big,16,0,1,ram,0xFEBE8048,2,shares PDU update counter 0xFEBE5358,0x56FC2,recovered,0x4B0CE,extract=bitfield; buf_off=361; evidence_window=0x4B09C-0x4B0CE; body_sha256=182cc9073ee7df71…
signal,44,38,0xD5,classic,8,8,12,0x0C,360,0xFEBE4BB1,rule[38] hw_label=47 route=2,0x7C640,0x4B09C,0xFEBE52F8,0xFEBE5358,0x4B09C,no,253,0,B3..B4 BE16,big,16,0,1,ram,0xFEBE804A,2,shares PDU update counter 0xFEBE5358,0x56FC2,recovered,0x4B0EC,extract=bitfield; buf_off=363; evidence_window=0x4B0AC-0x4B0EC; body_sha256=182cc9073ee7df71…
signal,44,38,0xD5,classic,8,8,12,0x0C,360,0xFEBE4BB1,rule[38] hw_label=47 route=2,0x7C640,0x4B09C,0xFEBE52F8,0xFEBE5358,0x4B09C,no,254,0,n/a (no stock COM extraction),n/a,n/a,n/a,n/a,none,none,0,shares PDU update counter 0xFEBE5358,none as configured COM signal; PDU handler extracts other signal IDs,classified-no-com-extraction,,"classification=configured_not_extracted_by_pdu_handler; basis=same PDU has recovered generated extraction calls, but this configured signal ID is absent from the complete receive-signal/group-byte API census"
signal,45,39,0x13B,classic,8,8,18,0x0C,368,0xFEBE4BB9,rule[39] hw_label=48 route=2,0x7C640,0x4B122,0xFEBE52F9,0xFEBE5359,0x4B122,no,255,0,B0[7:3],big,5,3,0,ram,0xFEBE804F,1,shares PDU update counter 0xFEBE5359,0x56FC2,recovered,0x4B150,extract=bitfield; buf_off=368; evidence_window=0x4B122-0x4B150; body_sha256=15a9b7394f0ba10c…
signal,45,39,0x13B,classic,8,8,18,0x0C,368,0xFEBE4BB9,rule[39] hw_label=48 route=2,0x7C640,0x4B122,0xFEBE52F9,0xFEBE5359,0x4B122,no,256,0,B0[2],big,1,2,0,ram,0xFEBE8050,1,shares PDU update counter 0xFEBE5359,configured-unresolved; bound=Ghidra READ xref of dest excluding COM unpacker cluster 0x4A200-0x4B700,recovered,0x4B16A,extract=bitfield; buf_off=368; evidence_window=0x4B12A-0x4B16A; body_sha256=15a9b7394f0ba10c…
signal,45,39,0x13B,classic,8,8,18,0x0C,368,0xFEBE4BB9,rule[39] hw_label=48 route=2,0x7C640,0x4B122,0xFEBE52F9,0xFEBE5359,0x4B122,no,257,0,B0[1],big,1,1,0,ram,0xFEBE8051,1,shares PDU update counter 0xFEBE5359,configured-unresolved; bound=Ghidra READ xref of dest excluding COM unpacker cluster 0x4A200-0x4B700,recovered,0x4B184,extract=bitfield; buf_off=368; evidence_window=0x4B144-0x4B184; body_sha256=15a9b7394f0ba10c…
signal,45,39,0x13B,classic,8,8,18,0x0C,368,0xFEBE4BB9,rule[39] hw_label=48 route=2,0x7C640,0x4B122,0xFEBE52F9,0xFEBE5359,0x4B122,no,258,0,n/a (no stock COM extraction),n/a,n/a,n/a,n/a,none,none,0,shares PDU update counter 0xFEBE5359,none as configured COM signal; PDU handler extracts other signal IDs,classified-no-com-extraction,,"classification=configured_not_extracted_by_pdu_handler; basis=same PDU has recovered generated extraction calls, but this configured signal ID is absent from the complete receive-signal/group-byte API census"
signal,45,39,0x13B,classic,8,8,18,0x0C,368,0xFEBE4BB9,rule[39] hw_label=48 route=2,0x7C640,0x4B122,0xFEBE52F9,0xFEBE5359,0x4B122,no,259,0,B1[7:2],big,6,2,0,ram,0xFEBE8052,1,shares PDU update counter 0xFEBE5359,0x56FC2,recovered,0x4B19E,extract=bitfield; buf_off=369; evidence_window=0x4B15E-0x4B19E; body_sha256=15a9b7394f0ba10c…
signal,45,39,0x13B,classic,8,8,18,0x0C,368,0xFEBE4BB9,rule[39] hw_label=48 route=2,0x7C640,0x4B122,0xFEBE52F9,0xFEBE5359,0x4B122,no,260,0,n/a (no stock COM extraction),n/a,n/a,n/a,n/a,none,none,0,shares PDU update counter 0xFEBE5359,none as configured COM signal; PDU handler extracts other signal IDs,classified-no-com-extraction,,"classification=configured_not_extracted_by_pdu_handler; basis=same PDU has recovered generated extraction calls, but this configured signal ID is absent from the complete receive-signal/group-byte API census"
signal,45,39,0x13B,classic,8,8,18,0x0C,368,0xFEBE4BB9,rule[39] hw_label=48 route=2,0x7C640,0x4B122,0xFEBE52F9,0xFEBE5359,0x4B122,no,261,0,B1[0],big,1,0,0,ram,0xFEBE8053,1,shares PDU update counter 0xFEBE5359,configured-unresolved; bound=Ghidra READ xref of dest excluding COM unpacker cluster 0x4A200-0x4B700,recovered,0x4B1B8,extract=bitfield; buf_off=369; evidence_window=0x4B178-0x4B1B8; body_sha256=15a9b7394f0ba10c…
signal,45,39,0x13B,classic,8,8,18,0x0C,368,0xFEBE4BB9,rule[39] hw_label=48 route=2,0x7C640,0x4B122,0xFEBE52F9,0xFEBE5359,0x4B122,no,262,0,B2[7],big,1,7,0,ram,0xFEBE8054,1,shares PDU update counter 0xFEBE5359,configured-unresolved; bound=Ghidra READ xref of dest excluding COM unpacker cluster 0x4A200-0x4B700,recovered,0x4B1D2,extract=bitfield; buf_off=370; evidence_window=0x4B192-0x4B1D2; body_sha256=15a9b7394f0ba10c…
signal,45,39,0x13B,classic,8,8,18,0x0C,368,0xFEBE4BB9,rule[39] hw_label=48 route=2,0x7C640,0x4B122,0xFEBE52F9,0xFEBE5359,0x4B122,no,263,0,B2[6],big,1,6,0,ram,0xFEBE8055,1,shares PDU update counter 0xFEBE5359,configured-unresolved; bound=Ghidra READ xref of dest excluding COM unpacker cluster 0x4A200-0x4B700,recovered,0x4B1EC,extract=bitfield; buf_off=370; evidence_window=0x4B1AC-0x4B1EC; body_sha256=15a9b7394f0ba10c…
signal,45,39,0x13B,classic,8,8,18,0x0C,368,0xFEBE4BB9,rule[39] hw_label=48 route=2,0x7C640,0x4B122,0xFEBE52F9,0xFEBE5359,0x4B122,no,264,0,B2[5],big,1,5,0,ram,0xFEBE8056,1,shares PDU update counter 0xFEBE5359,0x56FC2,recovered,0x4B206,extract=bitfield; buf_off=370; evidence_window=0x4B1C6-0x4B206; body_sha256=15a9b7394f0ba10c…
signal,45,39,0x13B,classic,8,8,18,0x0C,368,0xFEBE4BB9,rule[39] hw_label=48 route=2,0x7C640,0x4B122,0xFEBE52F9,0xFEBE5359,0x4B122,no,265,0,n/a (no stock COM extraction),n/a,n/a,n/a,n/a,none,none,0,shares PDU update counter 0xFEBE5359,none as configured COM signal; PDU handler extracts other signal IDs,classified-no-com-extraction,,"classification=configured_not_extracted_by_pdu_handler; basis=same PDU has recovered generated extraction calls, but this configured signal ID is absent from the complete receive-signal/group-byte API census"
signal,45,39,0x13B,classic,8,8,18,0x0C,368,0xFEBE4BB9,rule[39] hw_label=48 route=2,0x7C640,0x4B122,0xFEBE52F9,0xFEBE5359,0x4B122,no,266,0,B2[3:0],big,4,0,0,ram,0xFEBE8059,1,shares PDU update counter 0xFEBE5359,0x56FC2,recovered,0x4B220,extract=bitfield; buf_off=370; evidence_window=0x4B1E0-0x4B220; body_sha256=15a9b7394f0ba10c…
signal,45,39,0x13B,classic,8,8,18,0x0C,368,0xFEBE4BB9,rule[39] hw_label=48 route=2,0x7C640,0x4B122,0xFEBE52F9,0xFEBE5359,0x4B122,no,267,0,n/a (no stock COM extraction),n/a,n/a,n/a,n/a,none,none,0,shares PDU update counter 0xFEBE5359,none as configured COM signal; PDU handler extracts other signal IDs,classified-no-com-extraction,,"classification=configured_not_extracted_by_pdu_handler; basis=same PDU has recovered generated extraction calls, but this configured signal ID is absent from the complete receive-signal/group-byte API census"
signal,46,40,0x90,fd,32,32,6,0x0C,376,0xFEBE4BC1,rule[40] hw_label=49 route=2,0x7C640,0x4B23C,0xFEBE52FA,0xFEBE535A,0x4B23C,yes,268,0,B0[7],big,1,7,0,ram,0xFEBE8066,1,shares PDU update counter 0xFEBE535A,0x56FC2,recovered,0x4B26E,extract=bitfield; buf_off=376; evidence_window=0x4B23C-0x4B26E; body_sha256=0b5969924482d72a…
signal,46,40,0x90,fd,32,32,6,0x0C,376,0xFEBE4BC1,rule[40] hw_label=49 route=2,0x7C640,0x4B23C,0xFEBE52FA,0xFEBE535A,0x4B23C,yes,269,0,B0[6],big,1,6,0,ram,0xFEBE8067,1,shares PDU update counter 0xFEBE535A,0x56FC2,recovered,0x4B288,extract=bitfield; buf_off=376; evidence_window=0x4B248-0x4B288; body_sha256=0b5969924482d72a…
signal,46,40,0x90,fd,32,32,6,0x0C,376,0xFEBE4BC1,rule[40] hw_label=49 route=2,0x7C640,0x4B23C,0xFEBE52FA,0xFEBE535A,0x4B23C,yes,270,0,B0/start0/len10,big,10,0,0,ram,0xFEBE805A,2,shares PDU update counter 0xFEBE535A,configured-unresolved; bound=Ghidra READ xref of dest excluding COM unpacker cluster 0x4A200-0x4B700,recovered,0x4B2A2,extract=bitfield; buf_off=376; evidence_window=0x4B262-0x4B2A2; body_sha256=0b5969924482d72a…
signal,46,40,0x90,fd,32,32,6,0x0C,376,0xFEBE4BC1,rule[40] hw_label=49 route=2,0x7C640,0x4B23C,0xFEBE52FA,0xFEBE535A,0x4B23C,yes,271,0,B2[7],big,1,7,0,ram,0xFEBE8068,1,shares PDU update counter 0xFEBE535A,0x56FC2,recovered,0x4B2CE,extract=bitfield; buf_off=378; evidence_window=0x4B28E-0x4B2CE; body_sha256=0b5969924482d72a…
signal,46,40,0x90,fd,32,32,6,0x0C,376,0xFEBE4BC1,rule[40] hw_label=49 route=2,0x7C640,0x4B23C,0xFEBE52FA,0xFEBE535A,0x4B23C,yes,272,0,B2[6],big,1,6,0,ram,0xFEBE8069,1,shares PDU update counter 0xFEBE535A,0x56FC2,recovered,0x4B2E8,extract=bitfield; buf_off=378; evidence_window=0x4B2A8-0x4B2E8; body_sha256=0b5969924482d72a…
signal,46,40,0x90,fd,32,32,6,0x0C,376,0xFEBE4BC1,rule[40] hw_label=49 route=2,0x7C640,0x4B23C,0xFEBE52FA,0xFEBE535A,0x4B23C,yes,273,0,B2/start0/len10,big,10,0,0,ram,0xFEBE805C,2,shares PDU update counter 0xFEBE535A,configured-unresolved; bound=Ghidra READ xref of dest excluding COM unpacker cluster 0x4A200-0x4B700,recovered,0x4B302,extract=bitfield; buf_off=378; evidence_window=0x4B2C2-0x4B302; body_sha256=0b5969924482d72a…
signal,46,40,0x90,fd,32,32,6,0x0C,376,0xFEBE4BC1,rule[40] hw_label=49 route=2,0x7C640,0x4B23C,0xFEBE52FA,0xFEBE535A,0x4B23C,yes,274,0,B4[7],big,1,7,0,ram,0xFEBE806A,1,shares PDU update counter 0xFEBE535A,0x56FC2,recovered,0x4B32E,extract=bitfield; buf_off=380; evidence_window=0x4B2EE-0x4B32E; body_sha256=0b5969924482d72a…
signal,46,40,0x90,fd,32,32,6,0x0C,376,0xFEBE4BC1,rule[40] hw_label=49 route=2,0x7C640,0x4B23C,0xFEBE52FA,0xFEBE535A,0x4B23C,yes,275,0,B4[6],big,1,6,0,ram,0xFEBE806B,1,shares PDU update counter 0xFEBE535A,0x56FC2,recovered,0x4B348,extract=bitfield; buf_off=380; evidence_window=0x4B308-0x4B348; body_sha256=0b5969924482d72a…
signal,46,40,0x90,fd,32,32,6,0x0C,376,0xFEBE4BC1,rule[40] hw_label=49 route=2,0x7C640,0x4B23C,0xFEBE52FA,0xFEBE535A,0x4B23C,yes,276,0,B4/start0/len10,big,10,0,0,ram,0xFEBE805E,2,shares PDU update counter 0xFEBE535A,configured-unresolved; bound=Ghidra READ xref of dest excluding COM unpacker cluster 0x4A200-0x4B700,recovered,0x4B362,extract=bitfield; buf_off=380; evidence_window=0x4B322-0x4B362; body_sha256=0b5969924482d72a…
signal,46,40,0x90,fd,32,32,6,0x0C,376,0xFEBE4BC1,rule[40] hw_label=49 route=2,0x7C640,0x4B23C,0xFEBE52FA,0xFEBE535A,0x4B23C,yes,277,0,n/a (no stock COM extraction),n/a,n/a,n/a,n/a,none,none,0,shares PDU update counter 0xFEBE535A,none as configured COM signal; PDU handler extracts other signal IDs,classified-no-com-extraction,,"classification=configured_not_extracted_by_pdu_handler; basis=same PDU has recovered generated extraction calls, but this configured signal ID is absent from the complete receive-signal/group-byte API census"
signal,46,40,0x90,fd,32,32,6,0x0C,376,0xFEBE4BC1,rule[40] hw_label=49 route=2,0x7C640,0x4B23C,0xFEBE52FA,0xFEBE535A,0x4B23C,yes,278,0,B28[7:4],big,4,4,0,ram,0xFEBE806C,1,shares PDU update counter 0xFEBE535A,configured-unresolved; bound=Ghidra READ xref of dest excluding COM unpacker cluster 0x4A200-0x4B700,recovered,0x4B38E,extract=bitfield; buf_off=404; evidence_window=0x4B34E-0x4B38E; body_sha256=0b5969924482d72a…
signal,46,40,0x90,fd,32,32,6,0x0C,376,0xFEBE4BC1,rule[40] hw_label=49 route=2,0x7C640,0x4B23C,0xFEBE52FA,0xFEBE535A,0x4B23C,yes,279,0,n/a (no stock COM extraction),n/a,n/a,n/a,n/a,none,none,0,shares PDU update counter 0xFEBE535A,none as configured COM signal; PDU handler extracts other signal IDs,classified-no-com-extraction,,"classification=configured_not_extracted_by_pdu_handler; basis=same PDU has recovered generated extraction calls, but this configured signal ID is absent from the complete receive-signal/group-byte API census"
signal,47,41,0xD7,fd,32,32,12,0x0C,408,0xFEBE4BE1,rule[41] hw_label=50 route=2,0x7C640,0x4B3AA,0xFEBE52FB,0xFEBE535B,0x4B3AA,yes,280,0,B0[7],big,1,7,0,ram,0xFEBE8076,1,shares PDU update counter 0xFEBE535B,0x354E6,recovered,0x4B418,extract=bitfield; buf_off=408; evidence_window=0x4B3D8-0x4B418; body_sha256=8f85c500735112fe…
signal,47,41,0xD7,fd,32,32,12,0x0C,408,0xFEBE4BE1,rule[41] hw_label=50 route=2,0x7C640,0x4B3AA,0xFEBE52FB,0xFEBE535B,0x4B3AA,yes,281,0,B0[6],big,1,6,0,ram,0xFEBE8077,1,shares PDU update counter 0xFEBE535B,0x56FC2,recovered,0x4B432,extract=bitfield; buf_off=408; evidence_window=0x4B3F2-0x4B432; body_sha256=8f85c500735112fe…
signal,47,41,0xD7,fd,32,32,12,0x0C,408,0xFEBE4BE1,rule[41] hw_label=50 route=2,0x7C640,0x4B3AA,0xFEBE52FB,0xFEBE535B,0x4B3AA,yes,282,0,n/a (no stock COM extraction),n/a,n/a,n/a,n/a,none,none,0,shares PDU update counter 0xFEBE535B,none as configured COM signal; PDU handler extracts other signal IDs,classified-no-com-extraction,,"classification=configured_not_extracted_by_pdu_handler; basis=same PDU has recovered generated extraction calls, but this configured signal ID is absent from the complete receive-signal/group-byte API census"
signal,47,41,0xD7,fd,32,32,12,0x0C,408,0xFEBE4BE1,rule[41] hw_label=50 route=2,0x7C640,0x4B3AA,0xFEBE52FB,0xFEBE535B,0x4B3AA,yes,283,0,B1..B2 BE16,big,16,0,0,ram,0xFEBE8070,2,shares PDU update counter 0xFEBE535B,0x52D3C,recovered,0x4B3E2,extract=bitfield; buf_off=409; evidence_window=0x4B3AA-0x4B3E2; body_sha256=8f85c500735112fe…
signal,47,41,0xD7,fd,32,32,12,0x0C,408,0xFEBE4BE1,rule[41] hw_label=50 route=2,0x7C640,0x4B3AA,0xFEBE52FB,0xFEBE535B,0x4B3AA,yes,284,0,B3..B4 BE16,big,16,0,0,ram,0xFEBE8072,2,shares PDU update counter 0xFEBE535B,0x56FC2,recovered,0x4B3FE,extract=bitfield; buf_off=411; evidence_window=0x4B3BE-0x4B3FE; body_sha256=8f85c500735112fe…
signal,47,41,0xD7,fd,32,32,12,0x0C,408,0xFEBE4BE1,rule[41] hw_label=50 route=2,0x7C640,0x4B3AA,0xFEBE52FB,0xFEBE535B,0x4B3AA,yes,285,0,n/a (no stock COM extraction),n/a,n/a,n/a,n/a,none,none,0,shares PDU update counter 0xFEBE535B,none as configured COM signal; PDU handler extracts other signal IDs,classified-no-com-extraction,,"classification=configured_not_extracted_by_pdu_handler; basis=same PDU has recovered generated extraction calls, but this configured signal ID is absent from the complete receive-signal/group-byte API census"
signal,47,41,0xD7,fd,32,32,12,0x0C,408,0xFEBE4BE1,rule[41] hw_label=50 route=2,0x7C640,0x4B3AA,0xFEBE52FB,0xFEBE535B,0x4B3AA,yes,286,0,B28[7:4],big,4,4,0,ram,0xFEBE8079,1,shares PDU update counter 0xFEBE535B,configured-unresolved; bound=Ghidra READ xref of dest excluding COM unpacker cluster 0x4A200-0x4B700,recovered,0x4B44C,extract=bitfield; buf_off=436; evidence_window=0x4B40C-0x4B44C; body_sha256=8f85c500735112fe…
signal,47,41,0xD7,fd,32,32,12,0x0C,408,0xFEBE4BE1,rule[41] hw_label=50 route=2,0x7C640,0x4B3AA,0xFEBE52FB,0xFEBE535B,0x4B3AA,yes,287,0,n/a (no stock COM extraction),n/a,n/a,n/a,n/a,none,none,0,shares PDU update counter 0xFEBE535B,none as configured COM signal; PDU handler extracts other signal IDs,classified-no-com-extraction,,"classification=configured_not_extracted_by_pdu_handler; basis=same PDU has recovered generated extraction calls, but this configured signal ID is absent from the complete receive-signal/group-byte API census"
signal,48,42,0x64F,classic,8,8,600,0x0C,440,0xFEBE4C01,rule[42] hw_label=51 route=2,0x7C640,0x4B470,0xFEBE52FC,0xFEBE535C,0x4B470,no,288,0,B2[5:4],big,2,4,0,ram,0xFEBE807E,1,shares PDU update counter 0xFEBE535C,0x4703E,recovered,0x4B49E,extract=bitfield; buf_off=442; evidence_window=0x4B470-0x4B49E; body_sha256=8643055ab34b80fb…
signal,48,42,0x64F,classic,8,8,600,0x0C,440,0xFEBE4C01,rule[42] hw_label=51 route=2,0x7C640,0x4B470,0xFEBE52FC,0xFEBE535C,0x4B470,no,289,0,B2/start0/len12,big,12,0,1,ram,0xFEBE807C,2,shares PDU update counter 0xFEBE535C,0x4703E,recovered,0x4B4BA,extract=bitfield; buf_off=442; evidence_window=0x4B47A-0x4B4BA; body_sha256=8643055ab34b80fb…
signal,48,42,0x64F,classic,8,8,600,0x0C,440,0xFEBE4C01,rule[42] hw_label=51 route=2,0x7C640,0x4B470,0xFEBE52FC,0xFEBE535C,0x4B470,no,290,0,n/a (no stock COM extraction),n/a,n/a,n/a,n/a,none,none,0,shares PDU update counter 0xFEBE535C,none as configured COM signal; PDU handler extracts other signal IDs,classified-no-com-extraction,,"classification=configured_not_extracted_by_pdu_handler; basis=same PDU has recovered generated extraction calls, but this configured signal ID is absent from the complete receive-signal/group-byte API census"
signal,49,43,0x20,classic,8,8,6,0x0C,448,0xFEBE4C09,rule[43] hw_label=52 route=2,0x7C640,0x4B4D6,0xFEBE52FD,0xFEBE535D,0x4B4D6,no,291,0,B0[5:4],big,2,4,0,ram,0xFEBE8084,1,shares PDU update counter 0xFEBE535D,configured-unresolved; bound=Ghidra READ xref of dest excluding COM unpacker cluster 0x4A200-0x4B700,recovered,0x4B504,extract=bitfield; buf_off=448; evidence_window=0x4B4D6-0x4B504; body_sha256=8a3fb53765277962…
signal,49,43,0x20,classic,8,8,6,0x0C,448,0xFEBE4C09,rule[43] hw_label=52 route=2,0x7C640,0x4B4D6,0xFEBE52FD,0xFEBE535D,0x4B4D6,no,292,0,B0/start0/len12,big,12,0,1,ram,0xFEBE8082,2,shares PDU update counter 0xFEBE535D,configured-unresolved; bound=Ghidra READ xref of dest excluding COM unpacker cluster 0x4A200-0x4B700,recovered,0x4B520,extract=bitfield; buf_off=448; evidence_window=0x4B4E0-0x4B520; body_sha256=8a3fb53765277962…
signal,49,43,0x20,classic,8,8,6,0x0C,448,0xFEBE4C09,rule[43] hw_label=52 route=2,0x7C640,0x4B4D6,0xFEBE52FD,0xFEBE535D,0x4B4D6,no,293,0,n/a (no stock COM extraction),n/a,n/a,n/a,n/a,none,none,0,shares PDU update counter 0xFEBE535D,none as configured COM signal; PDU handler extracts other signal IDs,classified-no-com-extraction,,"classification=configured_not_extracted_by_pdu_handler; basis=same PDU has recovered generated extraction calls, but this configured signal ID is absent from the complete receive-signal/group-byte API census"
signal,50,44,0x403,classic,8,8,303,0x0C,456,0xFEBE4C11,rule[44] hw_label=53 route=2,0x7C640,0x4B53C,0xFEBE52FE,0xFEBE535E,0x4B53C,no,294,4,B0,big,8,0,0,ram,0xFEBE8087,1,shares PDU update counter 0xFEBE535E,0x56FC2,recovered,0x4B56A,extract=bitfield; buf_off=456; evidence_window=0x4B53C-0x4B56A; body_sha256=5ef1613647947cd5…
signal,50,44,0x403,classic,8,8,303,0x0C,456,0xFEBE4C11,rule[44] hw_label=53 route=2,0x7C640,0x4B53C,0xFEBE52FE,0xFEBE535E,0x4B53C,no,295,4,B1,big,8,0,0,ram,0xFEBE8088,1,shares PDU update counter 0xFEBE535E,0x56FC2,recovered,0x4B584,extract=bitfield; buf_off=457; evidence_window=0x4B544-0x4B584; body_sha256=5ef1613647947cd5…
signal,50,44,0x403,classic,8,8,303,0x0C,456,0xFEBE4C11,rule[44] hw_label=53 route=2,0x7C640,0x4B53C,0xFEBE52FE,0xFEBE535E,0x4B53C,no,296,4,B2,big,8,0,0,ram,0xFEBE808B,1,shares PDU update counter 0xFEBE535E,0x56FC2,recovered,0x4B59E,extract=bitfield; buf_off=458; evidence_window=0x4B55E-0x4B59E; body_sha256=5ef1613647947cd5…
signal,51,45,0x490,classic,1,1,600,0x0C,464,0xFEBE4C19,rule[45] hw_label=54 route=2,0x7C640,0x4B5BA,0xFEBE52FF,0xFEBE535F,0x4B5BA,no,297,0,B0[6:4],big,3,4,0,ram,0xFEBE808C,1,shares PDU update counter 0xFEBE535F,0x56FC2,recovered,0x4B5E8,extract=bitfield; buf_off=464; evidence_window=0x4B5BA-0x4B5E8; body_sha256=099af0dfe27c098a…
signal,51,45,0x490,classic,1,1,600,0x0C,464,0xFEBE4C19,rule[45] hw_label=54 route=2,0x7C640,0x4B5BA,0xFEBE52FF,0xFEBE535F,0x4B5BA,no,298,3,B0[3:0],big,4,0,0,ram,0xFEBE808D,1,shares PDU update counter 0xFEBE535F,0x56FC2,recovered,0x4B602,extract=bitfield; buf_off=464; evidence_window=0x4B5C2-0x4B602; body_sha256=099af0dfe27c098a…
signal,52,46,0x1DA,classic,8,8,600,0x0C,465,0xFEBE4C1A,rule[46] hw_label=55 route=2,0x7C640,0x4B61E,0xFEBE5300,0xFEBE5360,0x4B61E,no,299,3,B0[3:0],big,4,0,0,ram,0xFEBE8090,1,shares PDU update counter 0xFEBE5360,0x56FC2,recovered,0x4B64C,extract=bitfield; buf_off=465; evidence_window=0x4B61E-0x4B64C; body_sha256=8ad21a568b33d66a…
