target_addr,decoded_instruction_count,decoded_byte_count,run_start,run_end,incoming_call_refs,incoming_data_refs,incoming_computed_refs,source_pointer_addrs,source_function_entries,starts_at_instruction_boundary,starts_with_prepare,contains_dispose,terminating_flow_count,overlaps_defined_data,overlaps_existing_function,candidate_class,adjudication_state
0x00000750,6,16,0x00000750,0x0000076f,0,0,0,,,true,false,true,1,false,true,orphan-decoded-run,unresolved
0x0000075c,11,26,0x00000750,0x0000076f,0,1,0,,0x0003704a,true,false,true,1,false,true,pointer-referenced-code-run,unresolved
0x00000766,3,10,0x00000766,0x0000076f,0,0,0,,,true,false,true,1,false,false,orphan-decoded-run,unresolved
0x00008378,13,34,0x00008378,0x00008399,0,0,0,,,true,false,true,1,false,false,orphan-decoded-run,unresolved
0x00008380,13,34,0x00008378,0x00008399,0,5,0,,0x000628ee;0x00062af2;0x00062bc6,true,false,true,1,false,false,pointer-referenced-code-run,unresolved
0x00008390,3,10,0x00008390,0x00008399,0,0,0,,,true,false,true,1,false,false,orphan-decoded-run,unresolved
0x00008792,4,8,0x00008792,0x00008799,0,1,0,,0x00003aba,true,false,false,1,false,false,pointer-referenced-code-run,unresolved
0x00008798,1,2,0x00008798,0x00008799,0,1,0,,,true,false,false,1,false,false,pointer-referenced-code-run,unresolved
0x00008e58,17,36,0x00008e58,0x00008e7b,0,1,0,,0x00005222,true,false,false,1,false,false,pointer-referenced-code-run,unresolved
0x0000c350,1,2,0x0000c350,0x0000c351,0,1,0,,,true,false,false,1,false,false,pointer-referenced-code-run,unresolved
0x0000c800,1,2,0x0000c800,0x0000c801,0,2,0,,0x000bc766,true,false,false,1,false,false,pointer-referenced-code-run,unresolved
0x0000e000,1,2,0x0000e000,0x0000e001,0,7,0,,0x000016f2;0x00056fc2;0x00058404;0x000601ca;0x0006fb50;0x000bd10e,true,false,false,1,false,false,pointer-referenced-code-run,unresolved
0x0000e3e0,1,2,0x0000e3e0,0x0000e3e1,0,1,0,,,true,false,false,1,false,false,pointer-referenced-code-run,unresolved
0x0000ff5a,1,2,0x0000ff5a,0x0000ff5b,0,13,0,,,true,false,false,1,false,false,pointer-referenced-code-run,unresolved
0x00010006,1,2,0x00010006,0x00010007,0,1,0,,,true,false,false,1,false,false,pointer-referenced-code-run,unresolved
0x00010008,3,6,0x00010008,0x0001000d,0,1,0,,,true,false,false,1,false,false,pointer-referenced-code-run,unresolved
0x00010014,1,2,0x00010014,0x00010015,0,1,0,,,true,false,false,1,false,false,pointer-referenced-code-run,unresolved
0x00010402,1,2,0x00010402,0x00010403,0,1,0,,,true,false,false,1,false,false,pointer-referenced-code-run,unresolved
0x00011002,1,2,0x00011002,0x00011003,0,1,0,,,true,false,false,1,false,false,pointer-referenced-code-run,unresolved
0x00011038,1,2,0x00011038,0x00011039,0,1,0,,,true,false,false,1,false,false,pointer-referenced-code-run,unresolved
0x00011066,1,2,0x00011066,0x00011067,0,1,0,,,true,false,false,1,false,false,pointer-referenced-code-run,unresolved
0x0001106a,1,2,0x0001106a,0x0001106b,0,1,0,,,true,false,false,1,false,false,pointer-referenced-code-run,unresolved
0x000110ca,1,2,0x000110ca,0x000110cb,0,2,0,,,true,false,false,1,false,false,pointer-referenced-code-run,unresolved
0x00011130,1,2,0x00011130,0x00011131,0,1,0,,,true,false,false,1,false,false,pointer-referenced-code-run,unresolved
0x00011182,1,2,0x00011182,0x00011183,0,1,0,,,true,false,false,1,false,false,pointer-referenced-code-run,unresolved
0x000111bc,1,2,0x000111bc,0x000111bd,0,1,0,,,true,false,false,1,false,false,pointer-referenced-code-run,unresolved
0x000111c8,1,2,0x000111c8,0x000111c9,0,1,0,,,true,false,false,1,false,false,pointer-referenced-code-run,unresolved
0x00011c52,1,2,0x00011c52,0x00011c53,0,1,0,,,true,false,false,1,false,false,pointer-referenced-code-run,unresolved
0x00011c9a,1,2,0x00011c9a,0x00011c9b,0,1,0,,,true,false,false,1,false,false,pointer-referenced-code-run,unresolved
0x00011cac,1,2,0x00011cac,0x00011cad,0,1,0,,,true,false,false,1,false,false,pointer-referenced-code-run,unresolved
0x00011f04,1,2,0x00011f04,0x00011f05,0,1,0,,,true,false,false,1,false,false,pointer-referenced-code-run,unresolved
0x00012014,1,2,0x00012014,0x00012015,0,1,0,,,true,false,false,1,false,false,pointer-referenced-code-run,unresolved
0x00012c00,1,2,0x00012c00,0x00012c01,0,2,0,,,true,false,false,1,false,false,pointer-referenced-code-run,unresolved
0x00013062,1,2,0x00013062,0x00013063,0,1,0,,,true,false,false,1,false,false,pointer-referenced-code-run,unresolved
0x00013122,1,2,0x00013122,0x00013123,0,1,0,,,true,false,false,1,false,false,pointer-referenced-code-run,unresolved
0x0001312e,1,2,0x0001312e,0x0001312f,0,1,0,,,true,false,false,1,false,false,pointer-referenced-code-run,unresolved
0x00013182,1,2,0x00013182,0x00013183,0,1,0,,,true,false,false,1,false,false,pointer-referenced-code-run,unresolved
0x00013184,1,2,0x00013184,0x00013185,0,1,0,,,true,false,false,1,false,false,pointer-referenced-code-run,unresolved
0x00013186,1,2,0x00013186,0x00013187,0,1,0,,,true,false,false,1,false,false,pointer-referenced-code-run,unresolved
0x00013880,1,2,0x00013880,0x00013881,0,1,0,,,true,false,false,1,false,false,pointer-referenced-code-run,unresolved
0x00013c32,1,2,0x00013c32,0x00013c33,0,1,0,,,true,false,false,1,false,false,pointer-referenced-code-run,unresolved
0x00013c38,1,2,0x00013c38,0x00013c39,0,1,0,,,true,false,false,1,false,false,pointer-referenced-code-run,unresolved
0x00013c3e,1,2,0x00013c3e,0x00013c3f,0,1,0,,,true,false,false,1,false,false,pointer-referenced-code-run,unresolved
0x00013c44,1,2,0x00013c44,0x00013c45,0,1,0,,,true,false,false,1,false,false,pointer-referenced-code-run,unresolved
0x00013c4a,1,2,0x00013c4a,0x00013c4b,0,1,0,,,true,false,false,1,false,false,pointer-referenced-code-run,unresolved
0x00013c50,1,2,0x00013c50,0x00013c51,0,1,0,,,true,false,false,1,false,false,pointer-referenced-code-run,unresolved
0x00013c52,1,2,0x00013c52,0x00013c53,0,1,0,,,true,false,false,1,false,false,pointer-referenced-code-run,unresolved
0x00014000,1,2,0x00014000,0x00014001,0,12,0,,0x000c33e2;0x000c35e8;0x000c41dc;0x000c43f0;0x000c507c;0x000c51a8,true,false,false,1,false,false,pointer-referenced-code-run,unresolved
0x00018000,1,2,0x00018000,0x00018001,0,4,0,,,true,false,false,1,false,false,pointer-referenced-code-run,unresolved
0x00018460,15,38,0x00018460,0x00018485,0,1,0,,0x000377ce,true,false,false,1,false,false,pointer-referenced-code-run,unresolved
0x0001a4dc,2,6,0x0001a4dc,0x0001a4e1,0,1,0,,0x000b744e,true,false,true,1,false,false,pointer-referenced-code-run,unresolved
0x0001a5c8,5,10,0x0001a5c8,0x0001a5d1,0,5,0,,0x000bf376;0x000bf600,true,false,false,1,false,false,pointer-referenced-code-run,unresolved
0x0001a60c,5,10,0x0001a60c,0x0001a615,0,5,0,,0x000bf376;0x000bf600,true,false,false,1,false,false,pointer-referenced-code-run,unresolved
0x0001a650,5,10,0x0001a650,0x0001a659,0,1,0,,,true,false,false,1,false,false,pointer-referenced-code-run,unresolved
0x0001a7e8,5,10,0x0001a7e8,0x0001a7f1,0,1,0,,,true,false,false,1,false,false,pointer-referenced-code-run,unresolved
0x0001a82c,5,10,0x0001a82c,0x0001a835,0,1,0,,,true,false,false,1,false,false,pointer-referenced-code-run,unresolved
0x0001a870,5,10,0x0001a870,0x0001a879,0,1,0,,,true,false,false,1,false,false,pointer-referenced-code-run,unresolved
0x0001aa98,6,14,0x0001aa98,0x0001b9a1,0,16,0,,,true,false,false,1,false,false,pointer-referenced-code-run,unresolved
0x0001aaac,12,30,0x0001aaac,0x0001b9c5,0,16,0,,,true,false,false,1,false,false,pointer-referenced-code-run,unresolved
0x0001aab4,9,22,0x0001aab4,0x0001b9c5,0,1,0,,,true,false,false,1,false,false,pointer-referenced-code-run,unresolved
0x0001ab84,3,6,0x0001ab84,0x0001ab89,0,1,0,,,true,false,false,1,false,false,pointer-referenced-code-run,unresolved
0x0001abac,3,6,0x0001abac,0x0001abb1,0,1,0,,,true,false,false,1,false,false,pointer-referenced-code-run,unresolved
0x0001abd4,3,6,0x0001abd4,0x0001abd9,0,1,0,,,true,false,false,1,false,false,pointer-referenced-code-run,unresolved
0x0001abfc,3,6,0x0001abfc,0x0001ac01,0,1,0,,,true,false,false,1,false,false,pointer-referenced-code-run,unresolved
0x0001ac24,3,6,0x0001ac24,0x0001ac29,0,1,0,,,true,false,false,1,false,false,pointer-referenced-code-run,unresolved
0x0001acc4,3,6,0x0001acc4,0x0001acc9,0,1,0,,,true,false,false,1,false,false,pointer-referenced-code-run,unresolved
0x0001acec,3,6,0x0001acec,0x0001acf1,0,1,0,,,true,false,false,1,false,false,pointer-referenced-code-run,unresolved
0x0001ad14,3,6,0x0001ad14,0x0001ad19,0,1,0,,,true,false,false,1,false,false,pointer-referenced-code-run,unresolved
0x0001ad3c,3,6,0x0001ad3c,0x0001ad41,0,1,0,,,true,false,false,1,false,false,pointer-referenced-code-run,unresolved
0x0001ad64,3,6,0x0001ad64,0x0001ad69,0,1,0,,,true,false,false,1,false,false,pointer-referenced-code-run,unresolved
0x0001b0be,18,38,0x0001b0be,0x0001b0e3,0,1,0,,,true,false,false,1,false,false,pointer-referenced-code-run,unresolved
0x0001b224,15,36,0x0001b224,0x0001b313,0,1,0,,,true,false,false,1,false,false,pointer-referenced-code-run,unresolved
0x0001b26c,2,4,0x0001b26c,0x0001b26f,0,1,0,,,true,false,false,1,false,false,pointer-referenced-code-run,unresolved
0x0001b2fc,10,24,0x0001b2fc,0x0001b313,0,0,0,,,true,false,false,1,false,false,orphan-decoded-run,unresolved
0x0001b370,3,6,0x0001b370,0x0001b375,0,16,0,,,true,false,false,1,false,false,pointer-referenced-code-run,unresolved
0x0001b3de,25,58,0x0001b3de,0x0001b417,0,1,0,,,true,false,true,1,false,false,pointer-referenced-code-run,unresolved
0x0001b43e,3,6,0x0001b43e,0x0001b443,0,1,0,,0x000c5906,true,false,false,1,false,false,pointer-referenced-code-run,unresolved
0x0001b484,3,6,0x0001b484,0x0001b489,0,1,0,,,true,false,false,1,false,false,pointer-referenced-code-run,unresolved
0x0001b4a8,3,6,0x0001b4a8,0x0001b4ad,0,1,0,,,true,false,false,1,false,false,pointer-referenced-code-run,unresolved
0x0001b4cc,3,6,0x0001b4cc,0x0001b4d1,0,1,0,,,true,false,false,1,false,false,pointer-referenced-code-run,unresolved
0x0001b4f0,3,6,0x0001b4f0,0x0001b4f5,0,1,0,,,true,false,false,1,false,false,pointer-referenced-code-run,unresolved
0x0001b514,3,6,0x0001b514,0x0001b519,0,1,0,,,true,false,false,1,false,false,pointer-referenced-code-run,unresolved
0x0001b538,3,6,0x0001b538,0x0001b53d,0,1,0,,,true,false,false,1,false,false,pointer-referenced-code-run,unresolved
0x0001b55c,3,6,0x0001b55c,0x0001b561,0,1,0,,,true,false,false,1,false,false,pointer-referenced-code-run,unresolved
0x0001b580,3,6,0x0001b580,0x0001b585,0,1,0,,,true,false,false,1,false,false,pointer-referenced-code-run,unresolved
0x0001b5a4,17,38,0x0001b5a4,0x0001b9c5,0,1,0,,,true,false,false,1,false,false,pointer-referenced-code-run,unresolved
0x0001b5c8,3,6,0x0001b5c8,0x0001b5cd,0,1,0,,,true,false,false,1,false,false,pointer-referenced-code-run,unresolved
0x0001b5ec,3,6,0x0001b5ec,0x0001b5f1,0,1,0,,,true,false,false,1,false,false,pointer-referenced-code-run,unresolved
0x0001b610,3,6,0x0001b610,0x0001b615,0,1,0,,,true,false,false,1,false,false,pointer-referenced-code-run,unresolved
0x0001b634,3,6,0x0001b634,0x0001b639,0,1,0,,,true,false,false,1,false,false,pointer-referenced-code-run,unresolved
0x0001b658,3,6,0x0001b658,0x0001b65d,0,1,0,,,true,false,false,1,false,false,pointer-referenced-code-run,unresolved
0x0001b67c,3,6,0x0001b67c,0x0001b681,0,1,0,,,true,false,false,1,false,false,pointer-referenced-code-run,unresolved
0x0001b6a0,3,6,0x0001b6a0,0x0001b6a5,0,1,0,,,true,false,false,1,false,false,pointer-referenced-code-run,unresolved
0x0001b6c4,3,6,0x0001b6c4,0x0001b6c9,0,1,0,,,true,false,false,1,false,false,pointer-referenced-code-run,unresolved
0x0001b8f6,3,6,0x0001b8f6,0x0001b8fb,0,1,0,,0x000c39cc,true,false,false,1,false,false,pointer-referenced-code-run,unresolved
0x0001b91a,3,6,0x0001b91a,0x0001b91f,0,1,0,,0x000c39cc,true,false,false,1,false,false,pointer-referenced-code-run,unresolved
0x0001b99c,3,6,0x0001b99c,0x0001b9a1,0,1,0,,0x000c5ec8,true,false,false,1,false,false,pointer-referenced-code-run,unresolved
0x0001b9ac,12,26,0x0001b9ac,0x0001b9c5,0,0,0,,,true,false,false,1,false,false,orphan-decoded-run,unresolved
0x0001b9b8,6,14,0x0001b9b8,0x0001b9c5,0,0,0,,,true,false,false,1,false,false,orphan-decoded-run,unresolved
0x0001b9c0,3,6,0x0001b9c0,0x0001b9c5,0,1,0,,0x000c5ec8,true,false,false,1,false,false,pointer-referenced-code-run,unresolved
0x0001bc5a,3,6,0x0001bc5a,0x0001bc5f,0,1,0,,0x000c9412,true,false,false,1,false,false,pointer-referenced-code-run,unresolved
0x0001bc7e,3,6,0x0001bc7e,0x0001bc83,0,1,0,,0x000c9412,true,false,false,1,false,false,pointer-referenced-code-run,unresolved
0x0001bca2,3,6,0x0001bca2,0x0001bca7,0,1,0,,0x000c94d0,true,false,false,1,false,false,pointer-referenced-code-run,unresolved
0x0001c474,1,2,0x0001c474,0x0001c475,0,3,0,,,true,false,false,1,false,false,pointer-referenced-code-run,unresolved
0x0001c924,1,2,0x0001c924,0x0001c925,0,1,0,,,true,false,false,1,false,false,pointer-referenced-code-run,unresolved
0x0001f200,1,2,0x0001f200,0x0001f201,0,1,0,,,true,false,false,1,false,false,pointer-referenced-code-run,unresolved
0x0001f400,1,2,0x0001f400,0x0001f401,0,3,0,,0x000c8f2a;0x000c9290,true,false,false,1,false,false,pointer-referenced-code-run,unresolved
0x00020000,2,8,0x00020000,0x00020007,0,72,0,,0x0003bbea;0x0003bc4a;0x0003e674;0x0003e6ca;0x0003eb70;0x0004048c;0x000404c2;0x0004347c;0x000557ac;0x00055910;0x00055974;0x00055cc8;0x00058404;0x000b0ab4;0x000b0b80;0x000b0c4a;0x000b0d14;0x000b0df0;0x000b0eba;0x000b0f84;0x000b104a;0x000b1110;0x000b11da;0x000b129e;0x000b1364;0x000b143a;0x000b170a;0x000b17de;0x000b181a;0x000b1908;0x000b19b6;0x000b1b74,true,false,false,1,false,false,pointer-referenced-code-run,unresolved
0x00020002,1,6,0x00020002,0x00020007,0,30,0,,0x0003baea;0x0003bc4a;0x00055910;0x00055cc8;0x00058404;0x000b047e;0x000b1b74;0x000b20ea,true,false,false,1,false,false,pointer-referenced-code-run,unresolved
0x00020040,2,8,0x00020040,0x00020047,0,1,0,,,true,false,false,1,false,false,pointer-referenced-code-run,unresolved
0x00020090,2,8,0x00020090,0x00020097,0,1,0,,,true,false,false,1,false,false,pointer-referenced-code-run,unresolved
0x00020974,1,2,0x00020974,0x00020975,0,1,0,,,true,false,false,1,false,false,pointer-referenced-code-run,unresolved
0x00021618,3,6,0x00021618,0x0002161d,0,1,0,,0x0006fb50,true,false,false,1,false,false,pointer-referenced-code-run,unresolved
0x00021968,2,4,0x00021968,0x0002196b,0,1,0,,,true,false,false,1,false,false,pointer-referenced-code-run,unresolved
0x0002196a,1,2,0x0002196a,0x0002196b,0,2,0,,0x0007e4ce;0x0007e504,true,false,false,1,false,false,pointer-referenced-code-run,unresolved
0x00021f68,1,4,0x00021f68,0x00021f6b,0,2,0,,0x0007e5f2,true,false,false,1,false,false,pointer-referenced-code-run,unresolved
0x00021f6e,2,6,0x00021f6e,0x00021f73,0,2,0,,0x0007ef96;0x0007f002,true,false,false,1,false,false,pointer-referenced-code-run,unresolved
0x00021f70,1,4,0x00021f70,0x00021f73,0,1,0,,,true,false,false,1,false,false,pointer-referenced-code-run,unresolved
0x00022f7c,2,8,0x00022f7c,0x00022f83,0,3,0,,0x00082a24;0x0008379c;0x000845aa,true,false,false,1,false,false,pointer-referenced-code-run,unresolved
0x000280f4,2,10,0x000280f4,0x000280fd,0,0,0,,,true,false,false,1,false,false,orphan-decoded-run,unresolved
0x00028100,3,14,0x00028100,0x0002810d,0,0,0,,,true,false,false,1,false,false,orphan-decoded-run,unresolved
0x00028110,3,14,0x00028110,0x0002811d,0,0,0,,,true,false,false,1,false,false,orphan-decoded-run,unresolved
0x00028120,3,14,0x00028120,0x0002812d,0,0,0,,,true,false,false,1,false,false,orphan-decoded-run,unresolved
0x0002bb68,2,4,0x0002bb68,0x0002bb6b,0,1,0,,0x00044f2c,true,false,false,1,false,false,pointer-referenced-code-run,unresolved
0x0002bb6c,2,4,0x0002bb6c,0x0002bb6f,0,1,0,,0x00044ffc,true,false,false,1,false,false,pointer-referenced-code-run,unresolved
0x0002c0a2,4,8,0x0002c0a2,0x0002c0a9,0,4,0,,0x00037448,true,false,false,1,false,false,pointer-referenced-code-run,unresolved
0x0002c2a6,3,8,0x0002c2a6,0x0002c2ad,0,4,0,,0x00037448,true,false,false,1,false,false,pointer-referenced-code-run,unresolved
0x0002d4b8,4,8,0x0002d4b8,0x0002d4bf,0,1,0,,,true,false,false,1,false,false,pointer-referenced-code-run,unresolved
0x0002dcc0,4,8,0x0002dcc0,0x0002dcc7,0,1,0,,,true,false,false,1,false,false,pointer-referenced-code-run,unresolved
0x0002f8dc,4,8,0x0002f8dc,0x0002f8e3,0,1,0,,,true,false,false,1,false,false,pointer-referenced-code-run,unresolved
0x0002fcf0,2,4,0x0002fcf0,0x0002fcf3,0,1,0,,0x0003a352,true,false,false,1,false,false,pointer-referenced-code-run,unresolved
0x0002fd04,2,4,0x0002fd04,0x0002fd07,0,1,0,,0x0003a352,true,false,false,1,false,false,pointer-referenced-code-run,unresolved
0x0002fd18,2,4,0x0002fd18,0x0002fd1b,0,1,0,,0x0003a352,true,false,false,1,false,false,pointer-referenced-code-run,unresolved
0x0002fd2c,2,4,0x0002fd2c,0x0002fd2f,0,1,0,,0x0003a352,true,false,false,1,false,false,pointer-referenced-code-run,unresolved
0x0002fd40,2,4,0x0002fd40,0x0002fd43,0,1,0,,0x0003a352,true,false,false,1,false,false,pointer-referenced-code-run,unresolved
0x00030400,3,6,0x00030400,0x00030405,0,1,0,,,true,false,false,1,false,false,pointer-referenced-code-run,unresolved
0x00030500,15,30,0x00030500,0x0003051d,0,1,0,,,true,false,false,1,false,false,pointer-referenced-code-run,unresolved
0x00030f5c,10,26,0x00030f5c,0x00030f75,0,1,0,,0x0006428e,true,false,false,1,false,false,pointer-referenced-code-run,unresolved
0x0003b2c6,7,22,0x0003b2c6,0x0003b2db,0,1,0,,,true,false,false,2,false,false,pointer-referenced-code-run,unresolved
0x0003b2d6,2,6,0x0003b2d6,0x0003b2db,0,0,0,,,true,false,false,1,false,false,orphan-decoded-run,unresolved
0x0003b358,7,22,0x0003b358,0x0003b36d,0,1,0,,,true,false,false,2,false,false,pointer-referenced-code-run,unresolved
0x0003b368,2,6,0x0003b368,0x0003b36d,0,0,0,,,true,false,false,1,false,false,orphan-decoded-run,unresolved
0x0003b460,19,52,0x0003b460,0x0003b493,0,1,0,,,true,false,false,3,false,false,pointer-referenced-code-run,unresolved
0x0003b482,2,6,0x0003b482,0x0003b487,0,0,0,,,true,false,false,1,false,false,orphan-decoded-run,unresolved
0x0003b488,2,6,0x0003b488,0x0003b48d,0,0,0,,,true,false,false,1,false,false,orphan-decoded-run,unresolved
0x0003b48e,2,6,0x0003b48e,0x0003b493,0,0,0,,,true,false,false,1,false,false,orphan-decoded-run,unresolved
0x0003b510,19,52,0x0003b510,0x0003b543,0,1,0,,,true,false,false,3,false,false,pointer-referenced-code-run,unresolved
0x0003b532,2,6,0x0003b532,0x0003b537,0,0,0,,,true,false,false,1,false,false,orphan-decoded-run,unresolved
0x0003b538,2,6,0x0003b538,0x0003b53d,0,0,0,,,true,false,false,1,false,false,orphan-decoded-run,unresolved
0x0003b53e,2,6,0x0003b53e,0x0003b543,0,0,0,,,true,false,false,1,false,false,orphan-decoded-run,unresolved
0x0003ce2a,35,98,0x0003ce2a,0x0003ce8b,0,1,0,,,true,false,false,1,false,false,pointer-referenced-code-run,unresolved
0x0003ce4c,20,60,0x0003ce4c,0x0003ce8b,0,0,0,,,true,false,false,1,false,false,orphan-decoded-run,unresolved
0x0003ce5c,12,36,0x0003ce5c,0x0003ce8b,0,0,0,,,true,false,false,1,false,false,orphan-decoded-run,unresolved
0x0003ce60,12,38,0x0003ce60,0x0003ce8b,0,0,0,,,true,false,false,1,false,false,orphan-decoded-run,unresolved
0x0003ce6c,4,12,0x0003ce6c,0x0003ce8b,0,0,0,,,true,false,false,1,false,false,orphan-decoded-run,unresolved
0x0003ce72,10,32,0x0003ce6c,0x0003ce8b,0,0,0,,,true,false,false,1,false,false,orphan-decoded-run,unresolved
0x0003ce78,6,20,0x0003ce78,0x0003ce8b,0,0,0,,,true,false,false,1,false,false,orphan-decoded-run,unresolved
0x0003ce86,2,6,0x0003ce86,0x0003ce8b,0,0,0,,,true,false,false,1,false,false,orphan-decoded-run,unresolved
0x0003cf2c,11,32,0x0003cf2c,0x0003cf4b,0,2,0,,,true,false,false,2,false,false,pointer-referenced-code-run,unresolved
0x0003cf46,2,6,0x0003cf46,0x0003cf4b,0,0,0,,,true,false,false,1,false,false,orphan-decoded-run,unresolved
0x0003cf4c,11,32,0x0003cf4c,0x0003cf6b,0,1,0,,,true,false,false,2,false,false,pointer-referenced-code-run,unresolved
0x0003cf60,2,6,0x0003cf60,0x0003cf65,0,0,0,,,true,false,false,1,false,false,orphan-decoded-run,unresolved
0x0003cf66,2,6,0x0003cf66,0x0003cf6b,0,0,0,,,true,false,false,1,false,false,orphan-decoded-run,unresolved
0x0003cff8,12,38,0x0003cff8,0x0003d01d,0,3,0,,,true,false,false,3,false,false,pointer-referenced-code-run,unresolved
0x0003d012,2,6,0x0003d012,0x0003d017,0,0,0,,,true,false,false,1,false,false,orphan-decoded-run,unresolved
0x0003d018,2,6,0x0003d018,0x0003d01d,0,0,0,,,true,false,false,1,false,false,orphan-decoded-run,unresolved
0x0003d0aa,12,38,0x0003d0aa,0x0003d0cf,0,3,0,,,true,false,false,3,false,false,pointer-referenced-code-run,unresolved
0x0003d0c4,2,6,0x0003d0c4,0x0003d0c9,0,0,0,,,true,false,false,1,false,false,orphan-decoded-run,unresolved
0x0003d0ca,2,6,0x0003d0ca,0x0003d0cf,0,0,0,,,true,false,false,1,false,false,orphan-decoded-run,unresolved
0x0003d184,29,84,0x0003d184,0x0003d1d7,0,1,0,,,true,false,false,4,false,false,pointer-referenced-code-run,unresolved
0x0003d1a4,20,52,0x0003d1a4,0x0003d1d7,0,0,0,,,true,false,false,4,false,false,orphan-decoded-run,unresolved
0x0003d1b4,11,30,0x0003d1b4,0x0003d1d1,0,0,0,,,true,false,false,2,false,false,orphan-decoded-run,unresolved
0x0003d1cc,2,6,0x0003d1cc,0x0003d1d1,0,0,0,,,true,false,false,1,false,false,orphan-decoded-run,unresolved
0x0003d1d2,2,6,0x0003d1d2,0x0003d1d7,0,0,0,,,true,false,false,1,false,false,orphan-decoded-run,unresolved
0x0003d202,29,84,0x0003d202,0x0003d255,0,1,0,,,true,false,false,4,false,false,pointer-referenced-code-run,unresolved
0x0003d222,20,52,0x0003d222,0x0003d255,0,0,0,,,true,false,false,4,false,false,orphan-decoded-run,unresolved
0x0003d232,11,30,0x0003d232,0x0003d24f,0,0,0,,,true,false,false,2,false,false,orphan-decoded-run,unresolved
0x0003d24a,2,6,0x0003d24a,0x0003d24f,0,0,0,,,true,false,false,1,false,false,orphan-decoded-run,unresolved
0x0003d250,2,6,0x0003d250,0x0003d255,0,0,0,,,true,false,false,1,false,false,orphan-decoded-run,unresolved
0x0003d310,29,84,0x0003d310,0x0003d363,0,1,0,,,true,false,false,4,false,false,pointer-referenced-code-run,unresolved
0x0003d330,20,52,0x0003d330,0x0003d363,0,0,0,,,true,false,false,4,false,false,orphan-decoded-run,unresolved
0x0003d340,11,30,0x0003d340,0x0003d35d,0,0,0,,,true,false,false,2,false,false,orphan-decoded-run,unresolved
0x0003d358,2,6,0x0003d358,0x0003d35d,0,0,0,,,true,false,false,1,false,false,orphan-decoded-run,unresolved
0x0003d35e,2,6,0x0003d35e,0x0003d363,0,0,0,,,true,false,false,1,false,false,orphan-decoded-run,unresolved
0x0003d38e,29,84,0x0003d38e,0x0003d3e1,0,1,0,,,true,false,false,4,false,false,pointer-referenced-code-run,unresolved
0x0003d3ae,20,52,0x0003d3ae,0x0003d3e1,0,0,0,,,true,false,false,4,false,false,orphan-decoded-run,unresolved
0x0003d3be,11,30,0x0003d3be,0x0003d3db,0,0,0,,,true,false,false,2,false,false,orphan-decoded-run,unresolved
0x0003d3d6,2,6,0x0003d3d6,0x0003d3db,0,0,0,,,true,false,false,1,false,false,orphan-decoded-run,unresolved
0x0003d3dc,2,6,0x0003d3dc,0x0003d3e1,0,0,0,,,true,false,false,1,false,false,orphan-decoded-run,unresolved
0x0003d49a,55,146,0x0003d49a,0x0003d52b,0,1,0,,,true,false,false,1,false,false,pointer-referenced-code-run,unresolved
0x0003d4c2,39,102,0x0003d4c2,0x0003d52b,0,0,0,,,true,false,false,1,false,false,orphan-decoded-run,unresolved
0x0003d4d6,31,82,0x0003d4d6,0x0003d52b,0,0,0,,,true,false,false,1,false,false,orphan-decoded-run,unresolved
0x0003d4de,28,74,0x0003d4de,0x0003d52b,0,0,0,,,true,false,false,1,false,false,orphan-decoded-run,unresolved
0x0003d4e6,25,66,0x0003d4e6,0x0003d52b,0,0,0,,,true,false,false,1,false,false,orphan-decoded-run,unresolved
0x0003d4ee,22,58,0x0003d4ee,0x0003d52b,0,0,0,,,true,false,false,1,false,false,orphan-decoded-run,unresolved
0x0003d506,12,28,0x0003d506,0x0003d52b,0,0,0,,,true,false,false,1,false,false,orphan-decoded-run,unresolved
0x0003d50c,12,28,0x0003d50c,0x0003d52b,0,0,0,,,true,false,false,1,false,false,orphan-decoded-run,unresolved
0x0003d512,11,26,0x0003d512,0x0003d52b,0,0,0,,,true,false,false,1,false,false,orphan-decoded-run,unresolved
0x0003d516,10,22,0x0003d516,0x0003d52b,0,0,0,,,true,false,false,1,false,false,orphan-decoded-run,unresolved
0x0003d63a,55,146,0x0003d63a,0x0003d6cb,0,1,0,,,true,false,false,1,false,false,pointer-referenced-code-run,unresolved
0x0003d662,39,102,0x0003d662,0x0003d6cb,0,0,0,,,true,false,false,1,false,false,orphan-decoded-run,unresolved
0x0003d676,31,82,0x0003d676,0x0003d6cb,0,0,0,,,true,false,false,1,false,false,orphan-decoded-run,unresolved
0x0003d67e,28,74,0x0003d67e,0x0003d6cb,0,0,0,,,true,false,false,1,false,false,orphan-decoded-run,unresolved
0x0003d686,25,66,0x0003d686,0x0003d6cb,0,0,0,,,true,false,false,1,false,false,orphan-decoded-run,unresolved
0x0003d68e,22,58,0x0003d68e,0x0003d6cb,0,0,0,,,true,false,false,1,false,false,orphan-decoded-run,unresolved
0x0003d6a6,12,28,0x0003d6a6,0x0003d6cb,0,0,0,,,true,false,false,1,false,false,orphan-decoded-run,unresolved
0x0003d6ac,12,28,0x0003d6ac,0x0003d6cb,0,0,0,,,true,false,false,1,false,false,orphan-decoded-run,unresolved
0x0003d6b2,11,26,0x0003d6b2,0x0003d6cb,0,0,0,,,true,false,false,1,false,false,orphan-decoded-run,unresolved
0x0003d6b6,10,22,0x0003d6b6,0x0003d6cb,0,0,0,,,true,false,false,1,false,false,orphan-decoded-run,unresolved
0x0003daa6,24,72,0x0003daa6,0x0003daed,0,1,0,,,true,false,false,3,false,false,pointer-referenced-code-run,unresolved
0x0003dabe,17,48,0x0003dabe,0x0003daed,0,0,0,,,true,false,false,3,false,false,orphan-decoded-run,unresolved
0x0003dadc,2,6,0x0003dadc,0x0003dae1,0,0,0,,,true,false,false,1,false,false,orphan-decoded-run,unresolved
0x0003dae2,2,6,0x0003dae2,0x0003dae7,0,0,0,,,true,false,false,1,false,false,orphan-decoded-run,unresolved
0x0003dae8,2,6,0x0003dae8,0x0003daed,0,0,0,,,true,false,false,1,false,false,orphan-decoded-run,unresolved
0x00040002,2,6,0x00040002,0x00040007,0,0,0,,0x0003ffa2,true,false,false,1,false,false,orphan-decoded-run,unresolved
0x00040004,2,4,0x00040004,0x00040007,0,10,0,,0x000357d8;0x00058404,true,false,false,1,false,false,pointer-referenced-code-run,unresolved
0x00041e26,15,44,0x00041e26,0x00041e51,0,3,0,,,true,false,false,2,false,false,pointer-referenced-code-run,unresolved
0x00041e46,2,6,0x00041e46,0x00041e4b,0,0,0,,,true,false,false,1,false,false,orphan-decoded-run,unresolved
0x00041e4c,2,6,0x00041e4c,0x00041e51,0,0,0,,,true,false,false,1,false,false,orphan-decoded-run,unresolved
0x00042220,46,122,0x00042220,0x00042299,0,1,0,,,true,false,false,4,false,false,pointer-referenced-code-run,unresolved
0x00042250,26,68,0x00042250,0x00042293,0,0,0,,,true,false,false,3,false,false,orphan-decoded-run,unresolved
0x0004225a,22,58,0x0004225a,0x00042293,0,0,0,,,true,false,false,3,false,false,orphan-decoded-run,unresolved
0x00042264,2,6,0x00042264,0x00042269,0,0,0,,,true,false,false,1,false,false,orphan-decoded-run,unresolved
0x0004226a,16,42,0x0004226a,0x00042293,0,0,0,,,true,false,false,2,false,false,orphan-decoded-run,unresolved
0x0004228e,2,6,0x0004228e,0x00042293,0,0,0,,,true,false,false,1,false,false,orphan-decoded-run,unresolved
0x00042294,2,6,0x00042294,0x00042299,0,0,0,,,true,false,false,1,false,false,orphan-decoded-run,unresolved
0x00042564,13,38,0x00042564,0x00042589,0,1,0,,,true,false,false,2,false,false,pointer-referenced-code-run,unresolved
0x00042584,2,6,0x00042584,0x00042589,0,0,0,,,true,false,false,1,false,false,orphan-decoded-run,unresolved
0x000428a8,85,214,0x000428a8,0x0004297d,0,1,0,,,true,false,false,4,false,false,pointer-referenced-code-run,unresolved
0x000428ce,73,176,0x000428ce,0x0004297d,0,0,0,,,true,false,false,4,false,false,orphan-decoded-run,unresolved
0x000428d6,69,168,0x000428d6,0x0004297d,0,0,0,,,true,false,false,4,false,false,orphan-decoded-run,unresolved
0x000428e2,65,156,0x000428e2,0x0004297d,0,0,0,,,true,false,false,4,false,false,orphan-decoded-run,unresolved
0x000428ea,61,148,0x000428ea,0x0004297d,0,0,0,,,true,false,false,4,false,false,orphan-decoded-run,unresolved
0x000428f0,58,142,0x000428f0,0x0004297d,0,0,0,,,true,false,false,4,false,false,orphan-decoded-run,unresolved
0x00042900,52,126,0x00042900,0x0004297d,0,0,0,,,true,false,false,4,false,false,orphan-decoded-run,unresolved
0x00042908,48,118,0x00042908,0x0004297d,0,0,0,,,true,false,false,4,false,false,orphan-decoded-run,unresolved
0x0004292c,34,76,0x0004292c,0x00042977,0,0,0,,,true,false,false,3,false,false,orphan-decoded-run,unresolved
0x00042930,32,72,0x00042930,0x00042977,0,0,0,,,true,false,false,3,false,false,orphan-decoded-run,unresolved
0x0004294a,20,46,0x0004294a,0x00042977,0,0,0,,,true,false,false,2,false,false,orphan-decoded-run,unresolved
0x00042972,2,6,0x00042972,0x00042977,0,0,0,,,true,false,false,1,false,false,orphan-decoded-run,unresolved
0x00042978,2,6,0x00042978,0x0004297d,0,0,0,,,true,false,false,1,false,false,orphan-decoded-run,unresolved
0x00042db6,15,44,0x00042db6,0x00042de1,0,3,0,,,true,false,false,2,false,false,pointer-referenced-code-run,unresolved
0x00042dd6,2,6,0x00042dd6,0x00042ddb,0,0,0,,,true,false,false,1,false,false,orphan-decoded-run,unresolved
0x00042ddc,2,6,0x00042ddc,0x00042de1,0,0,0,,,true,false,false,1,false,false,orphan-decoded-run,unresolved
0x000431b0,47,124,0x000431b0,0x0004322b,0,1,0,,,true,false,false,4,false,false,pointer-referenced-code-run,unresolved
0x000431e2,26,68,0x000431e2,0x00043225,0,0,0,,,true,false,false,3,false,false,orphan-decoded-run,unresolved
0x000431ec,22,58,0x000431ec,0x00043225,0,0,0,,,true,false,false,3,false,false,orphan-decoded-run,unresolved
0x000431f6,2,6,0x000431f6,0x000431fb,0,0,0,,,true,false,false,1,false,false,orphan-decoded-run,unresolved
0x000431fc,16,42,0x000431fc,0x00043225,0,0,0,,,true,false,false,2,false,false,orphan-decoded-run,unresolved
0x00043220,2,6,0x00043220,0x00043225,0,0,0,,,true,false,false,1,false,false,orphan-decoded-run,unresolved
0x00043226,2,6,0x00043226,0x0004322b,0,0,0,,,true,false,false,1,false,false,orphan-decoded-run,unresolved
0x000435b2,13,38,0x000435b2,0x000435d7,0,1,0,,,true,false,false,2,false,false,pointer-referenced-code-run,unresolved
0x000435d2,2,6,0x000435d2,0x000435d7,0,0,0,,,true,false,false,1,false,false,orphan-decoded-run,unresolved
0x00043664,13,38,0x00043664,0x00043689,0,1,0,,,true,false,false,2,false,false,pointer-referenced-code-run,unresolved
0x00043684,2,6,0x00043684,0x00043689,0,0,0,,,true,false,false,1,false,false,orphan-decoded-run,unresolved
0x00043c54,12,36,0x00043c54,0x00043c77,0,1,0,,,true,false,false,3,false,false,pointer-referenced-code-run,unresolved
0x00043c6c,2,6,0x00043c6c,0x00043c71,0,0,0,,,true,false,false,1,false,false,orphan-decoded-run,unresolved
0x00043c72,2,6,0x00043c72,0x00043c77,0,0,0,,,true,false,false,1,false,false,orphan-decoded-run,unresolved
0x00043d02,12,36,0x00043d02,0x00043d25,0,1,0,,,true,false,false,3,false,false,pointer-referenced-code-run,unresolved
0x00043d1a,2,6,0x00043d1a,0x00043d1f,0,0,0,,,true,false,false,1,false,false,orphan-decoded-run,unresolved
0x00043d20,2,6,0x00043d20,0x00043d25,0,0,0,,,true,false,false,1,false,false,orphan-decoded-run,unresolved
0x00043dc4,32,80,0x00043dc4,0x00043e13,0,1,0,,,true,false,false,3,false,false,pointer-referenced-code-run,unresolved
0x00043df0,2,6,0x00043df0,0x00043df5,0,0,0,,,true,false,false,1,false,false,orphan-decoded-run,unresolved
0x00043df6,13,30,0x00043df6,0x00043e13,0,0,0,,,true,false,false,2,false,false,orphan-decoded-run,unresolved
0x00043e0e,2,6,0x00043e0e,0x00043e13,0,0,0,,,true,false,false,1,false,false,orphan-decoded-run,unresolved
0x00043eb2,32,80,0x00043eb2,0x00043f01,0,1,0,,,true,false,false,3,false,false,pointer-referenced-code-run,unresolved
0x00043ede,2,6,0x00043ede,0x00043ee3,0,0,0,,,true,false,false,1,false,false,orphan-decoded-run,unresolved
0x00043ee4,13,30,0x00043ee4,0x00043f01,0,0,0,,,true,false,false,2,false,false,orphan-decoded-run,unresolved
0x00043efc,2,6,0x00043efc,0x00043f01,0,0,0,,,true,false,false,1,false,false,orphan-decoded-run,unresolved
0x0004494e,15,46,0x0004494e,0x0004497b,0,1,0,,,true,false,false,3,false,false,pointer-referenced-code-run,unresolved
0x00044970,2,6,0x00044970,0x00044975,0,0,0,,,true,false,false,1,false,false,orphan-decoded-run,unresolved
0x00044976,2,6,0x00044976,0x0004497b,0,0,0,,,true,false,false,1,false,false,orphan-decoded-run,unresolved
0x00044a1a,16,50,0x00044a1a,0x00044a4b,0,1,0,,,true,false,false,3,false,false,pointer-referenced-code-run,unresolved
0x00044a40,2,6,0x00044a40,0x00044a45,0,0,0,,,true,false,false,1,false,false,orphan-decoded-run,unresolved
0x00044a46,2,6,0x00044a46,0x00044a4b,0,0,0,,,true,false,false,1,false,false,orphan-decoded-run,unresolved
0x00044b4a,14,44,0x00044b4a,0x00044b75,0,1,0,,,true,false,false,3,false,false,pointer-referenced-code-run,unresolved
0x00044b6a,2,6,0x00044b6a,0x00044b6f,0,0,0,,,true,false,false,1,false,false,orphan-decoded-run,unresolved
0x00044b70,2,6,0x00044b70,0x00044b75,0,0,0,,,true,false,false,1,false,false,orphan-decoded-run,unresolved
0x00044c14,16,50,0x00044c14,0x00044c45,0,1,0,,,true,false,false,3,false,false,pointer-referenced-code-run,unresolved
0x00044c3a,2,6,0x00044c3a,0x00044c3f,0,0,0,,,true,false,false,1,false,false,orphan-decoded-run,unresolved
0x00044c40,2,6,0x00044c40,0x00044c45,0,0,0,,,true,false,false,1,false,false,orphan-decoded-run,unresolved
0x00044cdc,43,114,0x00044cdc,0x00044d4d,0,2,0,,,true,false,false,1,false,false,pointer-referenced-code-run,unresolved
0x00044d0e,13,32,0x00044d0e,0x00044d4d,0,0,0,,,true,false,false,1,false,false,orphan-decoded-run,unresolved
0x00044d12,18,44,0x00044d12,0x00044d4d,0,0,0,,,true,false,false,1,false,false,orphan-decoded-run,unresolved
0x00044d20,12,30,0x00044d20,0x00044d4d,0,0,0,,,true,false,false,1,false,false,orphan-decoded-run,unresolved
0x00044d2c,4,12,0x00044d2c,0x00044d4d,0,0,0,,,true,false,false,1,false,false,orphan-decoded-run,unresolved
0x00044d32,11,28,0x00044d32,0x00044d4d,0,0,0,,,true,false,false,1,false,false,orphan-decoded-run,unresolved
0x00044d3e,4,12,0x00044d3e,0x00044d4d,0,0,0,,,true,false,false,1,false,false,orphan-decoded-run,unresolved
0x00044d44,3,10,0x00044d44,0x00044d4d,0,0,0,,,true,false,false,1,false,false,orphan-decoded-run,unresolved
0x00044d48,2,6,0x00044d48,0x00044d4d,0,0,0,,,true,false,false,1,false,false,orphan-decoded-run,unresolved
0x00044d4e,12,34,0x00044d4e,0x00044d6f,0,1,0,,,true,false,false,2,false,false,pointer-referenced-code-run,unresolved
0x00044d6a,2,6,0x00044d6a,0x00044d6f,0,0,0,,,true,false,false,1,false,false,orphan-decoded-run,unresolved
0x00044e24,45,108,0x00044e24,0x00044e8f,0,2,0,,,true,false,false,4,false,false,pointer-referenced-code-run,unresolved
0x00044e66,2,6,0x00044e66,0x00044e6b,0,0,0,,,true,false,false,1,false,false,orphan-decoded-run,unresolved
0x00044e6c,13,30,0x00044e6c,0x00044e89,0,0,0,,,true,false,false,2,false,false,orphan-decoded-run,unresolved
0x00044e7e,2,6,0x00044e7e,0x00044e83,0,0,0,,,true,false,false,1,false,false,orphan-decoded-run,unresolved
0x00044e84,2,6,0x00044e84,0x00044e89,0,0,0,,,true,false,false,1,false,false,orphan-decoded-run,unresolved
0x00044e8a,2,6,0x00044e8a,0x00044e8f,0,0,0,,,true,false,false,1,false,false,orphan-decoded-run,unresolved
0x00044e90,28,72,0x00044e90,0x00044ed7,0,1,0,,,true,false,false,3,false,false,pointer-referenced-code-run,unresolved
0x00044ecc,2,6,0x00044ecc,0x00044ed1,0,0,0,,,true,false,false,1,false,false,orphan-decoded-run,unresolved
0x00044ed2,2,6,0x00044ed2,0x00044ed7,0,0,0,,,true,false,false,1,false,false,orphan-decoded-run,unresolved
0x00044f86,25,66,0x00044f86,0x00044fc7,0,1,0,,,true,false,false,3,false,false,pointer-referenced-code-run,unresolved
0x00044fbc,2,6,0x00044fbc,0x00044fc1,0,0,0,,,true,false,false,1,false,false,orphan-decoded-run,unresolved
0x00044fc2,2,6,0x00044fc2,0x00044fc7,0,0,0,,,true,false,false,1,false,false,orphan-decoded-run,unresolved
0x00045056,25,66,0x00045056,0x00045097,0,1,0,,,true,false,false,3,false,false,pointer-referenced-code-run,unresolved
0x0004508c,2,6,0x0004508c,0x00045091,0,0,0,,,true,false,false,1,false,false,orphan-decoded-run,unresolved
0x00045092,2,6,0x00045092,0x00045097,0,0,0,,,true,false,false,1,false,false,orphan-decoded-run,unresolved
0x0004544c,12,34,0x0004544c,0x0004546d,0,3,0,,,true,false,false,2,false,false,pointer-referenced-code-run,unresolved
0x00045462,2,6,0x00045462,0x00045467,0,0,0,,,true,false,false,1,false,false,orphan-decoded-run,unresolved
0x00045468,2,6,0x00045468,0x0004546d,0,0,0,,,true,false,false,1,false,false,orphan-decoded-run,unresolved
0x0004550a,12,34,0x0004550a,0x0004552b,0,3,0,,,true,false,false,2,false,false,pointer-referenced-code-run,unresolved
0x00045520,2,6,0x00045520,0x00045525,0,0,0,,,true,false,false,1,false,false,orphan-decoded-run,unresolved
0x00045526,2,6,0x00045526,0x0004552b,0,0,0,,,true,false,false,1,false,false,orphan-decoded-run,unresolved
0x000456ac,60,158,0x000456ac,0x00045749,0,2,0,,,true,false,false,1,false,false,pointer-referenced-code-run,unresolved
0x000456e0,39,106,0x000456e0,0x00045749,0,0,0,,,true,false,false,1,false,false,orphan-decoded-run,unresolved
0x000456e8,36,98,0x000456e8,0x00045749,0,0,0,,,true,false,false,1,false,false,orphan-decoded-run,unresolved
0x000456f0,33,90,0x000456f0,0x00045749,0,0,0,,,true,false,false,1,false,false,orphan-decoded-run,unresolved
0x000456f8,30,82,0x000456f8,0x00045749,0,0,0,,,true,false,false,1,false,false,orphan-decoded-run,unresolved
0x00045710,22,58,0x00045710,0x00045749,0,0,0,,,true,false,false,1,false,false,orphan-decoded-run,unresolved
0x00045722,16,40,0x00045722,0x00045749,0,0,0,,,true,false,false,1,false,false,orphan-decoded-run,unresolved
0x00045734,10,22,0x00045734,0x00045749,0,0,0,,,true,false,false,1,false,false,orphan-decoded-run,unresolved
0x00045738,9,18,0x00045738,0x00045749,0,0,0,,,true,false,false,1,false,false,orphan-decoded-run,unresolved
0x0004574a,51,132,0x0004574a,0x000457cd,0,1,0,,,true,false,false,1,false,false,pointer-referenced-code-run,unresolved
0x00045776,33,88,0x00045776,0x000457cd,0,0,0,,,true,false,false,1,false,false,orphan-decoded-run,unresolved
0x0004577e,30,80,0x0004577e,0x000457cd,0,0,0,,,true,false,false,1,false,false,orphan-decoded-run,unresolved
0x00045786,27,72,0x00045786,0x000457cd,0,0,0,,,true,false,false,1,false,false,orphan-decoded-run,unresolved
0x0004578e,24,64,0x0004578e,0x000457cd,0,0,0,,,true,false,false,1,false,false,orphan-decoded-run,unresolved
0x000457a6,16,40,0x000457a6,0x000457cd,0,0,0,,,true,false,false,1,false,false,orphan-decoded-run,unresolved
0x000457b8,10,22,0x000457b8,0x000457cd,0,0,0,,,true,false,false,1,false,false,orphan-decoded-run,unresolved
0x000457bc,9,18,0x000457bc,0x000457cd,0,0,0,,,true,false,false,1,false,false,orphan-decoded-run,unresolved
0x00045982,60,158,0x00045982,0x00045a1f,0,2,0,,,true,false,false,1,false,false,pointer-referenced-code-run,unresolved
0x000459b6,39,106,0x000459b6,0x00045a1f,0,0,0,,,true,false,false,1,false,false,orphan-decoded-run,unresolved
0x000459be,36,98,0x000459be,0x00045a1f,0,0,0,,,true,false,false,1,false,false,orphan-decoded-run,unresolved
0x000459c6,33,90,0x000459c6,0x00045a1f,0,0,0,,,true,false,false,1,false,false,orphan-decoded-run,unresolved
0x000459ce,30,82,0x000459ce,0x00045a1f,0,0,0,,,true,false,false,1,false,false,orphan-decoded-run,unresolved
0x000459e6,22,58,0x000459e6,0x00045a1f,0,0,0,,,true,false,false,1,false,false,orphan-decoded-run,unresolved
0x000459f8,16,40,0x000459f8,0x00045a1f,0,0,0,,,true,false,false,1,false,false,orphan-decoded-run,unresolved
0x00045a0a,10,22,0x00045a0a,0x00045a1f,0,0,0,,,true,false,false,1,false,false,orphan-decoded-run,unresolved
0x00045a0e,9,18,0x00045a0e,0x00045a1f,0,0,0,,,true,false,false,1,false,false,orphan-decoded-run,unresolved
0x00045a20,51,132,0x00045a20,0x00045aa3,0,1,0,,,true,false,false,1,false,false,pointer-referenced-code-run,unresolved
0x00045a4c,33,88,0x00045a4c,0x00045aa3,0,0,0,,,true,false,false,1,false,false,orphan-decoded-run,unresolved
0x00045a54,30,80,0x00045a54,0x00045aa3,0,0,0,,,true,false,false,1,false,false,orphan-decoded-run,unresolved
0x00045a5c,27,72,0x00045a5c,0x00045aa3,0,0,0,,,true,false,false,1,false,false,orphan-decoded-run,unresolved
0x00045a64,24,64,0x00045a64,0x00045aa3,0,0,0,,,true,false,false,1,false,false,orphan-decoded-run,unresolved
0x00045a7c,16,40,0x00045a7c,0x00045aa3,0,0,0,,,true,false,false,1,false,false,orphan-decoded-run,unresolved
0x00045a8e,10,22,0x00045a8e,0x00045aa3,0,0,0,,,true,false,false,1,false,false,orphan-decoded-run,unresolved
0x00045a92,9,18,0x00045a92,0x00045aa3,0,0,0,,,true,false,false,1,false,false,orphan-decoded-run,unresolved
0x00046036,10,32,0x00046036,0x00046055,0,2,0,,,true,false,false,2,false,false,pointer-referenced-code-run,unresolved
0x00046050,2,6,0x00046050,0x00046055,0,0,0,,,true,false,false,1,false,false,orphan-decoded-run,unresolved
0x00046056,7,22,0x00046056,0x0004606b,0,1,0,,,true,false,false,2,false,false,pointer-referenced-code-run,unresolved
0x00046066,2,6,0x00046066,0x0004606b,0,0,0,,,true,false,false,1,false,false,orphan-decoded-run,unresolved
0x000461e8,56,140,0x000461e8,0x00046273,0,1,0,,,true,false,false,1,false,false,pointer-referenced-code-run,unresolved
0x00046216,36,94,0x00046216,0x00046273,0,0,0,,,true,false,false,1,false,false,orphan-decoded-run,unresolved
0x0004621e,33,86,0x0004621e,0x00046273,0,0,0,,,true,false,false,1,false,false,orphan-decoded-run,unresolved
0x00046226,30,78,0x00046226,0x00046273,0,0,0,,,true,false,false,1,false,false,orphan-decoded-run,unresolved
0x0004622e,27,70,0x0004622e,0x00046273,0,0,0,,,true,false,false,1,false,false,orphan-decoded-run,unresolved
0x00046236,24,62,0x00046236,0x00046273,0,0,0,,,true,false,false,1,false,false,orphan-decoded-run,unresolved
0x00046254,13,28,0x00046254,0x00046273,0,0,0,,,true,false,false,1,false,false,orphan-decoded-run,unresolved
0x0004625a,12,26,0x0004625a,0x00046273,0,0,0,,,true,false,false,1,false,false,orphan-decoded-run,unresolved
0x0004625e,11,22,0x0004625e,0x00046273,0,0,0,,,true,false,false,1,false,false,orphan-decoded-run,unresolved
0x000464f2,56,140,0x000464f2,0x0004657d,0,1,0,,,true,false,false,1,false,false,pointer-referenced-code-run,unresolved
0x00046520,36,94,0x00046520,0x0004657d,0,0,0,,,true,false,false,1,false,false,orphan-decoded-run,unresolved
0x00046528,33,86,0x00046528,0x0004657d,0,0,0,,,true,false,false,1,false,false,orphan-decoded-run,unresolved
0x00046530,30,78,0x00046530,0x0004657d,0,0,0,,,true,false,false,1,false,false,orphan-decoded-run,unresolved
0x00046538,27,70,0x00046538,0x0004657d,0,0,0,,,true,false,false,1,false,false,orphan-decoded-run,unresolved
0x00046540,24,62,0x00046540,0x0004657d,0,0,0,,,true,false,false,1,false,false,orphan-decoded-run,unresolved
0x0004655e,13,28,0x0004655e,0x0004657d,0,0,0,,,true,false,false,1,false,false,orphan-decoded-run,unresolved
0x00046564,12,26,0x00046564,0x0004657d,0,0,0,,,true,false,false,1,false,false,orphan-decoded-run,unresolved
0x00046568,11,22,0x00046568,0x0004657d,0,0,0,,,true,false,false,1,false,false,orphan-decoded-run,unresolved
0x000469ce,14,44,0x000469ce,0x000469f9,0,2,0,,,true,false,false,1,false,false,pointer-referenced-code-run,unresolved
0x000469f0,3,10,0x000469f0,0x000469f9,0,0,0,,,true,false,false,1,false,false,orphan-decoded-run,unresolved
0x000469f4,2,6,0x000469f4,0x000469f9,0,0,0,,,true,false,false,1,false,false,orphan-decoded-run,unresolved
0x000469fa,2,6,0x000469fa,0x000469ff,0,1,0,,,true,false,false,1,false,false,pointer-referenced-code-run,unresolved
0x00046a96,14,44,0x00046a96,0x00046ac1,0,2,0,,,true,false,false,1,false,false,pointer-referenced-code-run,unresolved
0x00046ab8,3,10,0x00046ab8,0x00046ac1,0,0,0,,,true,false,false,1,false,false,orphan-decoded-run,unresolved
0x00046abc,2,6,0x00046abc,0x00046ac1,0,0,0,,,true,false,false,1,false,false,orphan-decoded-run,unresolved
0x00046ac2,2,6,0x00046ac2,0x00046ac7,0,1,0,,,true,false,false,1,false,false,pointer-referenced-code-run,unresolved
0x00046b64,47,124,0x00046b64,0x00046bdf,0,3,0,,,true,false,false,1,false,false,pointer-referenced-code-run,unresolved
0x00046b90,29,80,0x00046b90,0x00046bdf,0,0,0,,,true,false,false,1,false,false,orphan-decoded-run,unresolved
0x00046b98,26,72,0x00046b98,0x00046bdf,0,0,0,,,true,false,false,1,false,false,orphan-decoded-run,unresolved
0x00046ba0,23,64,0x00046ba0,0x00046bdf,0,0,0,,,true,false,false,1,false,false,orphan-decoded-run,unresolved
0x00046ba8,20,56,0x00046ba8,0x00046bdf,0,0,0,,,true,false,false,1,false,false,orphan-decoded-run,unresolved
0x00046bc0,12,32,0x00046bc0,0x00046bdf,0,0,0,,,true,false,false,1,false,false,orphan-decoded-run,unresolved
0x00046bd2,6,14,0x00046bd2,0x00046bdf,0,0,0,,,true,false,false,1,false,false,orphan-decoded-run,unresolved
0x00046bd6,5,10,0x00046bd6,0x00046bdf,0,0,0,,,true,false,false,1,false,false,orphan-decoded-run,unresolved
0x00046c6a,47,124,0x00046c6a,0x00046ce5,0,3,0,,,true,false,false,1,false,false,pointer-referenced-code-run,unresolved
0x00046c96,29,80,0x00046c96,0x00046ce5,0,0,0,,,true,false,false,1,false,false,orphan-decoded-run,unresolved
0x00046c9e,26,72,0x00046c9e,0x00046ce5,0,0,0,,,true,false,false,1,false,false,orphan-decoded-run,unresolved
0x00046ca6,23,64,0x00046ca6,0x00046ce5,0,0,0,,,true,false,false,1,false,false,orphan-decoded-run,unresolved
0x00046cae,20,56,0x00046cae,0x00046ce5,0,0,0,,,true,false,false,1,false,false,orphan-decoded-run,unresolved
0x00046cc6,12,32,0x00046cc6,0x00046ce5,0,0,0,,,true,false,false,1,false,false,orphan-decoded-run,unresolved
0x00046cd8,6,14,0x00046cd8,0x00046ce5,0,0,0,,,true,false,false,1,false,false,orphan-decoded-run,unresolved
0x00046cdc,5,10,0x00046cdc,0x00046ce5,0,0,0,,,true,false,false,1,false,false,orphan-decoded-run,unresolved
0x00046d88,18,54,0x00046d88,0x00046dbd,0,2,0,,,true,false,false,1,false,false,pointer-referenced-code-run,unresolved
0x00046d9a,12,36,0x00046d9a,0x00046dbd,0,0,0,,,true,false,false,1,false,false,orphan-decoded-run,unresolved
0x00046db4,3,10,0x00046db4,0x00046dbd,0,0,0,,,true,false,false,1,false,false,orphan-decoded-run,unresolved
0x00046db8,2,6,0x00046db8,0x00046dbd,0,0,0,,,true,false,false,1,false,false,orphan-decoded-run,unresolved
0x00046dbe,8,26,0x00046dbe,0x00046dd7,0,1,0,,,true,false,false,1,false,false,pointer-referenced-code-run,unresolved
0x00046dd2,2,6,0x00046dd2,0x00046dd7,0,0,0,,,true,false,false,1,false,false,orphan-decoded-run,unresolved
0x00046f24,18,54,0x00046f24,0x00046f59,0,2,0,,,true,false,false,1,false,false,pointer-referenced-code-run,unresolved
0x00046f36,12,36,0x00046f36,0x00046f59,0,0,0,,,true,false,false,1,false,false,orphan-decoded-run,unresolved
0x00046f50,3,10,0x00046f50,0x00046f59,0,0,0,,,true,false,false,1,false,false,orphan-decoded-run,unresolved
0x00046f54,2,6,0x00046f54,0x00046f59,0,0,0,,,true,false,false,1,false,false,orphan-decoded-run,unresolved
0x00046f5a,8,26,0x00046f5a,0x00046f73,0,1,0,,,true,false,false,1,false,false,pointer-referenced-code-run,unresolved
0x00046f6e,2,6,0x00046f6e,0x00046f73,0,0,0,,,true,false,false,1,false,false,orphan-decoded-run,unresolved
0x0004a0d8,15,42,0x0004a0d8,0x0004a101,0,1,0,,,true,false,false,3,false,false,pointer-referenced-code-run,unresolved
0x0004a0f6,2,6,0x0004a0f6,0x0004a0fb,0,0,0,,,true,false,false,1,false,false,orphan-decoded-run,unresolved
0x0004a0fc,2,6,0x0004a0fc,0x0004a101,0,0,0,,,true,false,false,1,false,false,orphan-decoded-run,unresolved
0x0004a102,3,10,0x0004a102,0x0004a10b,0,1,0,,,true,false,false,1,false,false,pointer-referenced-code-run,unresolved
0x0004a10c,2,6,0x0004a10c,0x0004a111,0,1,0,,,true,false,false,1,false,false,pointer-referenced-code-run,unresolved
0x0004a112,3,10,0x0004a112,0x0004a11b,0,1,0,,,true,false,false,1,false,false,pointer-referenced-code-run,unresolved
0x0004a11c,4,10,0x0004a11c,0x0004a125,0,1,0,,,true,false,false,1,false,false,pointer-referenced-code-run,unresolved
0x0004c74a,8,24,0x0004c74a,0x0004c761,0,1,0,,,true,false,false,2,false,false,pointer-referenced-code-run,unresolved
0x0004c75e,2,4,0x0004c75e,0x0004c761,0,0,0,,,true,false,false,1,false,false,orphan-decoded-run,unresolved
0x0004c762,4,14,0x0004c762,0x0004c76f,0,1,0,,,true,false,false,1,false,false,pointer-referenced-code-run,unresolved
0x0004c770,4,14,0x0004c770,0x0004c77d,0,2,0,,,true,false,false,1,false,false,pointer-referenced-code-run,unresolved
0x0004c77e,4,14,0x0004c77e,0x0004c78b,0,3,0,,,true,false,false,1,false,false,pointer-referenced-code-run,unresolved
0x0004c78c,5,18,0x0004c78c,0x0004c79d,0,2,0,,,true,false,false,1,false,false,pointer-referenced-code-run,unresolved
0x0004c79e,4,14,0x0004c79e,0x0004c7ab,0,2,0,,,true,false,false,1,false,false,pointer-referenced-code-run,unresolved
0x0004c7ac,4,14,0x0004c7ac,0x0004c7b9,0,3,0,,,true,false,false,1,false,false,pointer-referenced-code-run,unresolved
0x0004c7ba,4,14,0x0004c7ba,0x0004c7c7,0,3,0,,,true,false,false,1,false,false,pointer-referenced-code-run,unresolved
0x0004c7cc,2,6,0x0004c7cc,0x0004c7d1,0,1,0,,,true,false,false,1,false,false,pointer-referenced-code-run,unresolved
0x0004c7e2,2,6,0x0004c7e2,0x0004c7e7,0,1,0,,,true,false,false,1,false,false,pointer-referenced-code-run,unresolved
0x0004c7e8,2,4,0x0004c7e8,0x0004c7eb,0,4,0,,,true,false,false,1,false,false,pointer-referenced-code-run,unresolved
0x0004c7ec,2,6,0x0004c7ec,0x0004c7f1,0,4,0,,,true,false,false,1,false,false,pointer-referenced-code-run,unresolved
0x0004c7f2,2,4,0x0004c7f2,0x0004c7f5,0,6,0,,,true,false,false,1,false,false,pointer-referenced-code-run,unresolved
0x0004c7f6,2,4,0x0004c7f6,0x0004c7f9,0,6,0,,,true,false,false,1,false,false,pointer-referenced-code-run,unresolved
0x0004c7fa,2,6,0x0004c7fa,0x0004c7ff,0,2,0,,,true,false,false,1,false,false,pointer-referenced-code-run,unresolved
0x0004c804,2,4,0x0004c804,0x0004c807,0,6,0,,,true,false,false,1,false,false,pointer-referenced-code-run,unresolved
0x0004c808,2,6,0x0004c808,0x0004c80d,0,5,0,,,true,false,false,1,false,false,pointer-referenced-code-run,unresolved
0x0004c80e,2,4,0x0004c80e,0x0004c811,0,1,0,,,true,false,false,1,false,false,pointer-referenced-code-run,unresolved
0x0004c812,2,4,0x0004c812,0x0004c815,0,3,0,,,true,false,false,1,false,false,pointer-referenced-code-run,unresolved
0x000529a0,6,16,0x000529a0,0x000529af,0,1,0,,,true,false,false,1,false,false,pointer-referenced-code-run,unresolved
0x00052adc,6,16,0x00052adc,0x00052aeb,0,1,0,,,true,false,false,1,false,false,pointer-referenced-code-run,unresolved
0x00052b02,6,16,0x00052b02,0x00052b11,0,1,0,,,true,false,false,1,false,false,pointer-referenced-code-run,unresolved
0x00052b28,6,16,0x00052b28,0x00052b37,0,1,0,,,true,false,false,1,false,false,pointer-referenced-code-run,unresolved
0x00052b4e,6,16,0x00052b4e,0x00052b5d,0,1,0,,,true,false,false,1,false,false,pointer-referenced-code-run,unresolved
0x00052b74,6,16,0x00052b74,0x00052b83,0,1,0,,,true,false,false,1,false,false,pointer-referenced-code-run,unresolved
0x00052c9a,5,10,0x00052c9a,0x00052ca3,0,1,0,,,true,false,false,1,false,false,pointer-referenced-code-run,unresolved
0x00052ca4,3,6,0x00052ca4,0x00052ca9,0,1,0,,,true,false,false,1,false,false,pointer-referenced-code-run,unresolved
0x00052cd0,4,14,0x00052cd0,0x00052cdd,0,2,0,,,true,false,false,1,false,false,pointer-referenced-code-run,unresolved
0x00052cde,4,14,0x00052cde,0x00052ceb,0,2,0,,,true,false,false,1,false,false,pointer-referenced-code-run,unresolved
0x00052cec,5,18,0x00052cec,0x00052cfd,0,2,0,,,true,false,false,1,false,false,pointer-referenced-code-run,unresolved
0x00052cfe,4,14,0x00052cfe,0x00052d0b,0,2,0,,,true,false,false,1,false,false,pointer-referenced-code-run,unresolved
0x00052d0c,4,14,0x00052d0c,0x00052d19,0,2,0,,,true,false,false,1,false,false,pointer-referenced-code-run,unresolved
0x00052d1a,4,14,0x00052d1a,0x00052d27,0,2,0,,,true,false,false,1,false,false,pointer-referenced-code-run,unresolved
0x00052d2e,2,4,0x00052d2e,0x00052d31,0,1,0,,,true,false,false,1,false,false,pointer-referenced-code-run,unresolved
0x00060064,2,8,0x00060064,0x0006006b,0,1,0,,,true,false,false,1,false,false,pointer-referenced-code-run,unresolved
0x00069182,39,104,0x00069182,0x000691e9,0,1,0,,,true,false,false,1,false,false,pointer-referenced-code-run,unresolved
0x0006919c,29,78,0x0006919c,0x000691e9,0,0,0,,,true,false,false,1,false,false,orphan-decoded-run,unresolved
0x000691a0,29,78,0x0006919c,0x000691e9,0,0,0,,,true,false,false,1,false,false,orphan-decoded-run,unresolved
0x000691c0,15,42,0x000691c0,0x000691e9,0,0,0,,,true,false,false,1,false,false,orphan-decoded-run,unresolved
0x000691c4,14,38,0x000691c4,0x000691e9,0,0,0,,,true,false,false,1,false,false,orphan-decoded-run,unresolved
0x000691da,6,16,0x000691da,0x000691e9,0,0,0,,,true,false,false,1,false,false,orphan-decoded-run,unresolved
0x000691e8,1,2,0x000691e8,0x000691e9,0,0,0,,,true,false,false,1,false,false,orphan-decoded-run,unresolved
0x00071b02,2,4,0x00071b02,0x00071b05,0,1,0,,,true,false,false,1,false,false,pointer-referenced-code-run,unresolved
0x00071b06,2,4,0x00071b06,0x00071b09,0,1,0,,,true,false,false,1,false,false,pointer-referenced-code-run,unresolved
0x00071b0a,2,4,0x00071b0a,0x00071b0d,0,1,0,,,true,false,false,1,false,false,pointer-referenced-code-run,unresolved
0x00071b0e,2,4,0x00071b0e,0x00071b11,0,1,0,,,true,false,false,1,false,false,pointer-referenced-code-run,unresolved
0x00071b12,2,4,0x00071b12,0x00071b15,0,1,0,,,true,false,false,1,false,false,pointer-referenced-code-run,unresolved
0x00071b16,2,4,0x00071b16,0x00071b19,0,1,0,,,true,false,false,1,false,false,pointer-referenced-code-run,unresolved
0x00071b1a,2,4,0x00071b1a,0x00071b1d,0,1,0,,,true,false,false,1,false,false,pointer-referenced-code-run,unresolved
0x00072bf8,8,24,0x00072bf8,0x00072c0f,0,1,0,,,true,false,false,1,false,false,pointer-referenced-code-run,unresolved
0x00073f6c,4,12,0x00073f6c,0x00073f77,0,1,0,,,true,false,false,1,false,false,pointer-referenced-code-run,unresolved
0x00075188,4,12,0x00075188,0x00075193,0,1,0,,,true,false,false,1,false,false,pointer-referenced-code-run,unresolved
0x0007ac90,2,6,0x0007ac90,0x0007ac95,0,1,0,,,true,false,false,1,false,false,pointer-referenced-code-run,unresolved
0x0007ac96,2,6,0x0007ac96,0x0007ac9b,0,1,0,,,true,false,false,1,false,false,pointer-referenced-code-run,unresolved
0x0007adc4,1,2,0x0007adc4,0x0007adc5,0,1,0,,,true,false,false,1,false,false,pointer-referenced-code-run,unresolved
0x0007ae3a,1,2,0x0007ae3a,0x0007ae3b,0,1,0,,,true,false,false,1,false,false,pointer-referenced-code-run,unresolved
0x0007ae3c,1,2,0x0007ae3c,0x0007ae3d,0,1,0,,,true,false,false,1,false,false,pointer-referenced-code-run,unresolved
0x0007ae3e,1,2,0x0007ae3e,0x0007ae3f,0,1,0,,,true,false,false,1,false,false,pointer-referenced-code-run,unresolved
0x0007b080,13,38,0x0007b080,0x0007b0a5,0,1,0,,,true,false,false,1,false,false,pointer-referenced-code-run,unresolved
0x0007bef2,2,4,0x0007bef2,0x0007bef5,0,1,0,,,true,false,false,1,false,false,pointer-referenced-code-run,unresolved
0x0007c2ea,1,2,0x0007c2ea,0x0007c2eb,0,1,0,,,true,false,false,1,false,false,pointer-referenced-code-run,unresolved
0x0007c2ec,5,12,0x0007c2ec,0x0007c2f7,0,1,0,,,true,false,false,1,false,false,pointer-referenced-code-run,unresolved
0x0007c550,2,4,0x0007c550,0x0007c553,0,1,0,,,true,false,false,1,false,false,pointer-referenced-code-run,unresolved
0x0007c554,2,4,0x0007c554,0x0007c557,0,1,0,,,true,false,false,1,false,false,pointer-referenced-code-run,unresolved
0x0007c558,1,2,0x0007c558,0x0007c559,0,1,0,,,true,false,false,1,false,false,pointer-referenced-code-run,unresolved
0x0007d378,2,4,0x0007d378,0x0007d37b,0,1,0,,,true,false,false,1,false,false,pointer-referenced-code-run,unresolved
0x0007d37c,1,2,0x0007d37c,0x0007d37d,0,1,0,,,true,false,false,1,false,false,pointer-referenced-code-run,unresolved
0x0007dc5a,2,4,0x0007dc5a,0x0007dc5d,0,1,0,,,true,false,false,1,false,false,pointer-referenced-code-run,unresolved
0x0007dc5e,2,4,0x0007dc5e,0x0007dc61,0,1,0,,,true,false,false,1,false,false,pointer-referenced-code-run,unresolved
0x0007de9c,2,4,0x0007de9c,0x0007de9f,0,1,0,,,true,false,false,1,false,false,pointer-referenced-code-run,unresolved
0x0007dea0,2,4,0x0007dea0,0x0007dea3,0,1,0,,,true,false,false,1,false,false,pointer-referenced-code-run,unresolved
0x0007dea4,2,4,0x0007dea4,0x0007dea7,0,1,0,,,true,false,false,1,false,false,pointer-referenced-code-run,unresolved
0x0007dea8,2,4,0x0007dea8,0x0007deab,0,1,0,,,true,false,false,1,false,false,pointer-referenced-code-run,unresolved
0x0007ded8,20,46,0x0007ded8,0x0007df05,0,1,0,,,true,false,false,1,false,false,pointer-referenced-code-run,unresolved
0x0007dee0,17,38,0x0007dee0,0x0007df05,0,0,0,,,true,false,false,1,false,false,orphan-decoded-run,unresolved
0x0007df00,17,38,0x0007dee0,0x0007df05,0,0,0,,,true,false,false,1,false,false,orphan-decoded-run,unresolved
0x0007df44,7,18,0x0007df44,0x0007df55,0,1,0,,,true,false,false,1,false,false,pointer-referenced-code-run,unresolved
0x0007df56,7,16,0x0007df56,0x0007df65,0,1,0,,,true,false,false,1,false,false,pointer-referenced-code-run,unresolved
0x0007e150,7,20,0x0007e150,0x0007e163,0,1,0,,,true,false,false,1,false,false,pointer-referenced-code-run,unresolved
0x0007e2da,1,2,0x0007e2da,0x0007e2db,0,1,0,,,true,false,false,1,false,false,pointer-referenced-code-run,unresolved
0x0007e2dc,1,2,0x0007e2dc,0x0007e2dd,0,1,0,,,true,false,false,1,false,false,pointer-referenced-code-run,unresolved
0x0007e2de,2,4,0x0007e2de,0x0007e2e1,0,2,0,,,true,false,false,1,false,false,pointer-referenced-code-run,unresolved
0x0007e2e2,2,4,0x0007e2e2,0x0007e2e5,0,1,0,,,true,false,false,1,false,false,pointer-referenced-code-run,unresolved
0x0007e2e6,2,4,0x0007e2e6,0x0007e2e9,0,1,0,,,true,false,false,1,false,false,pointer-referenced-code-run,unresolved
0x0007e2ea,2,4,0x0007e2ea,0x0007e2ed,0,1,0,,,true,false,false,1,false,false,pointer-referenced-code-run,unresolved
0x0007e2ee,1,2,0x0007e2ee,0x0007e2ef,0,1,0,,,true,false,false,1,false,false,pointer-referenced-code-run,unresolved
0x0007e2f0,2,4,0x0007e2f0,0x0007e2f3,0,1,0,,,true,false,false,1,false,false,pointer-referenced-code-run,unresolved
0x0007e2f4,1,2,0x0007e2f4,0x0007e2f5,0,2,0,,,true,false,false,1,false,false,pointer-referenced-code-run,unresolved
0x0007e2fa,1,2,0x0007e2fa,0x0007e2fb,0,2,0,,,true,false,false,1,false,false,pointer-referenced-code-run,unresolved
0x0007e2fc,1,2,0x0007e2fc,0x0007e2fd,0,2,0,,,true,false,false,1,false,false,pointer-referenced-code-run,unresolved
0x0007e302,2,4,0x0007e302,0x0007e305,0,2,0,,,true,false,false,1,false,false,pointer-referenced-code-run,unresolved
0x0007fea6,2,6,0x0007fea6,0x0007feab,0,1,0,,,true,false,false,1,false,false,pointer-referenced-code-run,unresolved
0x0007feac,35,70,0x0007feac,0x0007fef1,0,1,0,,,true,false,false,1,false,false,pointer-referenced-code-run,unresolved
0x0007feda,12,24,0x0007feda,0x0007fef1,0,0,0,,,true,false,false,1,false,false,orphan-decoded-run,unresolved
0x0007fee6,12,24,0x0007feda,0x0007fef1,0,0,0,,,true,false,false,1,false,false,orphan-decoded-run,unresolved
0x0007fef0,1,2,0x0007fef0,0x0007fef1,0,0,0,,,true,false,false,1,false,false,orphan-decoded-run,unresolved
0x0007fef2,46,96,0x0007fef2,0x0007ff51,0,1,0,,,true,false,false,1,false,false,pointer-referenced-code-run,unresolved
0x0007ff06,37,76,0x0007ff06,0x0007ff51,0,0,0,,,true,false,false,1,false,false,orphan-decoded-run,unresolved
0x0007ff32,15,32,0x0007ff32,0x0007ff51,0,0,0,,,true,false,false,1,false,false,orphan-decoded-run,unresolved
0x0007ff3e,15,32,0x0007ff32,0x0007ff51,0,0,0,,,true,false,false,1,false,false,orphan-decoded-run,unresolved
0x0007ff50,1,2,0x0007ff50,0x0007ff51,0,0,0,,,true,false,false,1,false,false,orphan-decoded-run,unresolved
0x0007ff52,23,52,0x0007ff52,0x0007ff85,0,2,0,,,true,false,false,1,false,false,pointer-referenced-code-run,unresolved
0x0007ff66,15,32,0x0007ff66,0x0007ff85,0,0,0,,,true,false,false,1,false,false,orphan-decoded-run,unresolved
0x0007ff82,2,4,0x0007ff82,0x0007ff85,0,0,0,,,true,false,false,1,false,false,orphan-decoded-run,unresolved
0x0007ff84,1,2,0x0007ff84,0x0007ff85,0,0,0,,,true,false,false,1,false,false,orphan-decoded-run,unresolved
0x000803c0,1,2,0x000803c0,0x000803c1,0,1,0,,,true,false,false,1,false,false,pointer-referenced-code-run,unresolved
0x000803c6,50,124,0x000803c6,0x00080441,0,1,0,,,true,false,false,1,false,false,pointer-referenced-code-run,unresolved
0x000803d8,43,106,0x000803d8,0x00080441,0,0,0,,,true,false,false,1,false,false,orphan-decoded-run,unresolved
0x000803e2,39,96,0x000803e2,0x00080441,0,0,0,,,true,false,false,1,false,false,orphan-decoded-run,unresolved
0x000803ec,35,86,0x000803ec,0x00080441,0,0,0,,,true,false,false,1,false,false,orphan-decoded-run,unresolved
0x000803f6,31,76,0x000803f6,0x00080441,0,0,0,,,true,false,false,1,false,false,orphan-decoded-run,unresolved
0x00080400,27,66,0x00080400,0x00080441,0,0,0,,,true,false,false,1,false,false,orphan-decoded-run,unresolved
0x0008040c,24,54,0x0008040c,0x00080441,0,0,0,,,true,false,false,1,false,false,orphan-decoded-run,unresolved
0x00080440,1,2,0x00080440,0x00080441,0,0,0,,,true,false,false,1,false,false,orphan-decoded-run,unresolved
0x000804a8,2,4,0x000804a8,0x000804ab,0,3,0,,,true,false,false,1,false,false,pointer-referenced-code-run,unresolved
0x000804ac,2,4,0x000804ac,0x000804af,0,3,0,,,true,false,false,1,false,false,pointer-referenced-code-run,unresolved
0x000804b0,2,4,0x000804b0,0x000804b3,0,3,0,,,true,false,false,1,false,false,pointer-referenced-code-run,unresolved
0x00080732,1,2,0x00080732,0x00080733,0,1,0,,,true,false,false,1,false,false,pointer-referenced-code-run,unresolved
0x00080734,2,4,0x00080734,0x00080737,0,1,0,,,true,false,false,1,false,false,pointer-referenced-code-run,unresolved
0x00080738,2,4,0x00080738,0x0008073b,0,1,0,,,true,false,false,1,false,false,pointer-referenced-code-run,unresolved
0x0008073c,1,2,0x0008073c,0x0008073d,0,1,0,,,true,false,false,1,false,false,pointer-referenced-code-run,unresolved
0x0008073e,2,4,0x0008073e,0x00080741,0,1,0,,,true,false,false,1,false,false,pointer-referenced-code-run,unresolved
0x00080d50,22,54,0x00080d50,0x00080d85,0,1,0,,,true,false,false,1,false,false,pointer-referenced-code-run,unresolved
0x00080d84,1,2,0x00080d84,0x00080d85,0,0,0,,,true,false,false,1,false,false,orphan-decoded-run,unresolved
0x00080dbe,2,4,0x00080dbe,0x00080dc1,0,3,0,,,true,false,false,1,false,false,pointer-referenced-code-run,unresolved
0x00080dc2,2,4,0x00080dc2,0x00080dc5,0,3,0,,,true,false,false,1,false,false,pointer-referenced-code-run,unresolved
0x00080e2a,10,26,0x00080e2a,0x00080e43,0,2,0,,,true,false,false,2,false,false,pointer-referenced-code-run,unresolved
0x00080e3e,2,6,0x00080e3e,0x00080e43,0,0,0,,,true,false,false,1,false,false,orphan-decoded-run,unresolved
0x00080e70,2,6,0x00080e70,0x00080e75,0,4,0,,,true,false,false,1,false,false,pointer-referenced-code-run,unresolved
0x000883e6,2,6,0x000883e6,0x000883eb,0,1,0,,,true,false,false,1,false,false,pointer-referenced-code-run,unresolved
0x0008847c,21,56,0x0008847c,0x000884b3,0,1,0,,,true,false,false,3,false,false,pointer-referenced-code-run,unresolved
0x00088494,9,24,0x00088494,0x000884b3,0,0,0,,,true,false,false,2,false,false,orphan-decoded-run,unresolved
0x000884a4,2,4,0x000884a4,0x000884a7,0,0,0,,,true,false,false,1,false,false,orphan-decoded-run,unresolved
0x000884a8,6,12,0x000884a8,0x000884b3,0,0,0,,,true,false,false,2,false,false,orphan-decoded-run,unresolved
0x000884b0,2,4,0x000884b0,0x000884b3,0,0,0,,,true,false,false,1,false,false,orphan-decoded-run,unresolved
0x000885ea,2,6,0x000885ea,0x000885ef,0,1,0,,,true,false,false,1,false,false,pointer-referenced-code-run,unresolved
0x00088680,21,56,0x00088680,0x000886b7,0,1,0,,,true,false,false,3,false,false,pointer-referenced-code-run,unresolved
0x00088698,9,24,0x00088698,0x000886b7,0,0,0,,,true,false,false,2,false,false,orphan-decoded-run,unresolved
0x000886a8,2,4,0x000886a8,0x000886ab,0,0,0,,,true,false,false,1,false,false,orphan-decoded-run,unresolved
0x000886ac,6,12,0x000886ac,0x000886b7,0,0,0,,,true,false,false,2,false,false,orphan-decoded-run,unresolved
0x000886b4,2,4,0x000886b4,0x000886b7,0,0,0,,,true,false,false,1,false,false,orphan-decoded-run,unresolved
0x000887d8,2,6,0x000887d8,0x000887dd,0,1,0,,,true,false,false,1,false,false,pointer-referenced-code-run,unresolved
0x0008886e,21,56,0x0008886e,0x000888a5,0,1,0,,,true,false,false,3,false,false,pointer-referenced-code-run,unresolved
0x00088886,9,24,0x00088886,0x000888a5,0,0,0,,,true,false,false,2,false,false,orphan-decoded-run,unresolved
0x00088896,2,4,0x00088896,0x00088899,0,0,0,,,true,false,false,1,false,false,orphan-decoded-run,unresolved
0x0008889a,6,12,0x0008889a,0x000888a5,0,0,0,,,true,false,false,2,false,false,orphan-decoded-run,unresolved
0x000888a2,2,4,0x000888a2,0x000888a5,0,0,0,,,true,false,false,1,false,false,orphan-decoded-run,unresolved
0x000889c6,2,6,0x000889c6,0x000889cb,0,1,0,,,true,false,false,1,false,false,pointer-referenced-code-run,unresolved
0x00088a5c,21,56,0x00088a5c,0x00088a93,0,1,0,,,true,false,false,3,false,false,pointer-referenced-code-run,unresolved
0x00088a74,9,24,0x00088a74,0x00088a93,0,0,0,,,true,false,false,2,false,false,orphan-decoded-run,unresolved
0x00088a84,2,4,0x00088a84,0x00088a87,0,0,0,,,true,false,false,1,false,false,orphan-decoded-run,unresolved
0x00088a88,6,12,0x00088a88,0x00088a93,0,0,0,,,true,false,false,2,false,false,orphan-decoded-run,unresolved
0x00088a90,2,4,0x00088a90,0x00088a93,0,0,0,,,true,false,false,1,false,false,orphan-decoded-run,unresolved
0x0008dca2,1,2,0x0008dca2,0x0008dca3,0,1,0,,,true,false,false,1,false,false,pointer-referenced-code-run,unresolved
0x0008de7e,2,4,0x0008de7e,0x0008de81,0,1,0,,,true,false,false,1,false,false,pointer-referenced-code-run,unresolved
0x0008f1e0,2,4,0x0008f1e0,0x0008f1e3,0,1,0,,,true,false,false,1,false,false,pointer-referenced-code-run,unresolved
0x0008f1e4,2,4,0x0008f1e4,0x0008f1e7,0,1,0,,,true,false,false,1,false,false,pointer-referenced-code-run,unresolved
0x0008f1fe,2,4,0x0008f1fe,0x0008f201,0,1,0,,,true,false,false,1,false,false,pointer-referenced-code-run,unresolved
0x00093d22,2,6,0x00093d22,0x00093d27,0,1,0,,,true,false,false,1,false,false,pointer-referenced-code-run,unresolved
0x00094bb6,6,18,0x00094bb6,0x00094bc7,0,1,0,,,true,false,false,1,false,false,pointer-referenced-code-run,unresolved
0x00094bc6,1,2,0x00094bc6,0x00094bc7,0,0,0,,,true,false,false,1,false,false,orphan-decoded-run,unresolved
0x0009532e,3,10,0x0009532e,0x00095337,0,1,0,,,true,false,false,1,false,false,pointer-referenced-code-run,unresolved
0x00098000,1,2,0x00098000,0x00098001,0,1,0,,,true,false,false,1,false,false,pointer-referenced-code-run,unresolved
0x000a0000,1,2,0x000a0000,0x000a0001,0,1,0,,,true,false,false,1,false,false,pointer-referenced-code-run,unresolved
0x000a000a,1,2,0x000a000a,0x000a000b,0,1,0,,,true,false,false,1,false,false,pointer-referenced-code-run,unresolved
0x000a0578,1,2,0x000a0578,0x000a0579,0,1,0,,,true,false,false,1,false,false,pointer-referenced-code-run,unresolved
0x000a602c,1,2,0x000a602c,0x000a602d,0,2,0,,0x0003728e,true,false,false,1,false,false,pointer-referenced-code-run,unresolved
0x000a8000,1,2,0x000a8000,0x000a8001,0,1,0,,,true,false,false,1,false,false,pointer-referenced-code-run,unresolved
0x000af194,18,44,0x000af194,0x000af1bf,0,1,0,,,true,false,false,1,false,false,pointer-referenced-code-run,unresolved
0x000af1bc,2,4,0x000af1bc,0x000af1bf,0,1,0,,,true,false,false,1,false,false,pointer-referenced-code-run,unresolved
0x000af24e,4,12,0x000af24e,0x000af259,0,1,0,,0x000c0d94,true,false,false,1,false,false,pointer-referenced-code-run,unresolved
0x000af262,4,12,0x000af262,0x000af26d,0,1,0,,0x000c0d94,true,false,false,1,false,false,pointer-referenced-code-run,unresolved
0x000af276,4,12,0x000af276,0x000af281,0,1,0,,0x000c0d94,true,false,false,1,false,false,pointer-referenced-code-run,unresolved
0x000af36a,5,10,0x000af36a,0x000af373,0,1,0,,,true,false,false,1,false,false,pointer-referenced-code-run,unresolved
0x000af3ae,5,10,0x000af3ae,0x000af3b7,0,1,0,,,true,false,false,1,false,false,pointer-referenced-code-run,unresolved
0x000af3f2,5,10,0x000af3f2,0x000af3fb,0,1,0,,,true,false,false,1,false,false,pointer-referenced-code-run,unresolved
0x000af436,5,10,0x000af436,0x000af43f,0,1,0,,,true,false,false,1,false,false,pointer-referenced-code-run,unresolved
0x000af47a,5,10,0x000af47a,0x000af483,0,1,0,,,true,false,false,1,false,false,pointer-referenced-code-run,unresolved
0x000af4be,5,10,0x000af4be,0x000af4c7,0,1,0,,,true,false,false,1,false,false,pointer-referenced-code-run,unresolved
0x000af502,5,10,0x000af502,0x000af50b,0,1,0,,,true,false,false,1,false,false,pointer-referenced-code-run,unresolved
0x000af546,5,10,0x000af546,0x000af54f,0,1,0,,,true,false,false,1,false,false,pointer-referenced-code-run,unresolved
0x000af680,4,8,0x000af680,0x000af687,0,2,0,,0x000c4cfa,true,false,false,1,false,false,pointer-referenced-code-run,unresolved
0x000af884,4,8,0x000af884,0x000af88b,0,1,0,,0x000c4d9c,true,false,false,1,false,false,pointer-referenced-code-run,unresolved
0x000afaf6,3,6,0x000afaf6,0x000afafb,0,1,0,,0x000c5050,true,false,false,1,false,false,pointer-referenced-code-run,unresolved
0x000afb1a,3,6,0x000afb1a,0x000afb1f,0,1,0,,0x000c5050,true,false,false,1,false,false,pointer-referenced-code-run,unresolved
0x000afb62,3,6,0x000afb62,0x000afb67,0,1,0,,0x000c511a,true,false,false,1,false,false,pointer-referenced-code-run,unresolved
0x000b006a,5,10,0x000b006a,0x000b0073,0,1,0,,0x000c89f4,true,false,false,1,false,false,pointer-referenced-code-run,unresolved
0x000b0086,16,38,0x000b0086,0x000b00ab,0,1,0,,0x000c87de,true,false,false,1,false,false,pointer-referenced-code-run,unresolved
0x000b0942,1,2,0x000b0942,0x000b0943,0,2,0,,,true,false,false,1,false,false,pointer-referenced-code-run,unresolved
0x000b0ab0,1,2,0x000b0ab0,0x000b0ab1,0,1,0,,,true,false,false,1,false,false,pointer-referenced-code-run,unresolved
0x000b1904,1,2,0x000b1904,0x000b1905,0,1,0,,,true,false,false,1,false,false,pointer-referenced-code-run,unresolved
0x000b1906,1,2,0x000b1906,0x000b1907,0,1,0,,,true,false,false,1,false,false,pointer-referenced-code-run,unresolved
0x000b19b2,1,2,0x000b19b2,0x000b19b3,0,1,0,,,true,false,false,1,false,false,pointer-referenced-code-run,unresolved
0x000b1b72,1,2,0x000b1b72,0x000b1b73,0,1,0,,,true,false,false,1,false,false,pointer-referenced-code-run,unresolved
0x000b1bf2,1,2,0x000b1bf2,0x000b1bf3,0,1,0,,,true,false,false,1,false,false,pointer-referenced-code-run,unresolved
0x000b1bf4,1,2,0x000b1bf4,0x000b1bf5,0,1,0,,,true,false,false,1,false,false,pointer-referenced-code-run,unresolved
0x000b2004,2,6,0x000b2004,0x000b2009,0,1,0,,,true,false,false,1,false,false,pointer-referenced-code-run,unresolved
0x000b213a,1,2,0x000b213a,0x000b213b,0,1,0,,,true,false,false,1,false,false,pointer-referenced-code-run,unresolved
0x000b7c20,1,2,0x000b7c20,0x000b7c21,0,0,1,,,true,false,false,1,false,false,orphan-decoded-run,unresolved
0x000cd744,5,10,0x000cd744,0x000cd74d,0,1,0,,,true,false,false,1,false,false,pointer-referenced-code-run,unresolved
0x000cd788,5,10,0x000cd788,0x000cd791,0,1,0,,,true,false,false,1,false,false,pointer-referenced-code-run,unresolved
0x000cd7cc,4,8,0x000cd7cc,0x000cd7d3,0,1,0,,,true,false,false,1,false,false,pointer-referenced-code-run,unresolved
0x000cd810,5,10,0x000cd810,0x000cd819,0,1,0,,,true,false,false,1,false,false,pointer-referenced-code-run,unresolved
0x000cd964,5,10,0x000cd964,0x000cd96d,0,1,0,,,true,false,false,1,false,false,pointer-referenced-code-run,unresolved
0x000cd9a8,5,10,0x000cd9a8,0x000cd9b1,0,1,0,,,true,false,false,1,false,false,pointer-referenced-code-run,unresolved
0x000cd9ec,5,10,0x000cd9ec,0x000cd9f5,0,1,0,,,true,false,false,1,false,false,pointer-referenced-code-run,unresolved
0x000cdb84,5,10,0x000cdb84,0x000cdb8d,0,1,0,,,true,false,false,1,false,false,pointer-referenced-code-run,unresolved
0x000cdbc8,5,10,0x000cdbc8,0x000cdbd1,0,1,0,,,true,false,false,1,false,false,pointer-referenced-code-run,unresolved
0x000cdc0c,5,10,0x000cdc0c,0x000cdc15,0,1,0,,,true,false,false,1,false,false,pointer-referenced-code-run,unresolved
0x000cdda4,5,10,0x000cdda4,0x000cddad,0,1,0,,,true,false,false,1,false,false,pointer-referenced-code-run,unresolved
0x000cdde8,4,8,0x000cdde8,0x000cddef,0,1,0,,,true,false,false,1,false,false,pointer-referenced-code-run,unresolved
0x000cde2c,5,10,0x000cde2c,0x000cde35,0,1,0,,,true,false,false,1,false,false,pointer-referenced-code-run,unresolved
0x000cdfc4,5,10,0x000cdfc4,0x000cdfcd,0,1,0,,,true,false,false,1,false,false,pointer-referenced-code-run,unresolved
0x000ce008,5,10,0x000ce008,0x000ce011,0,1,0,,,true,false,false,1,false,false,pointer-referenced-code-run,unresolved
0x000ce04c,5,10,0x000ce04c,0x000ce055,0,1,0,,,true,false,false,1,false,false,pointer-referenced-code-run,unresolved
0x000ce1e4,5,10,0x000ce1e4,0x000ce1ed,0,1,0,,,true,false,false,1,false,false,pointer-referenced-code-run,unresolved
0x000ce228,5,10,0x000ce228,0x000ce231,0,1,0,,,true,false,false,1,false,false,pointer-referenced-code-run,unresolved
0x000ce26c,5,10,0x000ce26c,0x000ce275,0,1,0,,,true,false,false,1,false,false,pointer-referenced-code-run,unresolved
0x000ce404,5,10,0x000ce404,0x000ce40d,0,1,0,,,true,false,false,1,false,false,pointer-referenced-code-run,unresolved
0x000ce448,5,10,0x000ce448,0x000ce451,0,1,0,,,true,false,false,1,false,false,pointer-referenced-code-run,unresolved
0x000ce48c,5,10,0x000ce48c,0x000ce495,0,1,0,,,true,false,false,1,false,false,pointer-referenced-code-run,unresolved
0x000ce624,5,10,0x000ce624,0x000ce62d,0,1,0,,,true,false,false,1,false,false,pointer-referenced-code-run,unresolved
0x000ce668,5,10,0x000ce668,0x000ce671,0,1,0,,,true,false,false,1,false,false,pointer-referenced-code-run,unresolved
0x000ce6ac,5,10,0x000ce6ac,0x000ce6b5,0,1,0,,,true,false,false,1,false,false,pointer-referenced-code-run,unresolved
0x000ce844,5,10,0x000ce844,0x000ce84d,0,1,0,,,true,false,false,1,false,false,pointer-referenced-code-run,unresolved
0x000ce888,5,10,0x000ce888,0x000ce891,0,1,0,,,true,false,false,1,false,false,pointer-referenced-code-run,unresolved
0x000ce8cc,5,10,0x000ce8cc,0x000ce8d5,0,1,0,,,true,false,false,1,false,false,pointer-referenced-code-run,unresolved
0x000cea64,5,10,0x000cea64,0x000cea6d,0,1,0,,,true,false,false,1,false,false,pointer-referenced-code-run,unresolved
0x000ceaa8,5,10,0x000ceaa8,0x000ceab1,0,1,0,,,true,false,false,1,false,false,pointer-referenced-code-run,unresolved
0x000ceaec,5,10,0x000ceaec,0x000ceaf5,0,1,0,,,true,false,false,1,false,false,pointer-referenced-code-run,unresolved
0x000cec84,5,10,0x000cec84,0x000cec8d,0,1,0,,,true,false,false,1,false,false,pointer-referenced-code-run,unresolved
0x000cecc8,5,10,0x000cecc8,0x000cecd1,0,1,0,,,true,false,false,1,false,false,pointer-referenced-code-run,unresolved
0x000ced0c,5,10,0x000ced0c,0x000ced15,0,1,0,,,true,false,false,1,false,false,pointer-referenced-code-run,unresolved
0x000ceea4,5,10,0x000ceea4,0x000ceead,0,1,0,,,true,false,false,1,false,false,pointer-referenced-code-run,unresolved
0x000ceee8,5,10,0x000ceee8,0x000ceef1,0,1,0,,,true,false,false,1,false,false,pointer-referenced-code-run,unresolved
0x000cef2c,5,10,0x000cef2c,0x000cef35,0,1,0,,,true,false,false,1,false,false,pointer-referenced-code-run,unresolved
0x000cf0c4,5,10,0x000cf0c4,0x000cf0cd,0,1,0,,,true,false,false,1,false,false,pointer-referenced-code-run,unresolved
0x000cf108,5,10,0x000cf108,0x000cf111,0,1,0,,,true,false,false,1,false,false,pointer-referenced-code-run,unresolved
0x000cf14c,5,10,0x000cf14c,0x000cf155,0,1,0,,,true,false,false,1,false,false,pointer-referenced-code-run,unresolved
0x000cf2e4,5,10,0x000cf2e4,0x000cf2ed,0,1,0,,,true,false,false,1,false,false,pointer-referenced-code-run,unresolved
0x000cf328,5,10,0x000cf328,0x000cf331,0,1,0,,,true,false,false,1,false,false,pointer-referenced-code-run,unresolved
0x000cf36c,5,10,0x000cf36c,0x000cf375,0,1,0,,,true,false,false,1,false,false,pointer-referenced-code-run,unresolved
0x000cf5d0,5,10,0x000cf5d0,0x000cf5d9,0,2,0,,0x000bf3b8,true,false,false,1,false,false,pointer-referenced-code-run,unresolved
0x000cfdcc,6,18,0x000cfdcc,0x000d0cd9,0,1,0,,,true,false,false,1,false,false,pointer-referenced-code-run,unresolved
0x000cfdf0,4,12,0x000cfdf0,0x000d0cf7,0,1,0,,,true,false,true,1,false,false,pointer-referenced-code-run,unresolved
0x000cfe26,5,12,0x000cfe26,0x000d0d2d,0,1,0,,,true,false,false,1,false,false,pointer-referenced-code-run,unresolved
0x000cfe38,9,30,0x000cfe38,0x000d0d51,0,1,0,,,true,false,false,1,false,false,pointer-referenced-code-run,unresolved
0x000cfe4a,4,12,0x000cfe4a,0x000d0d51,0,1,0,,,true,false,false,1,false,false,pointer-referenced-code-run,unresolved
0x000cfe5c,10,34,0x000cfe5c,0x000d0d79,0,1,0,,,true,false,false,1,false,false,pointer-referenced-code-run,unresolved
0x000cfe6e,5,16,0x000cfe6e,0x000d0d79,0,1,0,,,true,false,false,1,false,false,pointer-referenced-code-run,unresolved
0x000cfe80,11,38,0x000cfe80,0x000d0da1,0,1,0,,,true,false,false,1,false,false,pointer-referenced-code-run,unresolved
0x000cfe92,6,20,0x000cfe92,0x000d0da1,0,1,0,,,true,false,false,1,false,false,pointer-referenced-code-run,unresolved
0x000cfea4,12,42,0x000cfea4,0x000d0dc9,0,1,0,,,true,false,false,1,false,false,pointer-referenced-code-run,unresolved
0x000cfeb6,7,24,0x000cfeb6,0x000d0dc9,0,1,0,,,true,false,false,1,false,false,pointer-referenced-code-run,unresolved
0x000cff40,3,6,0x000cff40,0x000cff45,0,1,0,,,true,false,false,1,false,false,pointer-referenced-code-run,unresolved
0x000cff68,3,6,0x000cff68,0x000cff6d,0,1,0,,,true,false,false,1,false,false,pointer-referenced-code-run,unresolved
0x000cff90,3,6,0x000cff90,0x000cff95,0,1,0,,,true,false,false,1,false,false,pointer-referenced-code-run,unresolved
0x000cffb8,3,6,0x000cffb8,0x000cffbd,0,1,0,,,true,false,false,1,false,false,pointer-referenced-code-run,unresolved
0x000cffe0,3,6,0x000cffe0,0x000cffe5,0,1,0,,,true,false,false,1,false,false,pointer-referenced-code-run,unresolved
0x000d0000,3,10,0x000d0000,0x000d0009,0,1,0,,,true,false,false,1,false,false,pointer-referenced-code-run,unresolved
0x000d0080,3,6,0x000d0080,0x000d0085,0,1,0,,,true,false,false,1,false,false,pointer-referenced-code-run,unresolved
0x000d00a8,3,6,0x000d00a8,0x000d00ad,0,1,0,,,true,false,false,1,false,false,pointer-referenced-code-run,unresolved
0x000d00d0,3,6,0x000d00d0,0x000d00d5,0,1,0,,,true,false,false,1,false,false,pointer-referenced-code-run,unresolved
0x000d00f8,3,6,0x000d00f8,0x000d00fd,0,1,0,,,true,false,false,1,false,false,pointer-referenced-code-run,unresolved
0x000d0120,3,6,0x000d0120,0x000d0125,0,1,0,,,true,false,false,1,false,false,pointer-referenced-code-run,unresolved
0x000d01c0,3,6,0x000d01c0,0x000d01c5,0,1,0,,,true,false,false,1,false,false,pointer-referenced-code-run,unresolved
0x000d01e8,3,6,0x000d01e8,0x000d01ed,0,1,0,,,true,false,false,1,false,false,pointer-referenced-code-run,unresolved
0x000d0210,3,6,0x000d0210,0x000d0215,0,1,0,,,true,false,false,1,false,false,pointer-referenced-code-run,unresolved
0x000d0238,3,6,0x000d0238,0x000d023d,0,1,0,,,true,false,false,1,false,false,pointer-referenced-code-run,unresolved
0x000d0260,3,6,0x000d0260,0x000d0265,0,1,0,,,true,false,false,1,false,false,pointer-referenced-code-run,unresolved
0x000d0300,3,6,0x000d0300,0x000d0305,0,1,0,,,true,false,false,1,false,false,pointer-referenced-code-run,unresolved
0x000d0328,3,6,0x000d0328,0x000d032d,0,1,0,,,true,false,false,1,false,false,pointer-referenced-code-run,unresolved
0x000d0350,3,6,0x000d0350,0x000d0355,0,1,0,,,true,false,false,1,false,false,pointer-referenced-code-run,unresolved
0x000d0378,3,6,0x000d0378,0x000d037d,0,1,0,,,true,false,false,1,false,false,pointer-referenced-code-run,unresolved
0x000d03a0,3,6,0x000d03a0,0x000d03a5,0,1,0,,,true,false,false,1,false,false,pointer-referenced-code-run,unresolved
0x000d0440,3,6,0x000d0440,0x000d0445,0,1,0,,,true,false,false,1,false,false,pointer-referenced-code-run,unresolved
0x000d0468,3,6,0x000d0468,0x000d046d,0,1,0,,,true,false,false,1,false,false,pointer-referenced-code-run,unresolved
0x000d0490,3,6,0x000d0490,0x000d0495,0,1,0,,,true,false,false,1,false,false,pointer-referenced-code-run,unresolved
0x000d04b8,3,6,0x000d04b8,0x000d04bd,0,1,0,,,true,false,false,1,false,false,pointer-referenced-code-run,unresolved
0x000d04e0,3,6,0x000d04e0,0x000d04e5,0,1,0,,,true,false,false,1,false,false,pointer-referenced-code-run,unresolved
0x000d0580,3,6,0x000d0580,0x000d0585,0,1,0,,,true,false,false,1,false,false,pointer-referenced-code-run,unresolved
0x000d05a8,3,6,0x000d05a8,0x000d05ad,0,1,0,,,true,false,false,1,false,false,pointer-referenced-code-run,unresolved
0x000d05d0,3,6,0x000d05d0,0x000d05d5,0,1,0,,,true,false,false,1,false,false,pointer-referenced-code-run,unresolved
0x000d05f8,3,6,0x000d05f8,0x000d05fd,0,1,0,,,true,false,false,1,false,false,pointer-referenced-code-run,unresolved
0x000d0620,3,6,0x000d0620,0x000d0625,0,1,0,,,true,false,false,1,false,false,pointer-referenced-code-run,unresolved
0x000d06c0,3,6,0x000d06c0,0x000d06c5,0,1,0,,,true,false,false,1,false,false,pointer-referenced-code-run,unresolved
0x000d06e8,3,6,0x000d06e8,0x000d06ed,0,1,0,,,true,false,false,1,false,false,pointer-referenced-code-run,unresolved
0x000d0710,3,6,0x000d0710,0x000d0715,0,1,0,,,true,false,false,1,false,false,pointer-referenced-code-run,unresolved
0x000d0738,3,6,0x000d0738,0x000d073d,0,1,0,,,true,false,false,1,false,false,pointer-referenced-code-run,unresolved
0x000d0760,3,6,0x000d0760,0x000d0765,0,1,0,,,true,false,false,1,false,false,pointer-referenced-code-run,unresolved
0x000d0800,3,6,0x000d0800,0x000d0805,0,1,0,,,true,false,false,1,false,false,pointer-referenced-code-run,unresolved
0x000d0828,3,6,0x000d0828,0x000d082d,0,1,0,,,true,false,false,1,false,false,pointer-referenced-code-run,unresolved
0x000d0850,3,6,0x000d0850,0x000d0855,0,1,0,,,true,false,false,1,false,false,pointer-referenced-code-run,unresolved
0x000d0878,3,6,0x000d0878,0x000d087d,0,1,0,,,true,false,false,1,false,false,pointer-referenced-code-run,unresolved
0x000d08a0,3,6,0x000d08a0,0x000d08a5,0,1,0,,,true,false,false,1,false,false,pointer-referenced-code-run,unresolved
0x000d0940,3,6,0x000d0940,0x000d0945,0,1,0,,,true,false,false,1,false,false,pointer-referenced-code-run,unresolved
0x000d0968,3,6,0x000d0968,0x000d096d,0,1,0,,,true,false,false,1,false,false,pointer-referenced-code-run,unresolved
0x000d0990,3,6,0x000d0990,0x000d0995,0,1,0,,,true,false,false,1,false,false,pointer-referenced-code-run,unresolved
0x000d09b8,3,6,0x000d09b8,0x000d09bd,0,1,0,,,true,false,false,1,false,false,pointer-referenced-code-run,unresolved
0x000d09e0,3,6,0x000d09e0,0x000d09e5,0,1,0,,,true,false,false,1,false,false,pointer-referenced-code-run,unresolved
0x000d0a80,3,6,0x000d0a80,0x000d0a85,0,1,0,,,true,false,false,1,false,false,pointer-referenced-code-run,unresolved
0x000d0aa8,3,6,0x000d0aa8,0x000d0aad,0,1,0,,,true,false,false,1,false,false,pointer-referenced-code-run,unresolved
0x000d0ad0,3,6,0x000d0ad0,0x000d0ad5,0,1,0,,,true,false,false,1,false,false,pointer-referenced-code-run,unresolved
0x000d0af8,3,6,0x000d0af8,0x000d0afd,0,1,0,,,true,false,false,1,false,false,pointer-referenced-code-run,unresolved
0x000d0b20,3,6,0x000d0b20,0x000d0b25,0,1,0,,,true,false,false,1,false,false,pointer-referenced-code-run,unresolved
0x000d0bc0,3,6,0x000d0bc0,0x000d0bc5,0,1,0,,,true,false,false,1,false,false,pointer-referenced-code-run,unresolved
0x000d0be8,3,6,0x000d0be8,0x000d0bed,0,1,0,,,true,false,false,1,false,false,pointer-referenced-code-run,unresolved
0x000d0c10,3,6,0x000d0c10,0x000d0c15,0,1,0,,,true,false,false,1,false,false,pointer-referenced-code-run,unresolved
0x000d0c38,3,6,0x000d0c38,0x000d0c3d,0,1,0,,,true,false,false,1,false,false,pointer-referenced-code-run,unresolved
0x000d0c60,3,6,0x000d0c60,0x000d0c65,0,1,0,,,true,false,false,1,false,false,pointer-referenced-code-run,unresolved
0x000d0cd0,3,10,0x000d0cd0,0x000d0cd9,0,0,0,,,true,false,false,1,false,false,orphan-decoded-run,unresolved
0x000d0cf4,1,4,0x000d0cf4,0x000d0cf7,0,0,0,,,true,false,true,1,false,false,orphan-decoded-run,unresolved
0x000d0d2a,2,4,0x000d0d2a,0x000d0d2d,0,0,0,,,true,false,false,1,false,false,orphan-decoded-run,unresolved
0x000d0d3c,6,22,0x000d0d3c,0x000d0d51,0,0,0,,,true,false,false,1,false,false,orphan-decoded-run,unresolved
0x000d0d4e,1,4,0x000d0d4e,0x000d0d51,0,0,0,,,true,false,false,1,false,false,orphan-decoded-run,unresolved
0x000d0d60,7,26,0x000d0d60,0x000d0d79,0,0,0,,,true,false,false,1,false,false,orphan-decoded-run,unresolved
0x000d0d72,2,8,0x000d0d72,0x000d0d79,0,0,0,,,true,false,false,1,false,false,orphan-decoded-run,unresolved
0x000d0d84,8,30,0x000d0d84,0x000d0da1,0,0,0,,,true,false,false,1,false,false,orphan-decoded-run,unresolved
0x000d0d96,3,12,0x000d0d96,0x000d0da1,0,0,0,,,true,false,false,1,false,false,orphan-decoded-run,unresolved
0x000d0da8,9,34,0x000d0da8,0x000d0dc9,0,0,0,,,true,false,false,1,false,false,orphan-decoded-run,unresolved
0x000d0dba,4,16,0x000d0dba,0x000d0dc9,0,0,0,,,true,false,false,1,false,false,orphan-decoded-run,unresolved
0x000d0e40,3,6,0x000d0e40,0x000d0e45,0,1,0,,,true,false,false,1,false,false,pointer-referenced-code-run,unresolved
0x000d0e68,3,6,0x000d0e68,0x000d0e6d,0,1,0,,,true,false,false,1,false,false,pointer-referenced-code-run,unresolved
0x000d0e90,3,6,0x000d0e90,0x000d0e95,0,1,0,,,true,false,false,1,false,false,pointer-referenced-code-run,unresolved
0x000d0eb8,3,6,0x000d0eb8,0x000d0ebd,0,1,0,,,true,false,false,1,false,false,pointer-referenced-code-run,unresolved
0x000d0ee0,3,6,0x000d0ee0,0x000d0ee5,0,1,0,,,true,false,false,1,false,false,pointer-referenced-code-run,unresolved
0x000d0f80,3,6,0x000d0f80,0x000d0f85,0,1,0,,,true,false,false,1,false,false,pointer-referenced-code-run,unresolved
0x000d0fa8,3,6,0x000d0fa8,0x000d0fad,0,1,0,,,true,false,false,1,false,false,pointer-referenced-code-run,unresolved
0x000d0fd0,3,6,0x000d0fd0,0x000d0fd5,0,1,0,,,true,false,false,1,false,false,pointer-referenced-code-run,unresolved
0x000d0ff8,3,6,0x000d0ff8,0x000d0ffd,0,1,0,,,true,false,false,1,false,false,pointer-referenced-code-run,unresolved
0x000d1020,3,6,0x000d1020,0x000d1025,0,1,0,,,true,false,false,1,false,false,pointer-referenced-code-run,unresolved
0x000d3598,16,38,0x000d3598,0x000d3821,0,1,0,,,true,false,false,1,false,false,pointer-referenced-code-run,unresolved
0x000d35bc,17,40,0x000d35bc,0x000d3847,0,1,0,,,true,false,false,1,false,false,pointer-referenced-code-run,unresolved
0x000d3604,12,28,0x000d3604,0x000d37b7,0,1,0,,,true,false,false,1,false,false,pointer-referenced-code-run,unresolved
0x000d364c,13,32,0x000d364c,0x000d3803,0,1,0,,,true,false,false,1,false,false,pointer-referenced-code-run,unresolved
0x000d3670,11,26,0x000d3670,0x000d3821,0,1,0,,,true,false,false,1,false,false,pointer-referenced-code-run,unresolved
0x000d3694,12,28,0x000d3694,0x000d3847,0,1,0,,,true,false,false,1,false,false,pointer-referenced-code-run,unresolved
0x000d36dc,7,16,0x000d36dc,0x000d37b7,0,1,0,,,true,false,false,1,false,false,pointer-referenced-code-run,unresolved
0x000d3724,8,20,0x000d3724,0x000d3803,0,1,0,,,true,false,false,1,false,false,pointer-referenced-code-run,unresolved
0x000d3748,6,14,0x000d3748,0x000d3821,0,1,0,,,true,false,false,1,false,false,pointer-referenced-code-run,unresolved
0x000d376c,7,16,0x000d376c,0x000d3847,0,1,0,,,true,false,false,1,false,false,pointer-referenced-code-run,unresolved
0x000d37ac,2,4,0x000d37ac,0x000d37af,0,1,0,,,true,false,false,1,false,false,pointer-referenced-code-run,unresolved
0x000d37b4,2,4,0x000d37b4,0x000d37b7,0,0,0,,,true,false,false,1,false,false,orphan-decoded-run,unresolved
0x000d37c8,2,4,0x000d37c8,0x000d37cb,0,1,0,,,true,false,false,1,false,false,pointer-referenced-code-run,unresolved
0x000d37fc,3,8,0x000d37fc,0x000d3803,0,0,0,,,true,false,false,1,false,false,orphan-decoded-run,unresolved
0x000d381c,2,4,0x000d381c,0x000d381f,0,1,0,,,true,false,false,1,false,false,pointer-referenced-code-run,unresolved
0x000d3820,1,2,0x000d3820,0x000d3821,0,1,0,,,true,false,false,1,false,false,pointer-referenced-code-run,unresolved
0x000d3838,2,4,0x000d3838,0x000d383b,0,1,0,,,true,false,false,1,false,false,pointer-referenced-code-run,unresolved
0x000d3844,2,4,0x000d3844,0x000d3847,0,0,0,,,true,false,false,1,false,false,orphan-decoded-run,unresolved
0x000d3854,2,4,0x000d3854,0x000d3857,0,1,0,,,true,false,false,1,false,false,pointer-referenced-code-run,unresolved
0x000d3870,2,4,0x000d3870,0x000d3873,0,1,0,,,true,false,false,1,false,false,pointer-referenced-code-run,unresolved
0x000d388c,2,4,0x000d388c,0x000d388f,0,1,0,,,true,false,false,1,false,false,pointer-referenced-code-run,unresolved
0x000d38a8,2,4,0x000d38a8,0x000d38ab,0,1,0,,,true,false,false,1,false,false,pointer-referenced-code-run,unresolved
0x000d38c4,2,4,0x000d38c4,0x000d38c7,0,1,0,,,true,false,false,1,false,false,pointer-referenced-code-run,unresolved
0x000d38e0,2,4,0x000d38e0,0x000d38e3,0,1,0,,,true,false,false,1,false,false,pointer-referenced-code-run,unresolved
0x000d38fc,2,4,0x000d38fc,0x000d38ff,0,1,0,,,true,false,false,1,false,false,pointer-referenced-code-run,unresolved
0x000d3d98,3,6,0x000d3d98,0x000d3d9d,0,1,0,,,true,false,false,1,false,false,pointer-referenced-code-run,unresolved
0x000d3dbc,3,6,0x000d3dbc,0x000d3dc1,0,1,0,,,true,false,false,1,false,false,pointer-referenced-code-run,unresolved
0x000d3de0,3,6,0x000d3de0,0x000d3de5,0,1,0,,,true,false,false,1,false,false,pointer-referenced-code-run,unresolved
0x000d3e04,3,6,0x000d3e04,0x000d3e09,0,1,0,,,true,false,false,1,false,false,pointer-referenced-code-run,unresolved
0x000d3e28,3,6,0x000d3e28,0x000d3e2d,0,1,0,,,true,false,false,1,false,false,pointer-referenced-code-run,unresolved
0x000d3e4c,3,6,0x000d3e4c,0x000d3e51,0,1,0,,,true,false,false,1,false,false,pointer-referenced-code-run,unresolved
0x000d3e70,3,6,0x000d3e70,0x000d3e75,0,1,0,,,true,false,false,1,false,false,pointer-referenced-code-run,unresolved
0x000d3e94,3,6,0x000d3e94,0x000d3e99,0,1,0,,,true,false,false,1,false,false,pointer-referenced-code-run,unresolved
0x000d3eb8,3,6,0x000d3eb8,0x000d3ebd,0,1,0,,,true,false,false,1,false,false,pointer-referenced-code-run,unresolved
0x000d3edc,3,6,0x000d3edc,0x000d3ee1,0,1,0,,,true,false,false,1,false,false,pointer-referenced-code-run,unresolved
0x000d3f00,3,6,0x000d3f00,0x000d3f05,0,1,0,,,true,false,false,1,false,false,pointer-referenced-code-run,unresolved
0x000d3f24,3,6,0x000d3f24,0x000d3f29,0,1,0,,,true,false,false,1,false,false,pointer-referenced-code-run,unresolved
0x000d3f48,3,6,0x000d3f48,0x000d3f4d,0,1,0,,,true,false,false,1,false,false,pointer-referenced-code-run,unresolved
0x000d3f6c,3,6,0x000d3f6c,0x000d3f71,0,1,0,,,true,false,false,1,false,false,pointer-referenced-code-run,unresolved
0x000d3f90,3,6,0x000d3f90,0x000d3f95,0,1,0,,,true,false,false,1,false,false,pointer-referenced-code-run,unresolved
0x000d3fb4,3,6,0x000d3fb4,0x000d3fb9,0,1,0,,,true,false,false,1,false,false,pointer-referenced-code-run,unresolved
0x000d3fd8,3,6,0x000d3fd8,0x000d3fdd,0,1,0,,,true,false,false,1,false,false,pointer-referenced-code-run,unresolved
0x000d3ffc,3,6,0x000d3ffc,0x000d4001,0,1,0,,,true,false,false,1,false,false,pointer-referenced-code-run,unresolved
0x000d4020,3,6,0x000d4020,0x000d4025,0,1,0,,,true,false,false,1,false,false,pointer-referenced-code-run,unresolved
0x000d4044,3,6,0x000d4044,0x000d4049,0,1,0,,,true,false,false,1,false,false,pointer-referenced-code-run,unresolved
0x000d4068,3,6,0x000d4068,0x000d406d,0,1,0,,,true,false,false,1,false,false,pointer-referenced-code-run,unresolved
0x000d408c,3,6,0x000d408c,0x000d4091,0,1,0,,,true,false,false,1,false,false,pointer-referenced-code-run,unresolved
0x000d40b0,3,6,0x000d40b0,0x000d40b5,0,1,0,,,true,false,false,1,false,false,pointer-referenced-code-run,unresolved
0x000d40d4,3,6,0x000d40d4,0x000d40d9,0,1,0,,,true,false,false,1,false,false,pointer-referenced-code-run,unresolved
0x000d40f8,3,6,0x000d40f8,0x000d40fd,0,1,0,,,true,false,false,1,false,false,pointer-referenced-code-run,unresolved
0x000d411c,3,6,0x000d411c,0x000d4121,0,1,0,,,true,false,false,1,false,false,pointer-referenced-code-run,unresolved
0x000d4140,3,6,0x000d4140,0x000d4145,0,1,0,,,true,false,false,1,false,false,pointer-referenced-code-run,unresolved
0x000d4164,3,6,0x000d4164,0x000d4169,0,1,0,,,true,false,false,1,false,false,pointer-referenced-code-run,unresolved
0x000d4188,3,6,0x000d4188,0x000d418d,0,1,0,,,true,false,false,1,false,false,pointer-referenced-code-run,unresolved
0x000d41ac,3,6,0x000d41ac,0x000d41b1,0,1,0,,,true,false,false,1,false,false,pointer-referenced-code-run,unresolved
0x000d41d0,3,6,0x000d41d0,0x000d41d5,0,1,0,,,true,false,false,1,false,false,pointer-referenced-code-run,unresolved
0x000d41f4,3,6,0x000d41f4,0x000d41f9,0,1,0,,,true,false,false,1,false,false,pointer-referenced-code-run,unresolved
0x000d4218,3,6,0x000d4218,0x000d421d,0,1,0,,,true,false,false,1,false,false,pointer-referenced-code-run,unresolved
0x000d423c,3,6,0x000d423c,0x000d4241,0,1,0,,,true,false,false,1,false,false,pointer-referenced-code-run,unresolved
0x000d4260,3,6,0x000d4260,0x000d4265,0,1,0,,,true,false,false,1,false,false,pointer-referenced-code-run,unresolved
0x000d4284,3,6,0x000d4284,0x000d4289,0,1,0,,,true,false,false,1,false,false,pointer-referenced-code-run,unresolved
0x000d42a8,3,6,0x000d42a8,0x000d42ad,0,1,0,,,true,false,false,1,false,false,pointer-referenced-code-run,unresolved
0x000d42cc,3,6,0x000d42cc,0x000d42d1,0,1,0,,,true,false,false,1,false,false,pointer-referenced-code-run,unresolved
0x000d42f0,3,6,0x000d42f0,0x000d42f5,0,1,0,,,true,false,false,1,false,false,pointer-referenced-code-run,unresolved
0x000d4314,3,6,0x000d4314,0x000d4319,0,1,0,,,true,false,false,1,false,false,pointer-referenced-code-run,unresolved
0x000d4338,3,6,0x000d4338,0x000d433d,0,1,0,,,true,false,false,1,false,false,pointer-referenced-code-run,unresolved
0x000d435c,3,6,0x000d435c,0x000d4361,0,1,0,,,true,false,false,1,false,false,pointer-referenced-code-run,unresolved
0x000d4380,3,6,0x000d4380,0x000d4385,0,1,0,,,true,false,false,1,false,false,pointer-referenced-code-run,unresolved
0x000d43a4,3,6,0x000d43a4,0x000d43a9,0,1,0,,,true,false,false,1,false,false,pointer-referenced-code-run,unresolved
0x000d43c8,3,6,0x000d43c8,0x000d43cd,0,1,0,,,true,false,false,1,false,false,pointer-referenced-code-run,unresolved
0x000d43ec,3,6,0x000d43ec,0x000d43f1,0,1,0,,,true,false,false,1,false,false,pointer-referenced-code-run,unresolved
0x000d4410,3,6,0x000d4410,0x000d4415,0,1,0,,,true,false,false,1,false,false,pointer-referenced-code-run,unresolved
0x000d4434,3,6,0x000d4434,0x000d4439,0,1,0,,,true,false,false,1,false,false,pointer-referenced-code-run,unresolved
0x000d4458,3,6,0x000d4458,0x000d445d,0,1,0,,,true,false,false,1,false,false,pointer-referenced-code-run,unresolved
0x000d447c,3,6,0x000d447c,0x000d4481,0,1,0,,,true,false,false,1,false,false,pointer-referenced-code-run,unresolved
0x000d44a0,3,6,0x000d44a0,0x000d44a5,0,1,0,,,true,false,false,1,false,false,pointer-referenced-code-run,unresolved
0x000d44c4,3,6,0x000d44c4,0x000d44c9,0,1,0,,,true,false,false,1,false,false,pointer-referenced-code-run,unresolved
0x000d44e8,3,6,0x000d44e8,0x000d44ed,0,1,0,,,true,false,false,1,false,false,pointer-referenced-code-run,unresolved
0x000d450c,3,6,0x000d450c,0x000d4511,0,1,0,,,true,false,false,1,false,false,pointer-referenced-code-run,unresolved
0x000d4530,3,6,0x000d4530,0x000d4535,0,1,0,,,true,false,false,1,false,false,pointer-referenced-code-run,unresolved
0x000d4554,3,6,0x000d4554,0x000d4559,0,1,0,,,true,false,false,1,false,false,pointer-referenced-code-run,unresolved
0x000d4578,3,6,0x000d4578,0x000d457d,0,1,0,,,true,false,false,1,false,false,pointer-referenced-code-run,unresolved
0x000d459c,3,6,0x000d459c,0x000d45a1,0,1,0,,,true,false,false,1,false,false,pointer-referenced-code-run,unresolved
0x000d45c0,3,6,0x000d45c0,0x000d45c5,0,1,0,,,true,false,false,1,false,false,pointer-referenced-code-run,unresolved
0x000d45e4,3,6,0x000d45e4,0x000d45e9,0,1,0,,,true,false,false,1,false,false,pointer-referenced-code-run,unresolved
0x000d4608,3,6,0x000d4608,0x000d460d,0,1,0,,,true,false,false,1,false,false,pointer-referenced-code-run,unresolved
0x000d462c,3,6,0x000d462c,0x000d4631,0,1,0,,,true,false,false,1,false,false,pointer-referenced-code-run,unresolved
0x000d4650,3,6,0x000d4650,0x000d4655,0,1,0,,,true,false,false,1,false,false,pointer-referenced-code-run,unresolved
0x000d4674,3,6,0x000d4674,0x000d4679,0,1,0,,,true,false,false,1,false,false,pointer-referenced-code-run,unresolved
0x000d4698,3,6,0x000d4698,0x000d469d,0,1,0,,,true,false,false,1,false,false,pointer-referenced-code-run,unresolved
0x000d46bc,3,6,0x000d46bc,0x000d46c1,0,1,0,,,true,false,false,1,false,false,pointer-referenced-code-run,unresolved
0x000d46e0,3,6,0x000d46e0,0x000d46e5,0,1,0,,,true,false,false,1,false,false,pointer-referenced-code-run,unresolved
0x000d4704,3,6,0x000d4704,0x000d4709,0,1,0,,,true,false,false,1,false,false,pointer-referenced-code-run,unresolved
0x000d4728,3,6,0x000d4728,0x000d472d,0,1,0,,,true,false,false,1,false,false,pointer-referenced-code-run,unresolved
0x000d474c,3,6,0x000d474c,0x000d4751,0,1,0,,,true,false,false,1,false,false,pointer-referenced-code-run,unresolved
0x000d4770,3,6,0x000d4770,0x000d4775,0,1,0,,,true,false,false,1,false,false,pointer-referenced-code-run,unresolved
0x000d4794,3,6,0x000d4794,0x000d4799,0,1,0,,,true,false,false,1,false,false,pointer-referenced-code-run,unresolved
0x000d47b8,3,6,0x000d47b8,0x000d47bd,0,1,0,,,true,false,false,1,false,false,pointer-referenced-code-run,unresolved
0x000d47dc,3,6,0x000d47dc,0x000d47e1,0,1,0,,,true,false,false,1,false,false,pointer-referenced-code-run,unresolved
0x000d4800,3,6,0x000d4800,0x000d4805,0,1,0,,,true,false,false,1,false,false,pointer-referenced-code-run,unresolved
0x000d4824,3,6,0x000d4824,0x000d4829,0,1,0,,,true,false,false,1,false,false,pointer-referenced-code-run,unresolved
0x000d4848,3,6,0x000d4848,0x000d484d,0,1,0,,,true,false,false,1,false,false,pointer-referenced-code-run,unresolved
0x000d486c,3,6,0x000d486c,0x000d4871,0,1,0,,,true,false,false,1,false,false,pointer-referenced-code-run,unresolved
0x000d4890,3,6,0x000d4890,0x000d4895,0,1,0,,,true,false,false,1,false,false,pointer-referenced-code-run,unresolved
0x000d48b4,3,6,0x000d48b4,0x000d48b9,0,1,0,,,true,false,false,1,false,false,pointer-referenced-code-run,unresolved
0x000d48d8,3,6,0x000d48d8,0x000d48dd,0,1,0,,,true,false,false,1,false,false,pointer-referenced-code-run,unresolved
0x000d48fc,3,6,0x000d48fc,0x000d4901,0,1,0,,,true,false,false,1,false,false,pointer-referenced-code-run,unresolved
0x000d4920,3,6,0x000d4920,0x000d4925,0,1,0,,,true,false,false,1,false,false,pointer-referenced-code-run,unresolved
0x000d4944,3,6,0x000d4944,0x000d4949,0,1,0,,,true,false,false,1,false,false,pointer-referenced-code-run,unresolved
0x000d4968,3,6,0x000d4968,0x000d496d,0,1,0,,,true,false,false,1,false,false,pointer-referenced-code-run,unresolved
0x000d498c,3,6,0x000d498c,0x000d4991,0,1,0,,,true,false,false,1,false,false,pointer-referenced-code-run,unresolved
0x000d49b0,3,6,0x000d49b0,0x000d49b5,0,1,0,,,true,false,false,1,false,false,pointer-referenced-code-run,unresolved
0x000d49d4,3,6,0x000d49d4,0x000d49d9,0,1,0,,,true,false,false,1,false,false,pointer-referenced-code-run,unresolved
0x000d49f8,3,6,0x000d49f8,0x000d49fd,0,1,0,,,true,false,false,1,false,false,pointer-referenced-code-run,unresolved
0x000d4a1c,3,6,0x000d4a1c,0x000d4a21,0,1,0,,,true,false,false,1,false,false,pointer-referenced-code-run,unresolved
0x000d4a40,3,6,0x000d4a40,0x000d4a45,0,1,0,,,true,false,false,1,false,false,pointer-referenced-code-run,unresolved
0x000d4a64,3,6,0x000d4a64,0x000d4a69,0,1,0,,,true,false,false,1,false,false,pointer-referenced-code-run,unresolved
0x000d4a88,3,6,0x000d4a88,0x000d4a8d,0,1,0,,,true,false,false,1,false,false,pointer-referenced-code-run,unresolved
0x000d4aac,3,6,0x000d4aac,0x000d4ab1,0,1,0,,,true,false,false,1,false,false,pointer-referenced-code-run,unresolved
0x000d4ad0,3,6,0x000d4ad0,0x000d4ad5,0,1,0,,,true,false,false,1,false,false,pointer-referenced-code-run,unresolved
0x000d4af4,3,6,0x000d4af4,0x000d4af9,0,1,0,,,true,false,false,1,false,false,pointer-referenced-code-run,unresolved
0x000d4b18,3,6,0x000d4b18,0x000d4b1d,0,1,0,,,true,false,false,1,false,false,pointer-referenced-code-run,unresolved
0x000d4b3c,3,6,0x000d4b3c,0x000d4b41,0,1,0,,,true,false,false,1,false,false,pointer-referenced-code-run,unresolved
0x000d4b60,3,6,0x000d4b60,0x000d4b65,0,1,0,,,true,false,false,1,false,false,pointer-referenced-code-run,unresolved
0x000d4b84,3,6,0x000d4b84,0x000d4b89,0,1,0,,,true,false,false,1,false,false,pointer-referenced-code-run,unresolved
0x000d4ba8,3,6,0x000d4ba8,0x000d4bad,0,1,0,,,true,false,false,1,false,false,pointer-referenced-code-run,unresolved
0x000d4bcc,3,6,0x000d4bcc,0x000d4bd1,0,1,0,,,true,false,false,1,false,false,pointer-referenced-code-run,unresolved
0x000d4bf0,3,6,0x000d4bf0,0x000d4bf5,0,1,0,,,true,false,false,1,false,false,pointer-referenced-code-run,unresolved
0x000d4c14,3,6,0x000d4c14,0x000d4c19,0,1,0,,,true,false,false,1,false,false,pointer-referenced-code-run,unresolved
0x000d4c38,3,6,0x000d4c38,0x000d4c3d,0,1,0,,,true,false,false,1,false,false,pointer-referenced-code-run,unresolved
0x000d4c5c,3,6,0x000d4c5c,0x000d4c61,0,1,0,,,true,false,false,1,false,false,pointer-referenced-code-run,unresolved
0x000d4c80,3,6,0x000d4c80,0x000d4c85,0,1,0,,,true,false,false,1,false,false,pointer-referenced-code-run,unresolved
0x000d4ca4,3,6,0x000d4ca4,0x000d4ca9,0,1,0,,,true,false,false,1,false,false,pointer-referenced-code-run,unresolved
0x000d4cc8,3,6,0x000d4cc8,0x000d4ccd,0,1,0,,,true,false,false,1,false,false,pointer-referenced-code-run,unresolved
0x000d4cec,3,6,0x000d4cec,0x000d4cf1,0,1,0,,,true,false,false,1,false,false,pointer-referenced-code-run,unresolved
0x000d4d10,3,6,0x000d4d10,0x000d4d15,0,1,0,,,true,false,false,1,false,false,pointer-referenced-code-run,unresolved
0x000d4d34,3,6,0x000d4d34,0x000d4d39,0,1,0,,,true,false,false,1,false,false,pointer-referenced-code-run,unresolved
0x000d8000,1,2,0x000d8000,0x000d8001,0,1,0,,,true,false,false,1,false,false,pointer-referenced-code-run,unresolved
0x000e0000,1,2,0x000e0000,0x000e0001,0,1,0,,,true,false,false,1,false,false,pointer-referenced-code-run,unresolved
0x000e000e,1,2,0x000e000e,0x000e000f,0,1,0,,,true,false,false,1,false,false,pointer-referenced-code-run,unresolved
0x000e1900,1,2,0x000e1900,0x000e1901,0,12,0,,,true,false,false,1,false,false,pointer-referenced-code-run,unresolved
0x000e1e00,1,2,0x000e1e00,0x000e1e01,0,12,0,,,true,false,false,1,false,false,pointer-referenced-code-run,unresolved
0x000e2800,1,2,0x000e2800,0x000e2801,0,12,0,,,true,false,false,1,false,false,pointer-referenced-code-run,unresolved
0x000e3200,1,2,0x000e3200,0x000e3201,0,2,0,,,true,false,false,1,false,false,pointer-referenced-code-run,unresolved
0x000e4b00,1,2,0x000e4b00,0x000e4b01,0,2,0,,,true,false,false,1,false,false,pointer-referenced-code-run,unresolved
0x000e7df0,1,2,0x000e7df0,0x000e7df1,0,2,0,,,true,false,false,1,false,false,pointer-referenced-code-run,unresolved
0x000e8000,1,2,0x000e8000,0x000e8001,0,1,0,,,true,false,false,1,false,false,pointer-referenced-code-run,unresolved
0x000f0000,1,2,0x000f0000,0x000f0001,0,1,0,,,true,false,false,1,false,false,pointer-referenced-code-run,unresolved
0x000f3200,1,2,0x000f3200,0x000f3201,0,14,0,,,true,false,false,1,false,false,pointer-referenced-code-run,unresolved
0x000f3c00,1,2,0x000f3c00,0x000f3c01,0,2,0,,,true,false,false,1,false,false,pointer-referenced-code-run,unresolved
0x000f4240,1,2,0x000f4240,0x000f4241,0,7,0,,0x000903a8;0x0009043c;0x000904bc;0x000909bc;0x00090c54,true,false,false,1,false,false,pointer-referenced-code-run,unresolved
0x000f8000,1,2,0x000f8000,0x000f8001,0,2,0,,0x00003474,true,false,false,1,false,false,pointer-referenced-code-run,unresolved
0x000fe0d8,2,8,0x000fe0d8,0x000fe0df,0,1,0,,,true,false,false,1,false,false,pointer-referenced-code-run,unresolved
0x000fe0ec,2,8,0x000fe0ec,0x000fe0f3,0,1,0,,,true,false,false,1,false,false,pointer-referenced-code-run,unresolved
0x000fe100,2,8,0x000fe100,0x000fe107,0,1,0,,,true,false,false,1,false,false,pointer-referenced-code-run,unresolved
0x000ffdf0,1,2,0x000ffdf0,0x000ffdf1,0,1,0,,,true,false,false,1,false,false,pointer-referenced-code-run,unresolved
