entry_addr,body_bytes,name,name_source,is_thunk,calling_convention,caller_count,callee_count,root_kind,ram_ref_count,mmio_ref_count,codeflash_data_ref_count,string_ref_count,subsystem,evidence_grade
0x00000030,8,boot_default_exception_handler,DEFAULT,true,__interrupt,0,0,interrupt,0,0,0,0,boot,thunk
0x000001b0,66,boot_reset_startup,USER_DEFINED,false,__stdcall,0,0,,0,0,0,0,boot,annotated
0x000001f2,1360,boot_reset_startup,USER_DEFINED,false,__stdcall,0,1,,2,3,1,0,boot,annotated
0x00000748,12,boot_eiint_dispatch,USER_DEFINED,false,__stdcall,0,0,,0,0,0,0,boot,annotated
0x00000770,16,FUN_00000770,DEFAULT,false,__stdcall,1,2,,0,0,0,0,boot,recovered
0x00000780,12,bootloader_service_periodic,USER_DEFINED,false,__stdcall,1,1,,0,0,0,0,boot,annotated
0x0000078c,12,FUN_0000078c,DEFAULT,false,__stdcall,1,1,,0,0,0,0,boot,recovered
0x00000798,2,FUN_00000798,DEFAULT,false,__stdcall,1,0,,0,0,0,0,boot,recovered
0x0000079a,28,FUN_0000079a,DEFAULT,false,__stdcall,1,0,,0,0,0,0,boot,recovered
0x000007b6,76,FUN_000007b6,DEFAULT,false,__stdcall,1,0,,0,0,1,0,boot,recovered
0x00000802,126,FUN_00000802,DEFAULT,false,__stdcall,1,0,,0,0,1,0,boot,recovered
0x00000880,72,FUN_00000880,DEFAULT,false,__stdcall,1,0,,0,0,1,0,boot,recovered
0x000008c8,166,FUN_000008c8,DEFAULT,false,__stdcall,1,0,,0,0,1,0,boot,recovered
0x0000096e,740,FUN_0000096e,DEFAULT,false,__stdcall,1,0,,0,0,1,0,boot,recovered
0x00000c52,72,FUN_00000c52,DEFAULT,false,__stdcall,1,0,,0,0,1,0,boot,recovered
0x00000c9a,442,boot_peripheral_init,USER_DEFINED,false,__stdcall,1,0,,0,2,33,0,boot,annotated
0x00000e54,300,boot_key_mirror_init,USER_DEFINED,false,__stdcall,1,0,,18,5,0,0,boot,annotated
0x00000f80,324,boot_flash_sequencer_init,USER_DEFINED,false,__stdcall,1,0,,0,15,0,0,boot,annotated
0x000010c4,2,FUN_000010c4,DEFAULT,false,__stdcall,1,0,,0,0,0,0,boot,recovered
0x000010c6,148,boot_clock_init,USER_DEFINED,false,__stdcall,1,1,,0,4,0,0,boot,annotated
0x0000115a,68,boot_flash_status_check,USER_DEFINED,false,__stdcall,1,0,,0,3,1,0,boot,annotated
0x0000119e,104,boot_validity_check,USER_DEFINED,false,__stdcall,1,3,,0,0,2,0,boot,annotated
0x00001206,20,boot_failure_trap,USER_DEFINED,false,__stdcall,1,0,,0,0,0,0,boot,annotated
0x0000121a,14,FUN_0000121a,DEFAULT,false,__stdcall,1,0,,0,0,0,0,boot,recovered
0x00001228,272,FUN_00001228,DEFAULT,false,__stdcall,1,0,,0,18,0,0,boot,recovered
0x00001338,66,FUN_00001338,DEFAULT,false,__stdcall,1,12,,2,0,0,0,boot,recovered
0x0000137a,30,boot_failure_periodic,USER_DEFINED,false,__stdcall,1,4,,1,0,0,0,boot,annotated
0x00001398,24,boot_failure_main_loop,USER_DEFINED,false,__stdcall,2,3,,0,0,0,0,boot,annotated
0x000013b0,84,boot_application_handoff,USER_DEFINED,false,__stdcall,1,8,,3,0,1,0,boot,annotated
0x00001404,116,FUN_00001404,DEFAULT,false,__stdcall,1,8,,2,0,0,0,boot,recovered
0x00001478,22,FUN_00001478,DEFAULT,false,__stdcall,2,0,,0,0,0,0,boot,recovered
0x0000148e,20,FUN_0000148e,DEFAULT,false,__stdcall,1,2,,1,0,0,0,boot,recovered
0x000014a2,28,FUN_000014a2,DEFAULT,false,__stdcall,1,3,,1,0,0,0,boot,recovered
0x000014be,42,FUN_000014be,DEFAULT,false,__stdcall,1,2,,1,0,0,0,boot,recovered
0x00001514,22,FUN_00001514,DEFAULT,false,__stdcall,3,1,,1,0,0,0,boot,recovered
0x0000152a,16,FUN_0000152a,DEFAULT,false,__stdcall,2,2,,0,0,0,0,boot,recovered
0x0000153a,22,FUN_0000153a,DEFAULT,false,__stdcall,1,0,,0,0,0,0,boot,recovered
0x00001550,8,FUN_00001550,DEFAULT,false,__stdcall,1,0,,1,0,0,0,boot,recovered
0x00001560,62,FUN_00001560,DEFAULT,false,__stdcall,1,0,,0,2,0,0,boot,recovered
0x0000159e,22,bootloader_hard_reset_wait,USER_DEFINED,false,__stdcall,3,3,,0,0,0,0,boot,annotated
0x000015b4,12,FUN_000015b4,DEFAULT,false,__stdcall,1,0,,0,0,0,0,boot,recovered
0x000015c0,102,FUN_000015c0,DEFAULT,false,__stdcall,2,0,,0,0,0,0,boot,recovered
0x00001626,86,FUN_00001626,DEFAULT,false,__stdcall,1,0,,0,0,1,0,boot,recovered
0x0000167c,32,FUN_0000167c,DEFAULT,false,__stdcall,2,2,,0,0,0,0,boot,recovered
0x0000169c,86,FUN_0000169c,DEFAULT,false,__stdcall,1,0,,0,0,2,0,boot,recovered
0x000016f2,214,FUN_000016f2,DEFAULT,false,__stdcall,1,5,,0,0,6,0,boot,recovered
0x000017c8,1014,FUN_000017c8,DEFAULT,false,__stdcall,1,0,,0,239,2,0,boot,recovered
0x00001bbe,98,FUN_00001bbe,DEFAULT,false,__stdcall,2,2,,0,4,0,0,boot,recovered
0x00001c20,64,FUN_00001c20,DEFAULT,false,__stdcall,1,0,,0,0,2,0,boot,recovered
0x00001c60,64,FUN_00001c60,DEFAULT,false,__stdcall,1,0,,0,0,1,0,boot,recovered
0x00001ca0,72,FUN_00001ca0,DEFAULT,false,__stdcall,1,2,,0,0,0,0,boot,recovered
0x00001ce8,12,FUN_00001ce8,DEFAULT,false,__stdcall,1,1,,0,0,0,0,boot,recovered
0x00001d0e,6,FUN_00001d0e,DEFAULT,false,__stdcall,2,0,,0,0,0,0,boot,recovered
0x00001d24,8,FUN_00001d24,DEFAULT,false,__stdcall,12,0,,0,0,0,0,boot,recovered
0x00001d58,24,FUN_00001d58,DEFAULT,false,__interrupt,0,1,interrupt,0,0,0,0,boot,recovered
0x00001d70,14,FUN_00001d70,DEFAULT,false,__stdcall,7,0,,1,0,0,0,boot,recovered
0x00001d9a,106,FUN_00001d9a,DEFAULT,false,__stdcall,1,4,,4,0,4,0,boot,recovered
0x00001e04,12,FUN_00001e04,DEFAULT,false,__stdcall,1,1,,0,0,0,0,boot,recovered
0x00001e10,14,FUN_00001e10,DEFAULT,false,__stdcall,2,1,,0,0,0,0,boot,recovered
0x00001e1e,8,boot_default_exception_handler,USER_DEFINED,false,__interrupt,0,1,interrupt,0,0,0,0,boot,annotated
0x00001e2a,12,boot_secondary_exception_handler,USER_DEFINED,false,__interrupt,0,1,interrupt,0,0,0,0,boot,annotated
0x00001e36,14,boot_fatal_exception_trap,USER_DEFINED,false,__interrupt,0,1,interrupt,0,0,0,0,boot,annotated
0x00001e44,12,boot_tauj0_ch2_isr,USER_DEFINED,false,__interrupt,0,1,interrupt,0,0,0,0,boot,annotated
0x00001e50,14,boot_can0_rx_isr,USER_DEFINED,false,__interrupt,0,1,interrupt,0,0,0,0,boot,annotated
0x00001e5e,14,boot_can0_tx_isr,USER_DEFINED,false,__interrupt,0,1,interrupt,0,0,0,0,boot,annotated
0x00001e6c,14,boot_can1_rx_isr,USER_DEFINED,false,__interrupt,0,1,interrupt,0,0,0,0,boot,annotated
0x00001e7a,14,boot_can1_tx_isr,USER_DEFINED,false,__interrupt,0,1,interrupt,0,0,0,0,boot,annotated
0x00001e88,14,boot_can2_rx_isr,USER_DEFINED,false,__interrupt,0,1,interrupt,0,0,0,0,boot,annotated
0x00001e96,14,boot_can2_tx_isr,USER_DEFINED,false,__interrupt,0,1,interrupt,0,0,0,0,boot,annotated
0x00001ea4,14,boot_unexpected_eiint_trap,USER_DEFINED,false,__interrupt,0,1,interrupt,0,0,0,0,boot,annotated
0x00001ec0,30,cantp_canif_transmit,USER_DEFINED,false,__stdcall,6,1,,0,0,0,0,boot,annotated
0x00001ede,16,FUN_00001ede,DEFAULT,false,__stdcall,3,1,,0,0,0,0,boot,recovered
0x00001eee,30,cantp_rx_indication_callback,USER_DEFINED,false,__stdcall,0,1,,0,0,0,0,boot,annotated
0x00001f0c,24,cantp_tx_confirmation_callback,USER_DEFINED,false,__stdcall,0,1,,0,0,0,0,boot,annotated
0x00001f24,50,FUN_00001f24,DEFAULT,false,__stdcall,1,0,,11,0,0,0,boot,recovered
0x00001f60,56,FUN_00001f60,DEFAULT,false,__stdcall,14,0,,1,0,1,0,boot,recovered
0x00001f98,174,cantp_send_flow_control_cts,USER_DEFINED,false,__stdcall,2,3,,3,0,10,0,boot,annotated
0x00002046,158,FUN_00002046,DEFAULT,false,__stdcall,2,4,,3,0,4,0,boot,recovered
0x000020e4,222,cantp_send_consecutive_frame,USER_DEFINED,false,__stdcall,3,4,,4,0,6,0,boot,annotated
0x000021c2,142,FUN_000021c2,DEFAULT,false,__stdcall,1,4,,3,0,2,0,boot,recovered
0x00002250,52,FUN_00002250,DEFAULT,false,__stdcall,1,2,,2,0,0,0,boot,recovered
0x00002284,70,FUN_00002284,DEFAULT,false,__stdcall,1,0,,0,0,3,0,boot,recovered
0x000022ca,134,FUN_000022ca,DEFAULT,false,__stdcall,2,3,,2,0,6,0,boot,recovered
0x00002350,104,FUN_00002350,DEFAULT,false,__stdcall,2,3,,2,0,5,0,boot,recovered
0x000023b8,114,FUN_000023b8,DEFAULT,false,__stdcall,1,3,,1,0,2,0,boot,recovered
0x0000242a,166,cantp_handle_single_frame,USER_DEFINED,false,__stdcall,1,3,,1,0,2,0,boot,annotated
0x000024d0,196,cantp_send_flow_control_wait,USER_DEFINED,false,__stdcall,2,3,,2,0,11,0,boot,annotated
0x00002594,162,FUN_00002594,DEFAULT,false,__stdcall,3,5,,2,0,4,0,boot,recovered
0x00002636,156,cantp_send_flow_control_overflow,USER_DEFINED,false,__stdcall,2,2,,1,0,9,0,boot,annotated
0x000026d2,262,FUN_000026d2,DEFAULT,false,__stdcall,1,6,,6,0,5,0,boot,recovered
0x000027d8,176,cantp_handle_first_frame,USER_DEFINED,false,__stdcall,1,3,,1,0,3,0,boot,annotated
0x00002888,190,FUN_00002888,DEFAULT,false,__stdcall,1,4,,4,0,6,0,boot,recovered
0x00002946,158,cantp_handle_consecutive_frame,USER_DEFINED,false,__stdcall,1,3,,4,0,5,0,boot,annotated
0x000029e4,46,FUN_000029e4,DEFAULT,false,__stdcall,1,0,,3,0,0,0,boot,recovered
0x00002a12,184,FUN_00002a12,DEFAULT,false,__stdcall,2,4,,2,0,2,0,boot,recovered
0x00002aca,26,FUN_00002aca,DEFAULT,false,__stdcall,1,1,,2,0,1,0,boot,recovered
0x00002ae4,166,cantp_handle_flow_control_frame,USER_DEFINED,false,__stdcall,1,5,,2,0,5,0,boot,annotated
0x00002b8a,140,CanTp_RxIndication,USER_DEFINED,false,__stdcall,1,5,,1,0,1,0,boot,annotated
0x00002c16,190,cantp_send_first_frame,USER_DEFINED,false,__stdcall,1,3,,4,0,5,0,boot,annotated
0x00002cd4,180,cantp_send_single_frame,USER_DEFINED,false,__stdcall,1,3,,2,0,6,0,boot,annotated
0x00002d88,170,CanTp_Transmit,USER_DEFINED,false,__stdcall,2,2,,2,0,2,0,boot,annotated
0x00002e32,84,FUN_00002e32,DEFAULT,false,__stdcall,1,0,,2,0,3,0,boot,recovered
0x00002e86,70,FUN_00002e86,DEFAULT,false,__stdcall,1,2,,2,0,2,0,boot,recovered
0x00002ecc,80,FUN_00002ecc,DEFAULT,false,__stdcall,1,3,,6,0,1,0,boot,recovered
0x00002f1c,156,CanTp_TxConfirmation,USER_DEFINED,false,__stdcall,1,6,,3,0,3,0,boot,annotated
0x00002fb8,72,FUN_00002fb8,DEFAULT,false,__stdcall,1,3,,2,0,0,0,boot,recovered
0x00003000,210,FUN_00003000,DEFAULT,false,__stdcall,1,4,,2,0,3,0,boot,recovered
0x000030d2,82,FUN_000030d2,DEFAULT,false,__stdcall,0,2,,3,0,2,0,boot,recovered
0x000032d2,70,boot_memory_range_check_access,USER_DEFINED,false,__stdcall,2,0,,0,0,8,0,boot,annotated
0x00003318,70,boot_memory_range_get_auth_bit,USER_DEFINED,false,__stdcall,0,0,,0,0,8,0,boot,annotated
0x0000335e,52,boot_memory_region_find,USER_DEFINED,false,__stdcall,1,0,,0,0,2,0,boot,annotated
0x00003392,58,boot_memory_region_get_cmac_tag,USER_DEFINED,false,__stdcall,1,0,,0,0,4,0,boot,annotated
0x000033cc,54,boot_memory_region_get_marker_address,USER_DEFINED,false,__stdcall,1,0,,0,0,4,0,boot,annotated
0x00003402,54,FUN_00003402,DEFAULT,false,__stdcall,1,0,,0,0,4,0,boot,recovered
0x00003438,20,boot_memory_region_get_crc_count,USER_DEFINED,false,__stdcall,1,0,,0,0,1,0,boot,annotated
0x0000344c,20,boot_memory_region_get_crc_descriptors,USER_DEFINED,false,__stdcall,1,0,,0,0,1,0,boot,annotated
0x00003460,20,FUN_00003460,DEFAULT,false,__stdcall,3,0,,0,0,0,0,boot,recovered
0x00003474,52,FUN_00003474,DEFAULT,false,__stdcall,1,0,,0,0,4,0,boot,recovered
0x000034a8,50,FUN_000034a8,DEFAULT,false,__stdcall,3,0,,0,0,4,0,boot,recovered
0x000034da,44,FUN_000034da,DEFAULT,false,__stdcall,1,0,,2,0,3,0,boot,recovered
0x00003506,76,FUN_00003506,DEFAULT,false,__stdcall,1,2,,2,0,3,0,boot,recovered
0x00003552,16,FUN_00003552,DEFAULT,false,__stdcall,1,0,,1,0,1,0,boot,recovered
0x00003562,34,FUN_00003562,DEFAULT,false,__stdcall,1,1,,0,0,0,0,boot,recovered
0x00003584,56,FUN_00003584,DEFAULT,false,__stdcall,1,2,,0,0,3,0,boot,recovered
0x000035bc,40,FUN_000035bc,DEFAULT,false,__stdcall,1,1,,4,0,0,0,boot,recovered
0x000035e4,48,FUN_000035e4,DEFAULT,false,__stdcall,1,0,,3,0,2,0,boot,recovered
0x00003614,136,FUN_00003614,DEFAULT,false,__stdcall,1,0,,0,0,0,0,boot,recovered
0x0000369c,34,FUN_0000369c,DEFAULT,false,__stdcall,1,0,,0,0,2,0,boot,recovered
0x000036be,30,FUN_000036be,DEFAULT,false,__stdcall,1,4,,1,0,1,0,boot,recovered
0x000036de,112,rscfd_tx_buffer_submit,USER_DEFINED,false,__stdcall,1,1,,0,6,0,0,boot,annotated
0x0000374e,110,Can_Write,USER_DEFINED,false,__stdcall,1,3,,1,0,0,0,boot,annotated
0x000037bc,40,FUN_000037bc,DEFAULT,false,__stdcall,1,1,,0,1,0,0,boot,recovered
0x000037e4,52,FUN_000037e4,DEFAULT,false,__stdcall,1,3,,1,0,0,0,boot,recovered
0x00003818,12,FUN_00003818,DEFAULT,false,__stdcall,1,0,,0,1,0,0,boot,recovered
0x00003824,72,FUN_00003824,DEFAULT,false,__stdcall,1,1,,0,1,0,0,boot,recovered
0x0000386c,156,FUN_0000386c,DEFAULT,false,__stdcall,1,0,,0,37,0,0,boot,recovered
0x00003908,16,FUN_00003908,DEFAULT,false,__stdcall,1,0,,0,1,0,0,boot,recovered
0x00003918,42,FUN_00003918,DEFAULT,false,__stdcall,1,1,,0,1,0,0,boot,recovered
0x00003942,42,FUN_00003942,DEFAULT,false,__stdcall,1,0,,0,12,0,0,boot,recovered
0x0000396c,12,FUN_0000396c,DEFAULT,false,__stdcall,1,0,,0,1,0,0,boot,recovered
0x00003978,32,FUN_00003978,DEFAULT,false,__stdcall,1,0,,0,2,0,0,boot,recovered
0x00003998,14,FUN_00003998,DEFAULT,false,__stdcall,1,0,,0,0,0,0,boot,recovered
0x000039a6,26,FUN_000039a6,DEFAULT,false,__stdcall,1,0,,0,1,0,0,boot,recovered
0x000039c0,22,FUN_000039c0,DEFAULT,false,__stdcall,1,0,,0,1,0,0,boot,recovered
0x000039d6,66,FUN_000039d6,DEFAULT,false,__stdcall,1,0,,0,4,0,0,boot,recovered
0x00003a18,30,FUN_00003a18,DEFAULT,false,__stdcall,1,0,,0,1,0,0,boot,recovered
0x00003a36,52,FUN_00003a36,DEFAULT,false,__stdcall,1,0,,0,2,0,0,boot,recovered
0x00003a6a,36,FUN_00003a6a,DEFAULT,false,__stdcall,1,0,,0,1,0,0,boot,recovered
0x00003a8e,16,FUN_00003a8e,DEFAULT,false,__stdcall,1,0,,0,1,0,0,boot,recovered
0x00003a9e,28,FUN_00003a9e,DEFAULT,false,__stdcall,1,1,,0,0,1,0,boot,recovered
0x00003aba,28,FUN_00003aba,DEFAULT,false,__stdcall,1,1,,0,0,1,0,boot,recovered
0x00003ad6,30,FUN_00003ad6,DEFAULT,false,__stdcall,1,1,,0,1,0,0,boot,recovered
0x00003af4,44,FUN_00003af4,DEFAULT,false,__stdcall,1,1,,0,1,0,0,boot,recovered
0x00003b20,28,FUN_00003b20,DEFAULT,false,__stdcall,1,0,,0,1,0,0,boot,recovered
0x00003b3c,736,FUN_00003b3c,DEFAULT,false,__stdcall,1,21,,2,5,13,0,boot,recovered
0x00003e1c,44,FUN_00003e1c,DEFAULT,false,__stdcall,1,0,,0,4,0,0,boot,recovered
0x00003e48,22,FUN_00003e48,DEFAULT,false,__stdcall,1,0,,0,1,0,0,boot,recovered
0x00003e5e,34,FUN_00003e5e,DEFAULT,false,__stdcall,1,0,,0,1,0,0,boot,recovered
0x00003e80,36,FUN_00003e80,DEFAULT,false,__stdcall,1,0,,0,1,0,0,boot,recovered
0x00003ea4,78,FUN_00003ea4,DEFAULT,false,__stdcall,1,5,,0,0,0,0,boot,recovered
0x00003ef2,88,FUN_00003ef2,DEFAULT,false,__stdcall,3,2,,0,0,2,0,boot,recovered
0x00003f4a,22,FUN_00003f4a,DEFAULT,false,__stdcall,1,0,,0,1,0,0,boot,recovered
0x00003f60,24,FUN_00003f60,DEFAULT,false,__stdcall,1,0,,0,1,0,0,boot,recovered
0x00003f78,30,FUN_00003f78,DEFAULT,false,__stdcall,1,0,,0,1,0,0,boot,recovered
0x00003f96,110,rscfd_common_fifo_read,USER_DEFINED,false,__stdcall,1,2,,0,4,0,0,boot,annotated
0x0000400a,62,rscfd_common_fifo_rx_callback,USER_DEFINED,false,__stdcall,1,2,,0,0,0,0,boot,annotated
0x00004048,90,FUN_00004048,DEFAULT,false,__stdcall,3,2,,0,0,2,0,boot,recovered
0x000040a2,62,FUN_000040a2,DEFAULT,false,__stdcall,2,0,,3,0,0,0,boot,recovered
0x000040e0,58,FUN_000040e0,DEFAULT,false,__stdcall,2,1,,0,0,0,0,boot,recovered
0x0000411a,110,FUN_0000411a,DEFAULT,false,__stdcall,1,3,,10,0,0,0,boot,recovered
0x00004188,88,flash_program_start,USER_DEFINED,false,__stdcall,2,2,,8,0,0,0,boot,annotated
0x000041e0,128,flash_erase_start,USER_DEFINED,false,__stdcall,0,4,,10,0,0,0,boot,annotated
0x00004260,6,FUN_00004260,DEFAULT,false,__stdcall,4,0,,1,0,0,0,boot,recovered
0x00004266,8,FUN_00004266,DEFAULT,false,__stdcall,5,0,,1,0,0,0,boot,recovered
0x00004276,46,flash_program_queue_bytes,USER_DEFINED,false,__stdcall,3,0,,2,0,0,0,boot,annotated
0x000042a4,52,FUN_000042a4,DEFAULT,false,__stdcall,3,2,,2,0,0,0,boot,recovered
0x000042d8,30,FUN_000042d8,DEFAULT,false,__stdcall,1,1,,0,0,0,0,boot,recovered
0x000042f6,60,FUN_000042f6,DEFAULT,false,__stdcall,1,0,,6,0,0,0,boot,recovered
0x00004332,94,flash_driver_call_block_operation,USER_DEFINED,false,__stdcall,1,2,,4,0,0,0,boot,annotated
0x00004390,46,FUN_00004390,DEFAULT,false,__stdcall,1,0,,2,0,0,0,boot,recovered
0x000043be,106,flash_driver_program_chunk,USER_DEFINED,false,__stdcall,1,2,,4,0,0,0,boot,annotated
0x00004428,360,flash_operation_task,USER_DEFINED,false,__stdcall,1,6,,11,0,0,0,boot,annotated
0x00004590,32,FUN_00004590,DEFAULT,false,__stdcall,1,0,,7,0,0,0,boot,recovered
0x000045b2,84,FUN_000045b2,DEFAULT,false,__stdcall,1,1,,0,0,6,0,boot,recovered
0x00004606,114,CanIf_Transmit,USER_DEFINED,false,__stdcall,1,1,,0,0,6,0,boot,annotated
0x00004678,118,CanIf_RxIndication,USER_DEFINED,false,__stdcall,1,1,,0,0,8,0,boot,annotated
0x000046ee,86,FUN_000046ee,DEFAULT,false,__stdcall,2,1,,0,0,8,0,boot,recovered
0x00004744,24,FUN_00004744,DEFAULT,false,__stdcall,1,1,,0,0,0,0,boot,recovered
0x0000475c,24,FUN_0000475c,DEFAULT,false,__stdcall,1,1,,0,0,0,0,boot,recovered
0x00004776,24,bootloader_main_operation_reserve,USER_DEFINED,false,__stdcall,1,0,,2,0,0,0,boot,annotated
0x0000478e,6,FUN_0000478e,DEFAULT,false,__stdcall,1,0,,1,0,0,0,boot,recovered
0x00004794,6,FUN_00004794,DEFAULT,false,__stdcall,1,0,,1,0,0,0,boot,recovered
0x0000479a,18,bootloader_main_operation_release,USER_DEFINED,false,__stdcall,1,0,,2,0,0,0,boot,annotated
0x000047ac,12,bootloader_main_operation_initialize,USER_DEFINED,false,__stdcall,1,0,,2,0,0,0,boot,annotated
0x000047ba,36,memory_crc_verify_enqueue,USER_DEFINED,false,__stdcall,0,0,,5,0,0,0,boot,annotated
0x000047de,6,memory_crc_verify_result,USER_DEFINED,false,__stdcall,2,0,,1,0,0,0,boot,annotated
0x000047e4,6,memory_crc_verify_busy,USER_DEFINED,false,__stdcall,2,0,,1,0,0,0,boot,annotated
0x000047ea,48,crc32_hardware_compute,USER_DEFINED,false,__stdcall,1,0,,0,0,0,0,boot,annotated
0x0000481a,90,memory_crc_verify_descriptors,USER_DEFINED,false,__stdcall,2,3,,0,0,0,0,boot,annotated
0x00004874,80,memory_crc_verify_task,USER_DEFINED,false,__stdcall,1,4,,4,0,0,0,boot,annotated
0x000048c4,12,FUN_000048c4,DEFAULT,false,__stdcall,1,0,,2,0,0,0,boot,recovered
0x000048d2,38,FUN_000048d2,DEFAULT,false,__stdcall,1,1,,0,0,0,0,boot,recovered
0x00004900,20,uds_write_did_negative_response,USER_DEFINED,false,__stdcall,2,1,,0,0,0,0,boot,annotated
0x00004914,52,uds_write_did_positive_response,USER_DEFINED,false,__stdcall,2,1,,4,0,1,0,boot,annotated
0x00004948,328,uds_write_data_by_identifier,USER_DEFINED,false,__stdcall,0,5,,6,0,4,0,boot,annotated
0x00004a90,10,uds_write_did_state_reset,USER_DEFINED,false,__stdcall,1,0,,2,0,0,0,boot,annotated
0x00004a9a,68,uds_write_did_completion_task,USER_DEFINED,false,__stdcall,1,3,,4,0,0,0,boot,annotated
0x00004ae2,86,FUN_00004ae2,DEFAULT,false,__stdcall,2,1,,4,0,0,0,boot,recovered
0x00004b38,34,transfer_data_negative_response_and_abort,USER_DEFINED,false,__stdcall,5,1,,1,0,0,0,boot,annotated
0x00004b5a,34,FUN_00004b5a,DEFAULT,false,__stdcall,4,1,,3,0,0,0,boot,recovered
0x00004b7c,284,FUN_00004b7c,DEFAULT,false,__stdcall,1,8,,10,0,1,0,boot,recovered
0x00004ca2,234,transfer_data_compare_request,USER_DEFINED,false,__stdcall,1,6,,9,0,1,0,boot,annotated
0x00004d8c,46,FUN_00004d8c,DEFAULT,false,__stdcall,1,1,,1,0,1,0,boot,recovered
0x00004dba,56,uds_transfer_data,USER_DEFINED,false,__stdcall,0,3,,1,0,0,0,boot,annotated
0x00004df2,160,FUN_00004df2,DEFAULT,false,__stdcall,1,6,,8,0,0,0,boot,recovered
0x00004e92,138,transfer_data_compare_task,USER_DEFINED,false,__stdcall,1,4,,9,0,0,0,boot,annotated
0x00004f1c,52,transfer_data_task_dispatch,USER_DEFINED,false,__stdcall,1,2,,3,0,0,0,boot,annotated
0x00004f50,72,FUN_00004f50,DEFAULT,false,__stdcall,1,2,,6,0,0,0,boot,recovered
0x00004f98,6,FUN_00004f98,DEFAULT,false,__stdcall,1,0,,1,0,0,0,boot,recovered
0x00004f9e,28,FUN_00004f9e,DEFAULT,false,__stdcall,2,0,,9,0,0,0,boot,recovered
0x00004fba,20,tester_present_negative_response,USER_DEFINED,false,__stdcall,1,1,,0,0,0,0,boot,annotated
0x00004fce,42,tester_present_positive_response,USER_DEFINED,false,__stdcall,1,1,,3,0,0,0,boot,annotated
0x00004ff8,104,uds_tester_present,USER_DEFINED,false,__stdcall,0,3,,2,0,2,0,boot,annotated
0x00005060,36,FUN_00005060,DEFAULT,false,__stdcall,1,0,,0,0,0,0,boot,recovered
0x00005084,2,FUN_00005084,DEFAULT,false,__stdcall,1,0,,0,0,0,0,boot,recovered
0x00005086,100,FUN_00005086,DEFAULT,false,__stdcall,1,12,,10,0,0,0,boot,recovered
0x00005148,16,FUN_00005148,DEFAULT,false,__stdcall,1,2,,0,0,0,0,boot,recovered
0x00005160,60,FUN_00005160,DEFAULT,false,__stdcall,1,1,,1,0,2,0,boot,recovered
0x0000519c,16,FUN_0000519c,DEFAULT,false,__stdcall,2,1,,1,0,0,0,boot,recovered
0x000051ac,28,bootloader_diagnostics_periodic,USER_DEFINED,false,__stdcall,1,5,,0,0,0,0,boot,annotated
0x000051c8,16,FUN_000051c8,DEFAULT,false,__stdcall,1,2,,0,0,0,0,boot,recovered
0x000051d8,34,bootloader_set_diagnostic_session,USER_DEFINED,false,__stdcall,3,3,,1,0,0,0,boot,annotated
0x000051fa,40,FUN_000051fa,DEFAULT,false,__stdcall,14,1,,4,0,0,0,boot,recovered
0x00005222,72,uds_service_dispatch,USER_DEFINED,false,__stdcall,1,3,,1,0,6,0,boot,annotated
0x0000526a,22,FUN_0000526a,DEFAULT,false,__stdcall,1,1,,0,0,0,0,boot,recovered
0x00005280,2,FUN_00005280,DEFAULT,false,__stdcall,1,0,,0,0,0,0,boot,recovered
0x00005282,2,FUN_00005282,DEFAULT,false,__stdcall,1,0,,0,0,0,0,boot,recovered
0x00005284,2,FUN_00005284,DEFAULT,false,__stdcall,2,0,,0,0,0,0,boot,recovered
0x00005286,32,program_region_validity_marker,USER_DEFINED,false,__stdcall,1,2,,0,0,0,0,boot,annotated
0x000052a6,24,FUN_000052a6,DEFAULT,false,__stdcall,3,0,,0,0,0,0,boot,recovered
0x000052be,12,FUN_000052be,DEFAULT,false,__stdcall,1,0,,1,0,0,0,boot,recovered
0x000052ca,20,FUN_000052ca,DEFAULT,false,__stdcall,2,1,,0,0,0,0,boot,recovered
0x000052de,74,FUN_000052de,DEFAULT,false,__stdcall,1,1,,7,0,0,0,boot,recovered
0x00005328,202,uds_security_access_request_seed,USER_DEFINED,false,__stdcall,1,3,,10,0,0,0,boot,annotated
0x000053f2,12,uds_security_access_send_key,USER_DEFINED,false,__stdcall,1,0,,1,0,0,0,boot,annotated
0x00005516,110,uds_security_access,USER_DEFINED,false,__stdcall,0,4,,2,0,1,0,boot,annotated
0x00005584,38,FUN_00005584,DEFAULT,false,__stdcall,1,1,,3,0,0,0,boot,recovered
0x000055aa,82,FUN_000055aa,DEFAULT,false,__stdcall,1,1,,12,0,0,0,boot,recovered
0x000055fc,46,FUN_000055fc,DEFAULT,false,__stdcall,1,0,,4,0,0,0,boot,recovered
0x0000562a,6,FUN_0000562a,DEFAULT,false,__stdcall,1,0,,1,0,0,0,boot,recovered
0x00005630,20,routine_control_negative_response,USER_DEFINED,false,__stdcall,3,1,,0,0,0,0,boot,annotated
0x00005644,58,routine_control_positive_response,USER_DEFINED,false,__stdcall,3,1,,7,0,0,0,boot,annotated
0x0000567e,1,uds_routine_control,USER_DEFINED,false,__stdcall,0,0,,0,0,0,0,boot,annotated
0x00005936,206,routine_verify_crc_cmac_task,USER_DEFINED,false,__stdcall,1,8,,9,0,0,0,boot,annotated
0x00005a04,356,routine_program_verify_task,USER_DEFINED,false,__stdcall,1,11,,11,0,1,0,boot,annotated
0x00005b70,146,routine_erase_task,USER_DEFINED,false,__stdcall,1,5,,6,0,0,0,boot,annotated
0x00005c06,68,routine_control_task_dispatch,USER_DEFINED,false,__stdcall,1,3,,3,0,0,0,boot,annotated
0x00005c4a,10,FUN_00005c4a,DEFAULT,false,__stdcall,1,0,,2,0,0,0,boot,recovered
0x00005c54,34,FUN_00005c54,DEFAULT,false,__stdcall,1,1,,1,0,0,0,boot,recovered
0x00005c76,8,FUN_00005c76,DEFAULT,false,__stdcall,1,0,,0,0,0,0,boot,recovered
0x00005c92,152,uds_request_transfer_exit,USER_DEFINED,false,__stdcall,0,6,,7,0,1,0,boot,annotated
0x00005d2a,2,FUN_00005d2a,DEFAULT,false,__stdcall,1,0,,0,0,0,0,boot,recovered
0x00005d2c,20,FUN_00005d2c,DEFAULT,false,__stdcall,1,1,,0,0,0,0,boot,recovered
0x00005d40,40,FUN_00005d40,DEFAULT,false,__stdcall,1,1,,4,0,0,0,boot,recovered
0x00005d68,468,uds_request_download,USER_DEFINED,false,__stdcall,0,10,,9,0,1,0,boot,annotated
0x00005f3c,2,FUN_00005f3c,DEFAULT,false,__stdcall,1,0,,0,0,0,0,boot,recovered
0x00005f3e,42,bootloader_read_did_fill_placeholder,USER_DEFINED,false,__stdcall,0,0,,1,0,1,0,boot,annotated
0x00005f68,20,uds_read_did_negative_response,USER_DEFINED,false,__stdcall,0,1,,0,0,0,0,boot,annotated
0x00005f7c,60,uds_read_did_positive_response,USER_DEFINED,false,__stdcall,0,1,,4,0,0,0,boot,annotated
0x00005fb8,70,uds_read_data_by_identifier,USER_DEFINED,false,__stdcall,0,2,,1,0,2,0,boot,annotated
0x00006082,2,FUN_00006082,DEFAULT,false,__stdcall,1,0,,0,0,0,0,boot,recovered
0x00006084,20,ecu_reset_negative_response,USER_DEFINED,false,__stdcall,1,1,,0,0,0,0,boot,annotated
0x00006098,42,ecu_reset_positive_response,USER_DEFINED,false,__stdcall,1,1,,3,0,0,0,boot,annotated
0x000060c2,114,uds_ecu_reset,USER_DEFINED,false,__stdcall,1,4,,3,0,1,0,boot,annotated
0x00006134,2,FUN_00006134,DEFAULT,false,__stdcall,1,0,,0,0,0,0,boot,recovered
0x00006136,20,FUN_00006136,DEFAULT,false,__stdcall,2,1,,0,0,0,0,boot,recovered
0x0000614a,186,uds_diagnostic_session_control,USER_DEFINED,false,__stdcall,1,3,,6,0,0,0,boot,annotated
0x00006204,64,bootloader_session_positive_response,USER_DEFINED,false,__stdcall,1,1,,7,0,0,0,boot,annotated
0x00006244,152,bootloader_session_control_task,USER_DEFINED,false,__stdcall,1,6,,4,0,0,0,boot,annotated
0x000062dc,36,FUN_000062dc,DEFAULT,false,__stdcall,1,1,,2,0,0,0,boot,recovered
0x00006300,12,FUN_00006300,DEFAULT,false,__stdcall,1,0,,3,0,0,0,boot,recovered
0x0000630c,20,FUN_0000630c,DEFAULT,false,__stdcall,1,1,,1,0,0,0,boot,recovered
0x00006320,48,FUN_00006320,DEFAULT,false,__stdcall,1,1,,9,0,0,0,boot,recovered
0x0000636e,6,FUN_0000636e,DEFAULT,false,__stdcall,1,0,,1,0,0,0,boot,recovered
0x00006374,174,Dcm_StartOfReception,USER_DEFINED,false,__stdcall,2,4,,7,0,1,0,boot,annotated
0x00006422,66,FUN_00006422,DEFAULT,false,__stdcall,1,0,,2,0,0,0,boot,recovered
0x00006464,84,Dcm_CopyRxData,USER_DEFINED,false,__stdcall,2,2,,3,0,0,0,boot,annotated
0x000064b8,76,Dcm_TpRxIndication,USER_DEFINED,false,__stdcall,2,3,,8,0,0,0,boot,annotated
0x00006504,132,FUN_00006504,DEFAULT,false,__stdcall,1,4,,0,0,2,0,boot,recovered
0x000065aa,194,FUN_000065aa,DEFAULT,false,__stdcall,1,2,,12,0,1,0,boot,recovered
0x0000666c,82,FUN_0000666c,DEFAULT,false,__stdcall,1,3,,4,0,0,0,boot,recovered
0x000066be,60,Dcm_TpTxConfirmation,USER_DEFINED,false,__stdcall,1,2,,5,0,0,0,boot,annotated
0x000066fa,80,Dcm_CopyTxData,USER_DEFINED,false,__stdcall,1,0,,3,0,0,0,boot,annotated
0x0000674a,102,Dcm_TransmitResponse,USER_DEFINED,false,__stdcall,12,3,,9,0,1,0,boot,annotated
0x000067b0,32,FUN_000067b0,DEFAULT,false,__stdcall,10,0,,2,0,0,0,boot,recovered
0x000067d0,10,FUN_000067d0,DEFAULT,false,__stdcall,3,0,,2,0,0,0,boot,recovered
0x000067da,28,bootloader_reset_after_response,USER_DEFINED,false,__stdcall,1,1,,2,0,0,0,boot,annotated
0x000067f6,40,FUN_000067f6,DEFAULT,false,__stdcall,7,2,,2,0,0,0,boot,recovered
0x0000684c,20,communication_control_negative_response,USER_DEFINED,false,__stdcall,1,1,,0,0,0,0,boot,annotated
0x00006860,42,communication_control_positive_response,USER_DEFINED,false,__stdcall,1,1,,3,0,0,0,boot,annotated
0x0000688a,112,uds_communication_control,USER_DEFINED,false,__stdcall,0,3,,2,0,1,0,boot,annotated
0x000068fa,2,FUN_000068fa,DEFAULT,false,__stdcall,1,0,,0,0,0,0,boot,recovered
0x000068fc,20,control_dtc_setting_negative_response,USER_DEFINED,false,__stdcall,1,1,,0,0,0,0,boot,annotated
0x00006910,42,control_dtc_setting_positive_response,USER_DEFINED,false,__stdcall,1,1,,3,0,0,0,boot,annotated
0x0000693a,96,uds_control_dtc_setting,USER_DEFINED,false,__stdcall,0,3,,2,0,1,0,boot,annotated
0x0000699a,2,FUN_0000699a,DEFAULT,false,__stdcall,1,0,,0,0,0,0,boot,recovered
0x0000699c,20,FUN_0000699c,DEFAULT,false,__stdcall,1,1,,1,0,0,0,boot,recovered
0x000069b0,34,uds_unsupported_service_handler,USER_DEFINED,false,__stdcall,0,2,,1,0,0,0,boot,annotated
0x000069d2,52,FUN_000069d2,DEFAULT,false,__stdcall,1,2,,1,0,0,0,boot,recovered
0x00006a06,28,bootloader_service_periodic_wrapper,USER_DEFINED,false,__stdcall,1,2,,1,0,0,0,boot,annotated
0x00006a22,138,FUN_00006a22,DEFAULT,false,__stdcall,1,11,,5,0,0,0,boot,recovered
0x00006aac,112,FUN_00006aac,DEFAULT,false,__stdcall,1,8,,5,0,0,0,boot,recovered
0x00006b1e,34,FUN_00006b1e,DEFAULT,false,__stdcall,1,2,,2,0,0,0,boot,recovered
0x00006b4c,32,PduR_CanTpStartOfReception,USER_DEFINED,false,__stdcall,2,1,,1,0,0,0,boot,annotated
0x00006b6c,14,PduR_CanTpCopyRxData,USER_DEFINED,false,__stdcall,5,1,,0,0,0,0,boot,annotated
0x00006b7a,16,PduR_CanTpRxIndication,USER_DEFINED,false,__stdcall,10,1,,0,0,0,0,boot,annotated
0x00006b8a,14,PduR_CanTpCopyTxData,USER_DEFINED,false,__stdcall,5,1,,0,0,0,0,boot,annotated
0x00006b98,16,PduR_CanTpTxConfirmation,USER_DEFINED,false,__stdcall,8,1,,0,0,0,0,boot,annotated
0x00006ba8,12,FUN_00006ba8,DEFAULT,false,__stdcall,1,1,,0,0,0,0,boot,recovered
0x00006bb4,30,payload_decrypt_enqueue,USER_DEFINED,false,__stdcall,2,0,,4,0,0,0,boot,annotated
0x00006bd2,12,FUN_00006bd2,DEFAULT,false,__stdcall,1,1,,0,0,0,0,boot,recovered
0x00006bde,116,payload_decrypt_transfer_task,USER_DEFINED,false,__stdcall,1,1,,4,0,0,0,boot,annotated
0x00006c52,6,FUN_00006c52,DEFAULT,false,__stdcall,1,0,,1,0,0,0,boot,recovered
0x00006c5a,18,boot_validity_marker_check,USER_DEFINED,false,__stdcall,1,0,,0,0,0,0,boot,annotated
0x00006c6c,34,memory_compare_enqueue,USER_DEFINED,false,__stdcall,2,0,,5,0,0,0,boot,annotated
0x00006c8e,116,memory_compare_task,USER_DEFINED,false,__stdcall,1,2,,5,0,0,0,boot,annotated
0x00006d02,12,FUN_00006d02,DEFAULT,false,__stdcall,1,0,,2,0,0,0,boot,recovered
0x00006d10,42,FUN_00006d10,DEFAULT,false,__stdcall,1,2,,0,0,0,0,boot,recovered
0x00006d3a,36,bootloader_did_direct_ram_copy,USER_DEFINED,false,__stdcall,1,0,,0,0,0,0,boot,annotated
0x00006d5e,98,bootloader_did_write_dispatch,USER_DEFINED,false,__stdcall,1,4,,6,0,0,0,boot,annotated
0x00006e4a,10,FUN_00006e4a,DEFAULT,false,__stdcall,1,0,,2,0,0,0,boot,recovered
0x00006e54,12,FUN_00006e54,DEFAULT,false,__stdcall,1,0,,2,0,0,0,boot,recovered
0x00006e60,66,FUN_00006e60,DEFAULT,false,__stdcall,1,4,,4,0,0,0,boot,recovered
0x00006ea2,10,FUN_00006ea2,DEFAULT,false,__stdcall,1,0,,2,0,0,0,boot,recovered
0x00006eae,12,payload_crypto_reinitialize,USER_DEFINED,false,__stdcall,2,1,,0,0,0,0,boot,annotated
0x00006eba,38,payload_cmac_verify_enqueue,USER_DEFINED,false,__stdcall,2,1,,2,0,0,0,boot,annotated
0x00006ee0,36,FUN_00006ee0,DEFAULT,false,__stdcall,1,1,,2,0,0,0,boot,recovered
0x00006f04,12,payload_crypto_clear_after_verify,USER_DEFINED,false,__stdcall,2,1,,0,0,0,0,boot,annotated
0x00006f10,12,FUN_00006f10,DEFAULT,false,__stdcall,1,0,,2,0,0,0,boot,recovered
0x00006f22,202,FUN_00006f22,DEFAULT,false,__stdcall,1,4,,4,0,2,0,boot,recovered
0x00006fec,50,security_access_derive_stage1_key,USER_DEFINED,false,__stdcall,1,3,,1,0,1,0,boot,annotated
0x0000701e,46,aes128_ecb_encrypt_with_runtime_key,USER_DEFINED,false,__stdcall,1,3,,1,0,0,0,boot,annotated
0x0000704c,28,security_access_compute_expected_key,USER_DEFINED,false,__stdcall,0,2,,0,0,0,0,boot,annotated
0x00007068,50,payload_build_derive_key,USER_DEFINED,false,__stdcall,1,3,,3,0,1,0,boot,annotated
0x0000709a,58,payload_crypto_init_cbc_cmac,USER_DEFINED,false,__stdcall,1,3,,4,0,0,0,boot,annotated
0x000070d4,16,payload_crypto_initialize,USER_DEFINED,false,__stdcall,2,2,,0,0,0,0,boot,annotated
0x000070e4,24,payload_crypto_clear,USER_DEFINED,false,__stdcall,1,2,,2,0,0,0,boot,annotated
0x000070fc,12,payload_crypto_finalize,USER_DEFINED,false,__stdcall,2,1,,0,0,0,0,boot,annotated
0x00007108,26,payload_aes_cbc_decrypt_block,USER_DEFINED,false,__stdcall,1,1,,1,0,0,0,boot,annotated
0x00007122,78,payload_cmac_verify_setup,USER_DEFINED,false,__stdcall,1,2,,6,0,0,0,boot,annotated
0x00007170,126,payload_cmac_verify_step,USER_DEFINED,false,__stdcall,1,1,,6,0,0,0,boot,annotated
0x00007208,22,FUN_00007208,DEFAULT,false,__stdcall,6,0,,0,0,0,0,boot,recovered
0x0000721e,38,FUN_0000721e,DEFAULT,false,__stdcall,19,0,,0,0,0,0,boot,recovered
0x00007244,30,FUN_00007244,DEFAULT,false,__stdcall,17,0,,0,0,0,0,boot,recovered
0x00007262,20,FUN_00007262,DEFAULT,false,__stdcall,1,0,,0,0,0,0,boot,recovered
0x0000729c,58,FUN_0000729c,DEFAULT,false,__stdcall,1,1,,0,0,2,0,boot,recovered
0x000072d6,64,FUN_000072d6,DEFAULT,false,__stdcall,1,1,,0,0,2,0,boot,recovered
0x00007346,12,FUN_00007346,DEFAULT,false,__stdcall,1,1,,0,0,0,0,boot,recovered
0x00007352,286,aes128_ecb_encrypt_block,USER_DEFINED,false,__stdcall,5,4,,0,0,0,0,boot,annotated
0x00007470,292,aes128_ecb_decrypt_block,USER_DEFINED,false,__stdcall,2,4,,0,0,0,0,boot,annotated
0x00007594,236,aes128_expand_key,USER_DEFINED,false,__stdcall,1,0,,0,0,2,0,boot,annotated
0x00007680,54,aes128_init_context,USER_DEFINED,false,__stdcall,6,1,,0,0,0,0,boot,annotated
0x000076b6,16,FUN_000076b6,DEFAULT,false,__stdcall,4,0,,0,0,0,0,boot,recovered
0x000076c6,20,aes128_clear_context,USER_DEFINED,false,__stdcall,3,1,,0,0,0,0,boot,annotated
0x000076da,206,FUN_000076da,DEFAULT,false,__stdcall,2,0,,0,0,0,0,boot,recovered
0x000077a8,198,FUN_000077a8,DEFAULT,false,__stdcall,1,0,,0,0,1,0,boot,recovered
0x0000786e,40,FUN_0000786e,DEFAULT,false,__stdcall,1,0,,0,0,0,0,boot,recovered
0x00007896,146,FUN_00007896,DEFAULT,false,__stdcall,1,0,,0,0,0,0,boot,recovered
0x00007928,198,FUN_00007928,DEFAULT,false,__stdcall,1,0,,0,0,1,0,boot,recovered
0x000079ee,40,FUN_000079ee,DEFAULT,false,__stdcall,1,0,,0,0,0,0,boot,recovered
0x00007a16,300,FUN_00007a16,DEFAULT,false,__stdcall,1,0,,0,0,0,0,boot,recovered
0x00007b42,344,FUN_00007b42,DEFAULT,false,__stdcall,1,1,,0,0,0,0,boot,recovered
0x00007c9a,162,FUN_00007c9a,DEFAULT,false,__stdcall,1,1,,0,0,0,0,boot,recovered
0x00007d3c,20,FUN_00007d3c,DEFAULT,false,__stdcall,1,1,,0,0,0,0,boot,recovered
0x00007d50,188,aes_cmac_generate_subkeys,USER_DEFINED,false,__stdcall,1,1,,0,0,2,0,boot,annotated
0x00007e0c,424,aes_cmac_process_block,USER_DEFINED,false,__stdcall,2,1,,0,0,0,0,boot,annotated
0x00007fb4,72,aes_cmac_init,USER_DEFINED,false,__stdcall,1,1,,0,0,0,0,boot,annotated
0x00007ffc,20,aes_cmac_clear,USER_DEFINED,false,__stdcall,1,1,,0,0,0,0,boot,annotated
0x00008162,340,aes128_cbc_decrypt_block,USER_DEFINED,false,__stdcall,1,1,,0,0,0,0,boot,annotated
0x000082b6,152,aes128_cbc_decrypt_init,USER_DEFINED,false,__stdcall,1,1,,0,0,0,0,boot,annotated
0x0000834e,20,aes128_cbc_clear,USER_DEFINED,false,__stdcall,1,1,,0,0,0,0,boot,annotated
0x00009f00,100,FUN_00009f00,DEFAULT,false,__stdcall,1,1,,0,0,0,0,boot,recovered
0x00020880,12,application_entry,USER_DEFINED,false,__stdcall,1,1,,1,0,0,0,application,annotated
0x000319b0,26,FUN_000319b0,DEFAULT,false,__stdcall,5,1,,3,0,0,0,application,recovered
0x000319ca,26,FUN_000319ca,DEFAULT,false,__stdcall,5,1,,3,0,0,0,application,recovered
0x000319e4,20,FUN_000319e4,DEFAULT,false,__stdcall,1,2,,0,0,0,0,application,recovered
0x000319f8,28,FUN_000319f8,DEFAULT,false,__stdcall,1,2,,2,0,0,0,application,recovered
0x00031a16,74,FUN_00031a16,DEFAULT,false,__stdcall,1,2,,4,0,1,0,application,recovered
0x00031a60,74,FUN_00031a60,DEFAULT,false,__stdcall,1,2,,4,0,1,0,application,recovered
0x00031aaa,108,FUN_00031aaa,DEFAULT,false,__stdcall,2,5,,4,0,0,0,application,recovered
0x00031b16,26,FUN_00031b16,DEFAULT,false,__stdcall,14,1,,0,0,0,0,application,recovered
0x00031b30,26,FUN_00031b30,DEFAULT,false,__stdcall,14,1,,0,0,0,0,application,recovered
0x00031b4a,2,FUN_00031b4a,DEFAULT,false,__stdcall,1,0,,0,0,0,0,application,recovered
0x00031b4c,36,FUN_00031b4c,DEFAULT,false,__stdcall,1,1,,2,0,1,0,application,recovered
0x00031b70,46,FUN_00031b70,DEFAULT,false,__stdcall,2,1,,3,0,0,0,application,recovered
0x00031b9e,2,FUN_00031b9e,DEFAULT,false,__stdcall,1,0,,0,0,0,0,application,recovered
0x00031ba0,2,FUN_00031ba0,DEFAULT,false,__stdcall,1,0,,0,0,0,0,application,recovered
0x00031ba2,60,FUN_00031ba2,DEFAULT,false,__stdcall,1,0,,10,0,0,0,application,recovered
0x00031bde,12,FUN_00031bde,DEFAULT,false,__stdcall,1,0,,1,0,0,0,application,recovered
0x00031bea,60,FUN_00031bea,DEFAULT,false,__stdcall,3,4,,1,0,0,0,application,recovered
0x00031c26,12,FUN_00031c26,DEFAULT,false,__stdcall,1,0,,1,0,0,0,application,recovered
0x00031c32,238,FUN_00031c32,DEFAULT,false,__stdcall,1,3,,11,0,0,0,application,recovered
0x00031d20,42,FUN_00031d20,DEFAULT,false,__stdcall,2,2,,2,0,0,0,application,recovered
0x00031d4a,2,FUN_00031d4a,DEFAULT,false,__stdcall,1,0,,0,0,0,0,application,recovered
0x00031d4c,170,FUN_00031d4c,DEFAULT,false,__stdcall,2,2,,4,0,4,0,application,recovered
0x00031df6,130,FUN_00031df6,DEFAULT,false,__stdcall,1,2,,0,0,4,0,application,recovered
0x00031e78,176,FUN_00031e78,DEFAULT,false,__stdcall,1,6,,2,0,0,0,application,recovered
0x00031f28,12,FUN_00031f28,DEFAULT,false,__stdcall,1,1,,0,0,0,0,application,recovered
0x00031f34,70,FUN_00031f34,DEFAULT,false,__stdcall,1,1,,2,0,2,0,application,recovered
0x00031f7a,60,FUN_00031f7a,DEFAULT,false,__stdcall,1,1,,1,0,2,0,application,recovered
0x00031fb6,38,FUN_00031fb6,DEFAULT,false,__stdcall,1,1,,1,0,0,0,application,recovered
0x00031fdc,132,FUN_00031fdc,DEFAULT,false,__stdcall,1,3,,5,0,0,0,application,recovered
0x00032060,20,FUN_00032060,DEFAULT,false,__stdcall,2,1,,0,0,0,0,application,recovered
0x00032074,52,FUN_00032074,DEFAULT,false,__stdcall,2,0,,2,0,0,0,application,recovered
0x000320a8,88,FUN_000320a8,DEFAULT,false,__stdcall,1,1,,3,0,0,0,application,recovered
0x00032100,2,FUN_00032100,DEFAULT,false,__stdcall,1,0,,0,0,0,0,application,recovered
0x00032102,2,FUN_00032102,DEFAULT,false,__stdcall,1,0,,0,0,0,0,application,recovered
0x00032104,252,FUN_00032104,DEFAULT,false,__stdcall,2,0,,20,0,0,0,application,recovered
0x00032200,2,FUN_00032200,DEFAULT,false,__stdcall,1,0,,0,0,0,0,application,recovered
0x00032202,2,FUN_00032202,DEFAULT,false,__stdcall,1,0,,0,0,0,0,application,recovered
0x00032204,178,FUN_00032204,DEFAULT,false,__stdcall,1,0,,36,0,0,0,application,recovered
0x000322b6,114,FUN_000322b6,DEFAULT,false,__stdcall,1,0,,36,0,0,0,application,recovered
0x00032328,46,FUN_00032328,DEFAULT,false,__stdcall,1,0,,18,0,1,0,application,recovered
0x00032356,92,FUN_00032356,DEFAULT,false,__stdcall,2,4,,5,0,0,0,application,recovered
0x000323b2,2,FUN_000323b2,DEFAULT,false,__stdcall,1,0,,0,0,0,0,application,recovered
0x000323b4,158,FUN_000323b4,DEFAULT,false,__stdcall,2,1,,18,0,2,0,application,recovered
0x00032452,214,FUN_00032452,DEFAULT,false,__stdcall,2,0,,18,0,4,0,application,recovered
0x00032528,46,FUN_00032528,DEFAULT,false,__stdcall,1,0,,18,0,1,0,application,recovered
0x00032556,22,FUN_00032556,DEFAULT,false,__stdcall,2,2,,0,0,0,0,application,recovered
0x0003256c,100,FUN_0003256c,DEFAULT,false,__stdcall,1,5,,2,0,0,0,application,recovered
0x000325d0,64,FUN_000325d0,DEFAULT,false,__stdcall,1,3,,0,0,0,0,application,recovered
0x00032610,82,FUN_00032610,DEFAULT,false,__stdcall,2,2,,3,0,0,0,application,recovered
0x00032758,12,FUN_00032758,DEFAULT,false,__stdcall,1,1,,0,0,0,0,application,recovered
0x00032764,2,FUN_00032764,DEFAULT,false,__stdcall,1,0,,0,0,0,0,application,recovered
0x00032766,14,FUN_00032766,DEFAULT,false,__stdcall,2,0,,4,0,0,0,application,recovered
0x00032774,12,FUN_00032774,DEFAULT,false,__stdcall,1,1,,0,0,0,0,application,recovered
0x00032780,114,FUN_00032780,DEFAULT,false,__stdcall,2,1,,5,0,1,0,application,recovered
0x00032802,2,FUN_00032802,DEFAULT,false,__stdcall,1,0,,0,0,0,0,application,recovered
0x00032804,2,FUN_00032804,DEFAULT,false,__stdcall,1,0,,0,0,0,0,application,recovered
0x00032806,98,FUN_00032806,DEFAULT,false,__stdcall,2,0,,5,0,0,0,application,recovered
0x00032868,792,FUN_00032868,DEFAULT,false,__stdcall,1,1,,32,0,5,0,application,recovered
0x00032b80,1560,motor_coord_transform_calib_handler,USER_DEFINED,false,__stdcall,1,1,,44,0,5,0,application,annotated
0x00033198,1004,FUN_00033198,DEFAULT,false,__stdcall,2,3,,61,0,6,0,application,recovered
0x00033584,14,FUN_00033584,DEFAULT,false,__stdcall,1,0,,2,0,0,0,application,recovered
0x00033592,2,FUN_00033592,DEFAULT,false,__stdcall,1,0,,0,0,0,0,application,recovered
0x00033594,2,FUN_00033594,DEFAULT,false,__stdcall,1,0,,0,0,0,0,application,recovered
0x00033596,308,FUN_00033596,DEFAULT,false,__stdcall,1,0,,54,0,0,0,application,recovered
0x000336ca,174,FUN_000336ca,DEFAULT,false,__stdcall,1,0,,54,0,0,0,application,recovered
0x00033778,68,FUN_00033778,DEFAULT,false,__stdcall,1,0,,27,0,0,0,application,recovered
0x000337bc,84,FUN_000337bc,DEFAULT,false,__stdcall,2,4,,4,0,0,0,application,recovered
0x00033810,2,FUN_00033810,DEFAULT,false,__stdcall,1,0,,0,0,0,0,application,recovered
0x00033812,10,FUN_00033812,DEFAULT,false,__stdcall,1,0,,2,0,0,0,application,recovered
0x0003381c,426,FUN_0003381c,DEFAULT,false,__stdcall,1,0,,27,0,10,0,application,recovered
0x000339c6,46,FUN_000339c6,DEFAULT,false,__stdcall,1,4,,0,0,0,0,application,recovered
0x000339f4,136,FUN_000339f4,DEFAULT,false,__stdcall,2,5,,3,0,0,0,application,recovered
0x00033a7c,12,FUN_00033a7c,DEFAULT,false,__stdcall,1,0,,1,0,0,0,application,recovered
0x00033a88,2,FUN_00033a88,DEFAULT,false,__stdcall,1,0,,0,0,0,0,application,recovered
0x00033a8a,28,FUN_00033a8a,DEFAULT,false,__stdcall,1,0,,9,0,0,0,application,recovered
0x00033aa6,16,FUN_00033aa6,DEFAULT,false,__stdcall,3,0,,3,0,0,0,application,recovered
0x00033ab6,82,FUN_00033ab6,DEFAULT,false,__stdcall,1,3,,0,0,0,0,application,recovered
0x00033b08,954,FUN_00033b08,DEFAULT,false,__stdcall,2,6,,19,0,13,0,application,recovered
0x00033ee6,2,FUN_00033ee6,DEFAULT,false,__stdcall,1,0,,0,0,0,0,application,recovered
0x00033ee8,236,FUN_00033ee8,DEFAULT,false,__stdcall,2,3,,27,0,3,0,application,recovered
0x00033fd4,358,FUN_00033fd4,DEFAULT,false,__stdcall,2,0,,27,0,10,0,application,recovered
0x0003413a,88,FUN_0003413a,DEFAULT,false,__stdcall,1,2,,27,0,3,0,application,recovered
0x00034192,26,FUN_00034192,DEFAULT,false,__stdcall,2,2,,0,0,0,0,application,recovered
0x000341ac,36,FUN_000341ac,DEFAULT,false,__stdcall,2,1,,3,0,0,0,application,recovered
0x000341d0,178,FUN_000341d0,DEFAULT,false,__stdcall,1,8,,5,0,1,0,application,recovered
0x00034282,64,FUN_00034282,DEFAULT,false,__stdcall,1,3,,0,0,0,0,application,recovered
0x000342c2,118,FUN_000342c2,DEFAULT,false,__stdcall,2,3,,6,0,1,0,application,recovered
0x000343ba,756,FUN_000343ba,DEFAULT,false,__stdcall,1,1,,56,0,0,0,application,recovered
0x000346ae,50,FUN_000346ae,DEFAULT,false,__stdcall,1,2,,2,0,0,0,application,recovered
0x0003471a,12,FUN_0003471a,DEFAULT,false,__stdcall,1,1,,0,0,0,0,application,recovered
0x00034726,2,FUN_00034726,DEFAULT,false,__stdcall,1,0,,0,0,0,0,application,recovered
0x00034728,14,FUN_00034728,DEFAULT,false,__stdcall,1,0,,4,0,0,0,application,recovered
0x00034736,120,FUN_00034736,DEFAULT,false,__stdcall,2,1,,8,0,1,0,application,recovered
0x000347ae,2,FUN_000347ae,DEFAULT,false,__stdcall,1,0,,0,0,0,0,application,recovered
0x000347b0,92,FUN_000347b0,DEFAULT,false,__stdcall,1,1,,2,0,1,0,application,recovered
0x0003480c,78,FUN_0003480c,DEFAULT,false,__stdcall,2,1,,2,0,2,0,application,recovered
0x0003485a,40,FUN_0003485a,DEFAULT,false,__stdcall,2,0,,0,0,0,0,application,recovered
0x00034882,50,FUN_00034882,DEFAULT,false,__stdcall,1,1,,0,0,1,1,application,recovered
0x000348b4,146,FUN_000348b4,DEFAULT,false,__stdcall,1,2,,2,0,4,0,application,recovered
0x00034946,62,FUN_00034946,DEFAULT,false,__stdcall,1,0,,1,0,2,0,application,recovered
0x00034984,92,FUN_00034984,DEFAULT,false,__stdcall,4,2,,0,0,0,0,application,recovered
0x00034b74,38,FUN_00034b74,DEFAULT,false,__stdcall,1,2,,0,0,1,1,application,recovered
0x00034fb6,84,checkpoint_persistent_countdown_step,USER_DEFINED,false,__stdcall,1,1,,2,0,0,0,application,annotated
0x0003500e,2,FUN_0003500e,DEFAULT,false,__stdcall,1,0,,0,0,0,0,application,recovered
0x00035010,2,FUN_00035010,DEFAULT,false,__stdcall,1,0,,0,0,0,0,application,recovered
0x00035012,54,FUN_00035012,DEFAULT,false,__stdcall,1,0,,8,0,0,0,application,recovered
0x00035048,30,FUN_00035048,DEFAULT,false,__stdcall,1,0,,8,0,0,0,application,recovered
0x00035066,18,FUN_00035066,DEFAULT,false,__stdcall,1,0,,4,0,0,0,application,recovered
0x00035078,92,FUN_00035078,DEFAULT,false,__stdcall,2,4,,5,0,0,0,application,recovered
0x000350d4,2,FUN_000350d4,DEFAULT,false,__stdcall,1,0,,0,0,0,0,application,recovered
0x000350d6,74,FUN_000350d6,DEFAULT,false,__stdcall,2,1,,4,0,2,0,application,recovered
0x00035120,136,FUN_00035120,DEFAULT,false,__stdcall,3,1,,8,0,0,0,application,recovered
0x000351a8,170,FUN_000351a8,DEFAULT,false,__stdcall,1,9,,3,0,1,0,application,recovered
0x00035252,14,FUN_00035252,DEFAULT,false,__stdcall,2,0,,4,0,0,0,application,recovered
0x00035260,64,FUN_00035260,DEFAULT,false,__stdcall,2,1,,5,0,0,0,application,recovered
0x000352a0,138,FUN_000352a0,DEFAULT,false,__stdcall,1,4,,4,0,0,0,application,recovered
0x0003532a,64,FUN_0003532a,DEFAULT,false,__stdcall,1,3,,0,0,0,0,application,recovered
0x0003536a,276,FUN_0003536a,DEFAULT,false,__stdcall,2,9,,6,0,0,0,application,recovered
0x0003547e,56,FUN_0003547e,DEFAULT,false,__stdcall,1,1,,2,0,0,0,application,recovered
0x000354e6,98,FUN_000354e6,DEFAULT,false,__stdcall,0,1,,7,0,2,0,application,recovered
0x0003555c,26,FUN_0003555c,DEFAULT,false,__stdcall,1,1,,1,0,0,0,application,recovered
0x00035576,12,FUN_00035576,DEFAULT,false,__stdcall,0,0,,1,0,0,0,application,recovered
0x00035582,52,FUN_00035582,DEFAULT,false,__stdcall,1,0,,3,0,0,0,application,recovered
0x000355b6,18,FUN_000355b6,DEFAULT,false,__stdcall,1,0,,1,0,0,0,application,recovered
0x000355c8,2,FUN_000355c8,DEFAULT,false,__stdcall,1,0,,0,0,0,0,application,recovered
0x000355ca,40,FUN_000355ca,DEFAULT,false,__stdcall,1,0,,10,0,2,0,application,recovered
0x000355f2,50,FUN_000355f2,DEFAULT,false,__stdcall,1,0,,2,0,2,0,application,recovered
0x00035624,52,FUN_00035624,DEFAULT,false,__stdcall,1,0,,2,0,2,0,application,recovered
0x00035658,136,FUN_00035658,DEFAULT,false,__stdcall,2,4,,10,0,2,0,application,recovered
0x000356e0,2,FUN_000356e0,DEFAULT,false,__stdcall,1,0,,0,0,0,0,application,recovered
0x000356e2,14,FUN_000356e2,DEFAULT,false,__stdcall,1,0,,4,0,0,0,application,recovered
0x000356f0,38,FUN_000356f0,DEFAULT,false,__stdcall,1,0,,3,0,1,0,application,recovered
0x00035716,2,FUN_00035716,DEFAULT,false,__stdcall,1,0,,0,0,0,0,application,recovered
0x00035718,16,FUN_00035718,DEFAULT,false,__stdcall,2,2,,0,0,0,0,application,recovered
0x00035728,2,FUN_00035728,DEFAULT,false,__stdcall,1,0,,0,0,0,0,application,recovered
0x0003572a,2,FUN_0003572a,DEFAULT,false,__stdcall,1,0,,0,0,0,0,application,recovered
0x0003572c,156,FUN_0003572c,DEFAULT,false,__stdcall,2,0,,14,0,3,0,application,recovered
0x000357c8,2,FUN_000357c8,DEFAULT,false,__stdcall,1,0,,0,0,0,0,application,recovered
0x000357ca,14,FUN_000357ca,DEFAULT,false,__stdcall,1,0,,4,0,0,0,application,recovered
0x000357d8,170,FUN_000357d8,DEFAULT,false,__stdcall,2,5,,4,0,4,0,application,recovered
0x00035882,66,FUN_00035882,DEFAULT,false,__stdcall,1,0,,1,0,1,0,application,recovered
0x000358d8,10,FUN_000358d8,DEFAULT,false,__stdcall,1,0,,1,0,0,0,application,recovered
0x000358e2,6,FUN_000358e2,DEFAULT,false,__stdcall,3,0,,1,0,0,0,application,recovered
0x000358e8,2,FUN_000358e8,DEFAULT,false,__stdcall,1,0,,0,0,0,0,application,recovered
0x000358ea,18,FUN_000358ea,DEFAULT,false,__stdcall,1,0,,2,0,1,0,application,recovered
0x000358fc,96,FUN_000358fc,DEFAULT,false,__stdcall,2,0,,5,0,3,0,application,recovered
0x0003595c,2,FUN_0003595c,DEFAULT,false,__stdcall,1,0,,0,0,0,0,application,recovered
0x0003595e,2,FUN_0003595e,DEFAULT,false,__stdcall,1,0,,0,0,0,0,application,recovered
0x00035960,338,FUN_00035960,DEFAULT,false,__stdcall,2,0,,18,0,0,0,application,recovered
0x00035ab2,2,FUN_00035ab2,DEFAULT,false,__stdcall,1,0,,0,0,0,0,application,recovered
0x00035ab4,2,FUN_00035ab4,DEFAULT,false,__stdcall,1,0,,0,0,0,0,application,recovered
0x00035ab6,170,FUN_00035ab6,DEFAULT,false,__stdcall,2,0,,10,0,6,0,application,recovered
0x00035b60,2,FUN_00035b60,DEFAULT,false,__stdcall,1,0,,0,0,0,0,application,recovered
0x00035b62,24,FUN_00035b62,DEFAULT,false,__stdcall,2,0,,9,0,0,0,application,recovered
0x00035b7a,12,FUN_00035b7a,DEFAULT,false,__stdcall,1,1,,0,0,0,0,application,recovered
0x00035b86,370,FUN_00035b86,DEFAULT,false,__stdcall,2,0,,15,0,17,0,application,recovered
0x00035cf8,2,FUN_00035cf8,DEFAULT,false,__stdcall,1,0,,0,0,0,0,application,recovered
0x00035cfa,24,FUN_00035cfa,DEFAULT,false,__stdcall,2,0,,9,0,0,0,application,recovered
0x00035d12,12,FUN_00035d12,DEFAULT,false,__stdcall,1,1,,0,0,0,0,application,recovered
0x00035d1e,370,FUN_00035d1e,DEFAULT,false,__stdcall,2,0,,15,0,17,0,application,recovered
0x00035e90,2,FUN_00035e90,DEFAULT,false,__stdcall,1,0,,0,0,0,0,application,recovered
0x00035e92,2,FUN_00035e92,DEFAULT,false,__stdcall,1,0,,0,0,0,0,application,recovered
0x00035e94,212,FUN_00035e94,DEFAULT,false,__stdcall,2,0,,6,0,13,0,application,recovered
0x00035f68,2,FUN_00035f68,DEFAULT,false,__stdcall,1,0,,0,0,0,0,application,recovered
0x00035f6a,2,FUN_00035f6a,DEFAULT,false,__stdcall,1,0,,0,0,0,0,application,recovered
0x00035f6c,170,FUN_00035f6c,DEFAULT,false,__stdcall,2,0,,17,0,1,0,application,recovered
0x00036016,2,FUN_00036016,DEFAULT,false,__stdcall,1,0,,0,0,0,0,application,recovered
0x00036018,2,FUN_00036018,DEFAULT,false,__stdcall,1,0,,0,0,0,0,application,recovered
0x0003601a,170,FUN_0003601a,DEFAULT,false,__stdcall,2,0,,17,0,1,0,application,recovered
0x000360c4,2,FUN_000360c4,DEFAULT,false,__stdcall,1,0,,0,0,0,0,application,recovered
0x000360c6,6,FUN_000360c6,DEFAULT,false,__stdcall,1,0,,1,0,0,0,application,recovered
0x000360cc,94,FUN_000360cc,DEFAULT,false,__stdcall,2,0,,2,0,3,0,application,recovered
0x0003612a,2,FUN_0003612a,DEFAULT,false,__stdcall,1,0,,0,0,0,0,application,recovered
0x0003612c,78,FUN_0003612c,DEFAULT,false,__stdcall,1,0,,15,0,2,0,application,recovered
0x0003617a,134,FUN_0003617a,DEFAULT,false,__stdcall,1,0,,1,0,4,0,application,recovered
0x00036200,566,FUN_00036200,DEFAULT,false,__stdcall,2,1,,23,0,9,0,application,recovered
0x00036436,2,FUN_00036436,DEFAULT,false,__stdcall,1,0,,0,0,0,0,application,recovered
0x00036438,78,FUN_00036438,DEFAULT,false,__stdcall,1,0,,15,0,2,0,application,recovered
0x00036486,134,FUN_00036486,DEFAULT,false,__stdcall,1,0,,1,0,4,0,application,recovered
0x0003650c,562,FUN_0003650c,DEFAULT,false,__stdcall,2,1,,23,0,9,0,application,recovered
0x0003673e,2,FUN_0003673e,DEFAULT,false,__stdcall,1,0,,0,0,0,0,application,recovered
0x00036740,2,FUN_00036740,DEFAULT,false,__stdcall,1,0,,0,0,0,0,application,recovered
0x00036742,430,FUN_00036742,DEFAULT,false,__stdcall,2,0,,29,0,11,0,application,recovered
0x000368f0,2,FUN_000368f0,DEFAULT,false,__stdcall,1,0,,0,0,0,0,application,recovered
0x000368f2,16,FUN_000368f2,DEFAULT,false,__stdcall,1,0,,5,0,0,0,application,recovered
0x00036902,304,FUN_00036902,DEFAULT,false,__stdcall,2,0,,14,0,5,0,application,recovered
0x00036a32,2,FUN_00036a32,DEFAULT,false,__stdcall,1,0,,0,0,0,0,application,recovered
0x00036a34,16,FUN_00036a34,DEFAULT,false,__stdcall,1,0,,5,0,0,0,application,recovered
0x00036a44,404,FUN_00036a44,DEFAULT,false,__stdcall,2,0,,18,0,4,0,application,recovered
0x00036bd8,2,FUN_00036bd8,DEFAULT,false,__stdcall,1,0,,0,0,0,0,application,recovered
0x00036bda,40,FUN_00036bda,DEFAULT,false,__stdcall,1,0,,15,0,0,0,application,recovered
0x00036c02,50,FUN_00036c02,DEFAULT,false,__stdcall,1,0,,2,0,0,0,application,recovered
0x00036c34,72,FUN_00036c34,DEFAULT,false,__stdcall,1,0,,5,0,0,0,application,recovered
0x00036c7c,216,FUN_00036c7c,DEFAULT,false,__stdcall,1,0,,14,0,5,0,application,recovered
0x00036d54,98,FUN_00036d54,DEFAULT,false,__stdcall,2,3,,18,0,0,0,application,recovered
0x00036db6,2,FUN_00036db6,DEFAULT,false,__stdcall,1,0,,0,0,0,0,application,recovered
0x00036db8,38,FUN_00036db8,DEFAULT,false,__stdcall,1,0,,14,0,0,0,application,recovered
0x00036dde,36,FUN_00036dde,DEFAULT,false,__stdcall,1,0,,2,0,0,0,application,recovered
0x00036e02,72,FUN_00036e02,DEFAULT,false,__stdcall,1,0,,5,0,0,0,application,recovered
0x00036e4a,336,FUN_00036e4a,DEFAULT,false,__stdcall,1,0,,17,0,5,0,application,recovered
0x00036f9a,96,FUN_00036f9a,DEFAULT,false,__stdcall,2,3,,17,0,0,0,application,recovered
0x00036ffa,14,FUN_00036ffa,DEFAULT,false,__stdcall,1,0,,1,0,2,0,application,recovered
0x00037008,2,FUN_00037008,DEFAULT,false,__stdcall,1,0,,0,0,0,0,application,recovered
0x0003700a,64,FUN_0003700a,DEFAULT,false,__stdcall,1,1,,2,0,2,0,application,recovered
0x0003704a,130,FUN_0003704a,DEFAULT,false,__stdcall,2,1,,7,0,4,0,application,recovered
0x000370cc,2,FUN_000370cc,DEFAULT,false,__stdcall,1,0,,0,0,0,0,application,recovered
0x000370ce,2,FUN_000370ce,DEFAULT,false,__stdcall,1,0,,0,0,0,0,application,recovered
0x000370d0,74,FUN_000370d0,DEFAULT,false,__stdcall,2,0,,6,0,0,0,application,recovered
0x0003711a,2,FUN_0003711a,DEFAULT,false,__stdcall,1,0,,0,0,0,0,application,recovered
0x0003711c,10,FUN_0003711c,DEFAULT,false,__stdcall,1,0,,1,0,0,0,application,recovered
0x00037126,42,FUN_00037126,DEFAULT,false,__stdcall,2,0,,2,0,2,0,application,recovered
0x00037150,2,FUN_00037150,DEFAULT,false,__stdcall,1,0,,0,0,0,0,application,recovered
0x00037152,10,FUN_00037152,DEFAULT,false,__stdcall,1,0,,1,0,0,0,application,recovered
0x0003715c,42,FUN_0003715c,DEFAULT,false,__stdcall,2,0,,2,0,2,0,application,recovered
0x00037186,2,FUN_00037186,DEFAULT,false,__stdcall,1,0,,0,0,0,0,application,recovered
0x00037188,112,FUN_00037188,DEFAULT,false,__stdcall,1,0,,18,0,8,0,application,recovered
0x000371f8,102,FUN_000371f8,DEFAULT,false,__stdcall,1,0,,7,0,2,0,application,recovered
0x0003725e,48,FUN_0003725e,DEFAULT,false,__stdcall,1,0,,2,0,1,0,application,recovered
0x0003728e,438,FUN_0003728e,DEFAULT,false,__stdcall,2,2,,31,0,37,0,application,recovered
0x00037444,2,FUN_00037444,DEFAULT,false,__stdcall,1,0,,0,0,0,0,application,recovered
0x00037446,2,FUN_00037446,DEFAULT,false,__stdcall,1,0,,0,0,0,0,application,recovered
0x00037448,406,FUN_00037448,DEFAULT,false,__stdcall,2,0,,13,0,5,0,application,recovered
0x000375de,2,FUN_000375de,DEFAULT,false,__stdcall,1,0,,0,0,0,0,application,recovered
0x000375e0,16,FUN_000375e0,DEFAULT,false,__stdcall,1,0,,3,0,0,0,application,recovered
0x000375f0,80,FUN_000375f0,DEFAULT,false,__stdcall,2,0,,2,0,2,0,application,recovered
0x00037640,2,FUN_00037640,DEFAULT,false,__stdcall,1,0,,0,0,0,0,application,recovered
0x00037642,2,FUN_00037642,DEFAULT,false,__stdcall,1,0,,0,0,0,0,application,recovered
0x00037644,202,FUN_00037644,DEFAULT,false,__stdcall,2,0,,11,0,0,0,application,recovered
0x0003770e,2,FUN_0003770e,DEFAULT,false,__stdcall,1,0,,0,0,0,0,application,recovered
0x00037710,2,FUN_00037710,DEFAULT,false,__stdcall,1,0,,0,0,0,0,application,recovered
0x00037712,120,FUN_00037712,DEFAULT,false,__stdcall,2,0,,12,0,2,0,application,recovered
0x0003778a,2,FUN_0003778a,DEFAULT,false,__stdcall,1,0,,0,0,0,0,application,recovered
0x0003778c,2,FUN_0003778c,DEFAULT,false,__stdcall,1,0,,0,0,0,0,application,recovered
0x0003778e,64,FUN_0003778e,DEFAULT,false,__stdcall,1,0,,2,0,0,0,application,recovered
0x000377ce,268,FUN_000377ce,DEFAULT,false,__stdcall,1,1,,10,0,4,0,application,recovered
0x000378da,128,FUN_000378da,DEFAULT,false,__stdcall,2,4,,6,0,3,0,application,recovered
0x0003795a,2,FUN_0003795a,DEFAULT,false,__stdcall,1,0,,0,0,0,0,application,recovered
0x0003795c,2,FUN_0003795c,DEFAULT,false,__stdcall,1,0,,0,0,0,0,application,recovered
0x0003795e,504,FUN_0003795e,DEFAULT,false,__stdcall,2,2,,21,0,14,0,application,recovered
0x00037b56,2,FUN_00037b56,DEFAULT,false,__stdcall,1,0,,0,0,0,0,application,recovered
0x00037b58,2,FUN_00037b58,DEFAULT,false,__stdcall,1,0,,0,0,0,0,application,recovered
0x00037b5a,52,FUN_00037b5a,DEFAULT,false,__stdcall,2,0,,5,0,2,0,application,recovered
0x00037b8e,2,FUN_00037b8e,DEFAULT,false,__stdcall,1,0,,0,0,0,0,application,recovered
0x00037b90,2,FUN_00037b90,DEFAULT,false,__stdcall,1,0,,0,0,0,0,application,recovered
0x00037b92,322,FUN_00037b92,DEFAULT,false,__stdcall,1,0,,6,0,16,0,application,recovered
0x00037cd4,38,FUN_00037cd4,DEFAULT,false,__stdcall,2,1,,5,0,0,0,application,recovered
0x00037cfa,2,FUN_00037cfa,DEFAULT,false,__stdcall,1,0,,0,0,0,0,application,recovered
0x00037cfc,2,FUN_00037cfc,DEFAULT,false,__stdcall,1,0,,0,0,0,0,application,recovered
0x00037cfe,124,FUN_00037cfe,DEFAULT,false,__stdcall,2,0,,3,0,6,0,application,recovered
0x00037d7a,2,FUN_00037d7a,DEFAULT,false,__stdcall,1,0,,0,0,0,0,application,recovered
0x00037d7c,2,FUN_00037d7c,DEFAULT,false,__stdcall,1,0,,0,0,0,0,application,recovered
0x00037d7e,38,FUN_00037d7e,DEFAULT,false,__stdcall,1,0,,7,0,0,0,application,recovered
0x00037da4,28,FUN_00037da4,DEFAULT,false,__stdcall,1,0,,1,0,1,0,application,recovered
0x00037dc0,156,FUN_00037dc0,DEFAULT,false,__stdcall,2,4,,6,0,4,0,application,recovered
0x00037e5c,2,FUN_00037e5c,DEFAULT,false,__stdcall,1,0,,0,0,0,0,application,recovered
0x00037e5e,2,FUN_00037e5e,DEFAULT,false,__stdcall,1,0,,0,0,0,0,application,recovered
0x00037e60,294,FUN_00037e60,DEFAULT,false,__stdcall,1,0,,0,0,15,0,application,recovered
0x00037f86,24,FUN_00037f86,DEFAULT,false,__stdcall,2,1,,3,0,0,0,application,recovered
0x00037f9e,2,FUN_00037f9e,DEFAULT,false,__stdcall,1,0,,0,0,0,0,application,recovered
0x00037fa0,2,FUN_00037fa0,DEFAULT,false,__stdcall,1,0,,0,0,0,0,application,recovered
0x00037fa2,16,FUN_00037fa2,DEFAULT,false,__stdcall,2,0,,4,0,0,0,application,recovered
0x00037fb2,2,FUN_00037fb2,DEFAULT,false,__stdcall,1,0,,0,0,0,0,application,recovered
0x00037fb4,2,FUN_00037fb4,DEFAULT,false,__stdcall,1,0,,0,0,0,0,application,recovered
0x00037fb6,104,FUN_00037fb6,DEFAULT,false,__stdcall,2,0,,33,0,0,0,application,recovered
0x0003801e,2,FUN_0003801e,DEFAULT,false,__stdcall,1,0,,0,0,0,0,application,recovered
0x00038020,10,FUN_00038020,DEFAULT,false,__stdcall,1,0,,2,0,0,0,application,recovered
0x0003802a,254,FUN_0003802a,DEFAULT,false,__stdcall,2,0,,9,0,4,0,application,recovered
0x00038128,2,FUN_00038128,DEFAULT,false,__stdcall,1,0,,0,0,0,0,application,recovered
0x0003812a,10,FUN_0003812a,DEFAULT,false,__stdcall,1,0,,2,0,0,0,application,recovered
0x00038134,254,FUN_00038134,DEFAULT,false,__stdcall,2,0,,9,0,4,0,application,recovered
0x00038232,2,FUN_00038232,DEFAULT,false,__stdcall,1,0,,0,0,0,0,application,recovered
0x00038234,12,FUN_00038234,DEFAULT,false,__stdcall,1,0,,3,0,0,0,application,recovered
0x00038240,260,FUN_00038240,DEFAULT,false,__stdcall,2,0,,10,0,0,0,application,recovered
0x00038344,2,FUN_00038344,DEFAULT,false,__stdcall,1,0,,0,0,0,0,application,recovered
0x00038346,12,FUN_00038346,DEFAULT,false,__stdcall,1,0,,3,0,0,0,application,recovered
0x00038352,260,FUN_00038352,DEFAULT,false,__stdcall,2,0,,10,0,0,0,application,recovered
0x00038456,2,FUN_00038456,DEFAULT,false,__stdcall,1,0,,0,0,0,0,application,recovered
0x00038458,12,FUN_00038458,DEFAULT,false,__stdcall,1,0,,3,0,0,0,application,recovered
0x00038464,226,FUN_00038464,DEFAULT,false,__stdcall,2,0,,7,0,0,0,application,recovered
0x00038546,2,FUN_00038546,DEFAULT,false,__stdcall,1,0,,0,0,0,0,application,recovered
0x00038548,12,FUN_00038548,DEFAULT,false,__stdcall,1,0,,3,0,0,0,application,recovered
0x00038554,226,FUN_00038554,DEFAULT,false,__stdcall,2,0,,7,0,0,0,application,recovered
0x00038636,2,FUN_00038636,DEFAULT,false,__stdcall,1,0,,0,0,0,0,application,recovered
0x00038638,2,FUN_00038638,DEFAULT,false,__stdcall,1,0,,0,0,0,0,application,recovered
0x0003863a,144,FUN_0003863a,DEFAULT,false,__stdcall,1,0,,12,0,4,0,application,recovered
0x000386ca,144,FUN_000386ca,DEFAULT,false,__stdcall,1,0,,12,0,4,0,application,recovered
0x0003875a,54,FUN_0003875a,DEFAULT,false,__stdcall,2,4,,1,0,1,0,application,recovered
0x00038790,2,FUN_00038790,DEFAULT,false,__stdcall,1,0,,0,0,0,0,application,recovered
0x00038792,2,FUN_00038792,DEFAULT,false,__stdcall,1,0,,0,0,0,0,application,recovered
0x00038794,26,FUN_00038794,DEFAULT,false,__stdcall,1,1,,2,0,0,0,application,recovered
0x000387ae,102,FUN_000387ae,DEFAULT,false,__stdcall,1,0,,6,0,2,0,application,recovered
0x00038814,30,FUN_00038814,DEFAULT,false,__stdcall,2,2,,2,0,0,0,application,recovered
0x00038832,2,FUN_00038832,DEFAULT,false,__stdcall,1,0,,0,0,0,0,application,recovered
0x00038834,20,FUN_00038834,DEFAULT,false,__stdcall,1,1,,1,0,0,0,application,recovered
0x00038848,102,FUN_00038848,DEFAULT,false,__stdcall,1,0,,7,0,1,0,application,recovered
0x000388ae,42,FUN_000388ae,DEFAULT,false,__stdcall,1,1,,0,0,0,0,application,recovered
0x000388d8,232,FUN_000388d8,DEFAULT,false,__stdcall,1,3,,8,0,15,0,application,recovered
0x000389c0,340,FUN_000389c0,DEFAULT,false,__stdcall,1,4,,16,0,16,0,application,recovered
0x00038b14,56,FUN_00038b14,DEFAULT,false,__stdcall,2,2,,4,0,0,0,application,recovered
0x00038b6a,2,FUN_00038b6a,DEFAULT,false,__stdcall,1,0,,0,0,0,0,application,recovered
0x00038b6c,18,FUN_00038b6c,DEFAULT,false,__stdcall,1,0,,2,0,2,0,application,recovered
0x00038b7e,56,FUN_00038b7e,DEFAULT,false,__stdcall,2,1,,3,0,2,0,application,recovered
0x00038bb6,2,FUN_00038bb6,DEFAULT,false,__stdcall,1,0,,0,0,0,0,application,recovered
0x00038bb8,18,FUN_00038bb8,DEFAULT,false,__stdcall,1,0,,4,0,0,0,application,recovered
0x00038bca,48,FUN_00038bca,DEFAULT,false,__stdcall,2,1,,1,0,0,0,application,recovered
0x00038bfa,26,FUN_00038bfa,DEFAULT,false,__stdcall,7,0,,0,0,0,0,application,recovered
0x00038c14,96,FUN_00038c14,DEFAULT,false,__stdcall,10,2,,0,0,0,0,application,recovered
0x00038c74,120,FUN_00038c74,DEFAULT,false,__stdcall,10,0,,0,0,0,0,application,recovered
0x00038cec,222,checkpoint_multi_channel_u16_state_persist,USER_DEFINED,false,__stdcall,1,1,,31,0,1,0,application,annotated
0x00038e56,218,FUN_00038e56,DEFAULT,false,__stdcall,1,1,,2,0,21,0,application,recovered
0x00038f30,2,FUN_00038f30,DEFAULT,false,__stdcall,1,0,,0,0,0,0,application,recovered
0x00038f32,2,FUN_00038f32,DEFAULT,false,__stdcall,1,0,,0,0,0,0,application,recovered
0x00038f34,14,FUN_00038f34,DEFAULT,false,__stdcall,1,0,,0,0,0,0,application,recovered
0x00038f42,126,FUN_00038f42,DEFAULT,false,__stdcall,1,2,,11,0,1,0,application,recovered
0x00038fc0,100,FUN_00038fc0,DEFAULT,false,__stdcall,1,1,,6,0,6,0,application,recovered
0x00039024,16,FUN_00039024,DEFAULT,false,__stdcall,2,2,,0,0,0,0,application,recovered
0x00039034,2,FUN_00039034,DEFAULT,false,__stdcall,1,0,,0,0,0,0,application,recovered
0x00039036,68,FUN_00039036,DEFAULT,false,__stdcall,1,1,,2,0,2,0,application,recovered
0x0003907a,90,FUN_0003907a,DEFAULT,false,__stdcall,2,2,,7,0,3,0,application,recovered
0x000390e6,14,FUN_000390e6,DEFAULT,false,__stdcall,2,0,,4,0,0,0,application,recovered
0x000390f4,2,FUN_000390f4,DEFAULT,false,__stdcall,1,0,,0,0,0,0,application,recovered
0x000390f6,20,FUN_000390f6,DEFAULT,false,__stdcall,1,1,,1,0,0,0,application,recovered
0x0003910a,102,FUN_0003910a,DEFAULT,false,__stdcall,1,0,,7,0,1,0,application,recovered
0x00039170,80,FUN_00039170,DEFAULT,false,__stdcall,1,0,,0,0,0,0,application,recovered
0x000391c0,54,FUN_000391c0,DEFAULT,false,__stdcall,1,1,,3,0,3,0,application,recovered
0x000391f6,120,FUN_000391f6,DEFAULT,false,__stdcall,1,3,,1,0,4,0,application,recovered
0x0003926e,214,FUN_0003926e,DEFAULT,false,__stdcall,1,4,,10,0,11,0,application,recovered
0x00039344,56,FUN_00039344,DEFAULT,false,__stdcall,2,2,,4,0,0,0,application,recovered
0x0003938a,2,FUN_0003938a,DEFAULT,false,__stdcall,1,0,,0,0,0,0,application,recovered
0x0003938c,18,FUN_0003938c,DEFAULT,false,__stdcall,1,0,,2,0,2,0,application,recovered
0x0003939e,56,FUN_0003939e,DEFAULT,false,__stdcall,2,1,,3,0,2,0,application,recovered
0x000393d6,2,FUN_000393d6,DEFAULT,false,__stdcall,1,0,,0,0,0,0,application,recovered
0x000393d8,20,FUN_000393d8,DEFAULT,false,__stdcall,1,1,,1,0,0,0,application,recovered
0x000393ec,102,FUN_000393ec,DEFAULT,false,__stdcall,1,0,,7,0,1,0,application,recovered
0x00039452,174,FUN_00039452,DEFAULT,false,__stdcall,1,4,,3,0,6,0,application,recovered
0x00039500,128,FUN_00039500,DEFAULT,false,__stdcall,2,5,,6,0,3,0,application,recovered
0x00039580,2,FUN_00039580,DEFAULT,false,__stdcall,1,0,,0,0,0,0,application,recovered
0x00039582,262,FUN_00039582,DEFAULT,false,__stdcall,1,5,,11,0,11,0,application,recovered
0x00039688,80,FUN_00039688,DEFAULT,false,__stdcall,1,0,,0,0,0,0,application,recovered
0x000396d8,62,FUN_000396d8,DEFAULT,false,__stdcall,1,1,,3,0,5,0,application,recovered
0x00039716,190,FUN_00039716,DEFAULT,false,__stdcall,1,0,,2,0,4,0,application,recovered
0x000397e2,2,FUN_000397e2,DEFAULT,false,__stdcall,1,0,,0,0,0,0,application,recovered
0x000397e4,262,FUN_000397e4,DEFAULT,false,__stdcall,1,5,,11,0,11,0,application,recovered
0x000398ea,80,FUN_000398ea,DEFAULT,false,__stdcall,1,0,,0,0,0,0,application,recovered
0x0003993a,62,FUN_0003993a,DEFAULT,false,__stdcall,1,1,,3,0,5,0,application,recovered
0x00039978,190,FUN_00039978,DEFAULT,false,__stdcall,1,0,,2,0,4,0,application,recovered
0x00039a44,2,FUN_00039a44,DEFAULT,false,__stdcall,1,0,,0,0,0,0,application,recovered
0x00039a46,18,FUN_00039a46,DEFAULT,false,__stdcall,1,0,,2,0,2,0,application,recovered
0x00039a58,56,FUN_00039a58,DEFAULT,false,__stdcall,2,1,,3,0,2,0,application,recovered
0x00039a90,2,FUN_00039a90,DEFAULT,false,__stdcall,1,0,,0,0,0,0,application,recovered
0x00039a92,26,FUN_00039a92,DEFAULT,false,__stdcall,1,0,,6,0,2,0,application,recovered
0x00039aac,22,FUN_00039aac,DEFAULT,false,__stdcall,1,0,,0,0,0,0,application,recovered
0x00039ac2,118,FUN_00039ac2,DEFAULT,false,__stdcall,1,1,,8,0,2,0,application,recovered
0x00039b38,74,FUN_00039b38,DEFAULT,false,__stdcall,1,0,,4,0,1,0,application,recovered
0x00039b8a,30,FUN_00039b8a,DEFAULT,false,__stdcall,1,0,,1,0,0,0,application,recovered
0x00039ba8,56,FUN_00039ba8,DEFAULT,false,__stdcall,1,0,,0,0,0,0,application,recovered
0x00039be0,154,FUN_00039be0,DEFAULT,false,__stdcall,1,3,,5,0,5,0,application,recovered
0x00039c7a,184,FUN_00039c7a,DEFAULT,false,__stdcall,2,5,,13,0,2,0,application,recovered
0x00039d32,2,FUN_00039d32,DEFAULT,false,__stdcall,1,0,,0,0,0,0,application,recovered
0x00039d34,20,FUN_00039d34,DEFAULT,false,__stdcall,1,1,,1,0,0,0,application,recovered
0x00039d48,102,FUN_00039d48,DEFAULT,false,__stdcall,1,0,,7,0,1,0,application,recovered
0x00039dae,156,FUN_00039dae,DEFAULT,false,__stdcall,1,6,,1,0,4,0,application,recovered
0x00039e4a,86,FUN_00039e4a,DEFAULT,false,__stdcall,2,3,,4,0,3,0,application,recovered
0x00039ea0,80,FUN_00039ea0,DEFAULT,false,__stdcall,4,0,,0,0,0,0,application,recovered
0x00039ef0,2,FUN_00039ef0,DEFAULT,false,__stdcall,1,0,,0,0,0,0,application,recovered
0x00039ef2,240,FUN_00039ef2,DEFAULT,false,__stdcall,1,5,,9,0,9,0,application,recovered
0x00039fe2,34,FUN_00039fe2,DEFAULT,false,__stdcall,1,1,,2,0,2,0,application,recovered
0x0003a004,26,FUN_0003a004,DEFAULT,false,__stdcall,1,1,,1,0,1,0,application,recovered
0x0003a032,2,FUN_0003a032,DEFAULT,false,__stdcall,1,0,,0,0,0,0,application,recovered
0x0003a034,240,FUN_0003a034,DEFAULT,false,__stdcall,1,5,,9,0,9,0,application,recovered
0x0003a124,34,FUN_0003a124,DEFAULT,false,__stdcall,1,1,,2,0,2,0,application,recovered
0x0003a146,26,FUN_0003a146,DEFAULT,false,__stdcall,1,1,,1,0,1,0,application,recovered
0x0003a174,2,FUN_0003a174,DEFAULT,false,__stdcall,1,0,,0,0,0,0,application,recovered
0x0003a176,18,FUN_0003a176,DEFAULT,false,__stdcall,1,0,,2,0,2,0,application,recovered
0x0003a188,56,FUN_0003a188,DEFAULT,false,__stdcall,2,1,,3,0,2,0,application,recovered
0x0003a1c0,2,FUN_0003a1c0,DEFAULT,false,__stdcall,1,0,,0,0,0,0,application,recovered
0x0003a1c2,2,FUN_0003a1c2,DEFAULT,false,__stdcall,1,0,,0,0,0,0,application,recovered
0x0003a1c4,398,FUN_0003a1c4,DEFAULT,false,__stdcall,1,1,,20,0,13,0,application,recovered
0x0003a352,332,FUN_0003a352,DEFAULT,false,__stdcall,1,1,,33,0,5,0,application,recovered
0x0003a49e,50,FUN_0003a49e,DEFAULT,false,__stdcall,2,2,,2,0,0,0,application,recovered
0x0003a4d0,2,FUN_0003a4d0,DEFAULT,false,__stdcall,1,0,,0,0,0,0,application,recovered
0x0003a4d2,20,FUN_0003a4d2,DEFAULT,false,__stdcall,1,1,,1,0,0,0,application,recovered
0x0003a4e6,102,FUN_0003a4e6,DEFAULT,false,__stdcall,1,0,,7,0,1,0,application,recovered
0x0003a54c,158,FUN_0003a54c,DEFAULT,false,__stdcall,1,4,,1,0,6,0,application,recovered
0x0003a5ea,86,FUN_0003a5ea,DEFAULT,false,__stdcall,2,3,,4,0,3,0,application,recovered
0x0003a640,80,FUN_0003a640,DEFAULT,false,__stdcall,2,0,,0,0,0,0,application,recovered
0x0003a690,2,FUN_0003a690,DEFAULT,false,__stdcall,1,0,,0,0,0,0,application,recovered
0x0003a692,210,FUN_0003a692,DEFAULT,false,__stdcall,1,4,,8,0,8,0,application,recovered
0x0003a764,54,FUN_0003a764,DEFAULT,false,__stdcall,1,1,,3,0,3,0,application,recovered
0x0003a7a8,2,FUN_0003a7a8,DEFAULT,false,__stdcall,1,0,,0,0,0,0,application,recovered
0x0003a7aa,210,FUN_0003a7aa,DEFAULT,false,__stdcall,1,4,,8,0,8,0,application,recovered
0x0003a87c,54,FUN_0003a87c,DEFAULT,false,__stdcall,1,1,,3,0,3,0,application,recovered
0x0003a8c0,2,FUN_0003a8c0,DEFAULT,false,__stdcall,1,0,,0,0,0,0,application,recovered
0x0003a8c2,18,FUN_0003a8c2,DEFAULT,false,__stdcall,1,0,,2,0,2,0,application,recovered
0x0003a8d4,56,FUN_0003a8d4,DEFAULT,false,__stdcall,2,1,,3,0,2,0,application,recovered
0x0003a90c,2,FUN_0003a90c,DEFAULT,false,__stdcall,1,0,,0,0,0,0,application,recovered
0x0003a90e,56,FUN_0003a90e,DEFAULT,false,__stdcall,1,0,,7,0,1,0,application,recovered
0x0003a946,142,FUN_0003a946,DEFAULT,false,__stdcall,1,0,,7,0,4,0,application,recovered
0x0003a9d4,142,FUN_0003a9d4,DEFAULT,false,__stdcall,1,0,,7,0,4,0,application,recovered
0x0003aa62,110,FUN_0003aa62,DEFAULT,false,__stdcall,1,0,,7,0,0,0,application,recovered
0x0003aad0,162,FUN_0003aad0,DEFAULT,false,__stdcall,1,1,,5,0,2,0,application,recovered
0x0003ab72,24,FUN_0003ab72,DEFAULT,false,__stdcall,2,4,,0,0,0,0,application,recovered
0x0003ab8a,16,FUN_0003ab8a,DEFAULT,false,__stdcall,1,1,,1,0,0,0,application,recovered
0x0003ab9a,16,FUN_0003ab9a,DEFAULT,false,__stdcall,1,1,,1,0,0,0,application,recovered
0x0003abaa,48,FUN_0003abaa,DEFAULT,false,__stdcall,2,2,,1,0,3,0,application,recovered
0x0003ac32,16,FUN_0003ac32,DEFAULT,false,__stdcall,1,1,,1,0,0,0,application,recovered
0x0003ac42,16,FUN_0003ac42,DEFAULT,false,__stdcall,1,1,,1,0,0,0,application,recovered
0x0003ac52,48,FUN_0003ac52,DEFAULT,false,__stdcall,2,2,,1,0,3,0,application,recovered
0x0003acda,2,FUN_0003acda,DEFAULT,false,__stdcall,1,0,,0,0,0,0,application,recovered
0x0003acdc,88,FUN_0003acdc,DEFAULT,false,__stdcall,1,1,,11,0,0,0,application,recovered
0x0003ad34,78,FUN_0003ad34,DEFAULT,false,__stdcall,1,0,,5,0,1,0,application,recovered
0x0003ad82,42,FUN_0003ad82,DEFAULT,false,__stdcall,1,1,,0,0,0,0,application,recovered
0x0003adac,58,FUN_0003adac,DEFAULT,false,__stdcall,1,1,,5,0,2,0,application,recovered
0x0003ade6,120,FUN_0003ade6,DEFAULT,false,__stdcall,1,3,,1,0,4,0,application,recovered
0x0003ae5e,234,FUN_0003ae5e,DEFAULT,false,__stdcall,1,4,,11,0,10,0,application,recovered
0x0003af48,162,FUN_0003af48,DEFAULT,false,__stdcall,1,1,,5,0,2,0,application,recovered
0x0003afea,126,FUN_0003afea,DEFAULT,false,__stdcall,1,0,,6,0,0,0,application,recovered
0x0003b068,86,FUN_0003b068,DEFAULT,false,__stdcall,2,4,,5,0,3,0,application,recovered
0x0003b0be,124,FUN_0003b0be,DEFAULT,false,__stdcall,0,2,,1,0,2,0,application,recovered
0x0003b13a,226,FUN_0003b13a,DEFAULT,false,__stdcall,8,4,,7,0,10,0,application,recovered
0x0003b26c,16,FUN_0003b26c,DEFAULT,false,__stdcall,1,1,,1,0,0,0,application,recovered
0x0003b27c,16,FUN_0003b27c,DEFAULT,false,__stdcall,1,1,,1,0,0,0,application,recovered
0x0003b28c,58,FUN_0003b28c,DEFAULT,false,__stdcall,2,3,,1,0,3,0,application,recovered
0x0003b2fe,16,FUN_0003b2fe,DEFAULT,false,__stdcall,1,1,,1,0,0,0,application,recovered
0x0003b30e,16,FUN_0003b30e,DEFAULT,false,__stdcall,1,1,,1,0,0,0,application,recovered
0x0003b31e,58,FUN_0003b31e,DEFAULT,false,__stdcall,2,3,,1,0,3,0,application,recovered
0x0003b390,2,FUN_0003b390,DEFAULT,false,__stdcall,1,0,,0,0,0,0,application,recovered
0x0003b392,2,FUN_0003b392,DEFAULT,false,__stdcall,1,0,,0,0,0,0,application,recovered
0x0003b394,96,FUN_0003b394,DEFAULT,false,__stdcall,2,4,,4,0,0,0,application,recovered
0x0003b3f4,18,FUN_0003b3f4,DEFAULT,false,__stdcall,4,0,,1,0,0,0,application,recovered
0x0003b406,16,FUN_0003b406,DEFAULT,false,__stdcall,1,1,,1,0,0,0,application,recovered
0x0003b416,16,FUN_0003b416,DEFAULT,false,__stdcall,1,1,,1,0,0,0,application,recovered
0x0003b426,58,FUN_0003b426,DEFAULT,false,__stdcall,2,3,,1,0,3,0,application,recovered
0x0003b4b6,16,FUN_0003b4b6,DEFAULT,false,__stdcall,1,1,,1,0,0,0,application,recovered
0x0003b4c6,16,FUN_0003b4c6,DEFAULT,false,__stdcall,1,1,,1,0,0,0,application,recovered
0x0003b4d6,58,FUN_0003b4d6,DEFAULT,false,__stdcall,2,3,,1,0,3,0,application,recovered
0x0003b566,2,FUN_0003b566,DEFAULT,false,__stdcall,1,0,,0,0,0,0,application,recovered
0x0003b5a0,92,FUN_0003b5a0,DEFAULT,false,__stdcall,3,3,,4,0,4,0,application,recovered
0x0003b5fc,48,FUN_0003b5fc,DEFAULT,false,__stdcall,1,1,,8,0,0,0,application,recovered
0x0003b62c,54,FUN_0003b62c,DEFAULT,false,__stdcall,1,1,,14,0,0,0,application,recovered
0x0003b662,50,FUN_0003b662,DEFAULT,false,__stdcall,1,0,,1,0,0,0,application,recovered
0x0003b694,32,FUN_0003b694,DEFAULT,false,__stdcall,1,1,,3,0,0,0,application,recovered
0x0003b6b4,96,FUN_0003b6b4,DEFAULT,false,__stdcall,1,2,,2,0,1,0,application,recovered
0x0003b714,148,FUN_0003b714,DEFAULT,false,__stdcall,1,0,,15,0,0,0,application,recovered
0x0003b7a8,58,FUN_0003b7a8,DEFAULT,false,__stdcall,1,3,,0,0,2,1,application,recovered
0x0003b7e2,256,FUN_0003b7e2,DEFAULT,false,__stdcall,2,5,,28,0,0,0,application,recovered
0x0003b8e2,14,FUN_0003b8e2,DEFAULT,false,__stdcall,1,0,,1,0,0,0,application,recovered
0x0003b8f0,110,FUN_0003b8f0,DEFAULT,false,__stdcall,44,1,,14,0,0,0,application,recovered
0x0003b95e,24,FUN_0003b95e,DEFAULT,false,__stdcall,44,0,,1,0,0,0,application,recovered
0x0003b976,150,FUN_0003b976,DEFAULT,false,__stdcall,1,0,,8,0,0,0,application,recovered
0x0003ba0c,94,FUN_0003ba0c,DEFAULT,false,__stdcall,1,3,,4,0,0,0,application,recovered
0x0003ba6a,128,FUN_0003ba6a,DEFAULT,false,__stdcall,1,1,,3,0,1,0,application,recovered
0x0003baea,118,FUN_0003baea,DEFAULT,false,__stdcall,1,4,,5,0,3,1,application,recovered
0x0003bb60,44,FUN_0003bb60,DEFAULT,false,__stdcall,1,4,,2,0,0,0,application,recovered
0x0003bb8c,58,FUN_0003bb8c,DEFAULT,false,__stdcall,1,2,,2,0,2,1,application,recovered
0x0003bbc6,36,FUN_0003bbc6,DEFAULT,false,__stdcall,1,3,,1,0,0,0,application,recovered
0x0003bbea,60,FUN_0003bbea,DEFAULT,false,__stdcall,1,2,,2,0,2,1,application,recovered
0x0003bc26,36,FUN_0003bc26,DEFAULT,false,__stdcall,1,3,,1,0,0,0,application,recovered
0x0003bc4a,568,FUN_0003bc4a,DEFAULT,false,__stdcall,1,11,,3,0,3,0,application,recovered
0x0003be82,342,FUN_0003be82,DEFAULT,false,__stdcall,1,15,,1,0,3,0,application,recovered
0x0003bfd8,712,FUN_0003bfd8,DEFAULT,false,__stdcall,43,1,,0,0,8,0,application,recovered
0x0003c30c,22,FUN_0003c30c,DEFAULT,false,__stdcall,1,0,,4,0,0,0,application,recovered
0x0003c322,64,FUN_0003c322,DEFAULT,false,__stdcall,1,0,,11,0,0,0,application,recovered
0x0003c362,96,FUN_0003c362,DEFAULT,false,__stdcall,1,2,,2,0,1,0,application,recovered
0x0003c3c2,78,FUN_0003c3c2,DEFAULT,false,__stdcall,1,2,,1,0,2,0,application,recovered
0x0003c410,62,FUN_0003c410,DEFAULT,false,__stdcall,2,3,,0,0,0,0,application,recovered
0x0003c44e,74,FUN_0003c44e,DEFAULT,false,__stdcall,1,2,,1,0,2,0,application,recovered
0x0003c498,88,FUN_0003c498,DEFAULT,false,__stdcall,1,3,,1,0,5,0,application,recovered
0x0003c4f0,92,FUN_0003c4f0,DEFAULT,false,__stdcall,1,2,,3,0,0,0,application,recovered
0x0003c54c,54,FUN_0003c54c,DEFAULT,false,__stdcall,1,1,,2,0,0,0,application,recovered
0x0003c582,152,FUN_0003c582,DEFAULT,false,__stdcall,1,2,,8,0,0,0,application,recovered
0x0003c61a,32,FUN_0003c61a,DEFAULT,false,__stdcall,2,5,,0,0,0,0,application,recovered
0x0003c63a,2,FUN_0003c63a,DEFAULT,false,__stdcall,1,0,,0,0,0,0,application,recovered
0x0003c63c,2,FUN_0003c63c,DEFAULT,false,__stdcall,1,0,,0,0,0,0,application,recovered
0x0003c63e,118,FUN_0003c63e,DEFAULT,false,__stdcall,1,1,,4,0,0,0,application,recovered
0x0003c6b4,332,FUN_0003c6b4,DEFAULT,false,__stdcall,2,6,,8,0,0,0,application,recovered
0x0003c800,2,FUN_0003c800,DEFAULT,false,__stdcall,1,0,,0,0,0,0,application,recovered
0x0003c802,2,FUN_0003c802,DEFAULT,false,__stdcall,1,0,,0,0,0,0,application,recovered
0x0003c804,118,FUN_0003c804,DEFAULT,false,__stdcall,1,1,,4,0,0,0,application,recovered
0x0003c87a,632,FUN_0003c87a,DEFAULT,false,__stdcall,2,4,,16,0,0,0,application,recovered
0x0003caf2,2,FUN_0003caf2,DEFAULT,false,__stdcall,1,0,,0,0,0,0,application,recovered
0x0003caf4,2,FUN_0003caf4,DEFAULT,false,__stdcall,1,0,,0,0,0,0,application,recovered
0x0003caf6,20,FUN_0003caf6,DEFAULT,false,__stdcall,6,0,,1,0,0,0,application,recovered
0x0003cb0a,6,FUN_0003cb0a,DEFAULT,false,__stdcall,1,0,,1,0,0,0,application,recovered
0x0003cb10,6,FUN_0003cb10,DEFAULT,false,__stdcall,1,0,,1,0,0,0,application,recovered
0x0003cb16,206,FUN_0003cb16,DEFAULT,false,__stdcall,2,8,,13,0,0,0,application,recovered
0x0003cbe4,2,FUN_0003cbe4,DEFAULT,false,__stdcall,1,0,,0,0,0,0,application,recovered
0x0003cbe6,2,FUN_0003cbe6,DEFAULT,false,__stdcall,1,0,,0,0,0,0,application,recovered
0x0003cbe8,148,FUN_0003cbe8,DEFAULT,false,__stdcall,2,5,,5,0,0,0,application,recovered
0x0003cc7c,2,FUN_0003cc7c,DEFAULT,false,__stdcall,1,0,,0,0,0,0,application,recovered
0x0003cc7e,194,FUN_0003cc7e,DEFAULT,false,__stdcall,1,3,,1,0,0,0,application,recovered
0x0003cd40,40,FUN_0003cd40,DEFAULT,false,__stdcall,2,2,,1,0,0,0,application,recovered
0x0003cd68,2,FUN_0003cd68,DEFAULT,false,__stdcall,1,0,,0,0,0,0,application,recovered
0x0003cd6a,2,FUN_0003cd6a,DEFAULT,false,__stdcall,1,0,,0,0,0,0,application,recovered
0x0003cd6c,82,FUN_0003cd6c,DEFAULT,false,__stdcall,2,4,,3,0,0,0,application,recovered
0x0003cdbe,18,FUN_0003cdbe,DEFAULT,false,__stdcall,5,0,,1,0,0,0,application,recovered
0x0003cdd0,16,FUN_0003cdd0,DEFAULT,false,__stdcall,1,1,,1,0,0,0,application,recovered
0x0003cde0,16,FUN_0003cde0,DEFAULT,false,__stdcall,1,1,,1,0,0,0,application,recovered
0x0003cdf0,58,FUN_0003cdf0,DEFAULT,false,__stdcall,2,3,,1,0,3,0,application,recovered
0x0003ceb0,16,FUN_0003ceb0,DEFAULT,false,__stdcall,1,1,,1,0,0,0,application,recovered
0x0003cec0,20,FUN_0003cec0,DEFAULT,false,__stdcall,1,1,,2,0,0,0,application,recovered
0x0003ced4,88,FUN_0003ced4,DEFAULT,false,__stdcall,2,4,,3,0,3,0,application,recovered
0x0003cf90,16,FUN_0003cf90,DEFAULT,false,__stdcall,1,1,,1,0,0,0,application,recovered
0x0003cfa0,16,FUN_0003cfa0,DEFAULT,false,__stdcall,1,1,,1,0,0,0,application,recovered
0x0003cfb0,72,FUN_0003cfb0,DEFAULT,false,__stdcall,2,4,,2,0,3,0,application,recovered
0x0003d042,16,FUN_0003d042,DEFAULT,false,__stdcall,1,1,,1,0,0,0,application,recovered
0x0003d052,16,FUN_0003d052,DEFAULT,false,__stdcall,1,1,,1,0,0,0,application,recovered
0x0003d062,72,FUN_0003d062,DEFAULT,false,__stdcall,2,4,,2,0,3,0,application,recovered
0x0003d0f4,24,FUN_0003d0f4,DEFAULT,false,__stdcall,1,1,,2,0,0,0,application,recovered
0x0003d10c,24,FUN_0003d10c,DEFAULT,false,__stdcall,1,1,,2,0,0,0,application,recovered
0x0003d124,96,FUN_0003d124,DEFAULT,false,__stdcall,2,3,,2,0,5,0,application,recovered
0x0003d280,24,FUN_0003d280,DEFAULT,false,__stdcall,1,1,,2,0,0,0,application,recovered
0x0003d298,24,FUN_0003d298,DEFAULT,false,__stdcall,1,1,,2,0,0,0,application,recovered
0x0003d2b0,96,FUN_0003d2b0,DEFAULT,false,__stdcall,2,3,,2,0,5,0,application,recovered
0x0003d40c,16,FUN_0003d40c,DEFAULT,false,__stdcall,1,1,,1,0,0,0,application,recovered
0x0003d41c,44,FUN_0003d41c,DEFAULT,false,__stdcall,1,1,,9,0,0,0,application,recovered
0x0003d448,82,FUN_0003d448,DEFAULT,false,__stdcall,2,4,,6,0,3,0,application,recovered
0x0003d5ac,16,FUN_0003d5ac,DEFAULT,false,__stdcall,1,1,,1,0,0,0,application,recovered
0x0003d5bc,44,FUN_0003d5bc,DEFAULT,false,__stdcall,1,1,,9,0,0,0,application,recovered
0x0003d5e8,82,FUN_0003d5e8,DEFAULT,false,__stdcall,2,4,,6,0,3,0,application,recovered
0x0003d74c,2,FUN_0003d74c,DEFAULT,false,__stdcall,1,0,,0,0,0,0,application,recovered
0x0003d74e,14,FUN_0003d74e,DEFAULT,false,__stdcall,1,0,,4,0,0,0,application,recovered
0x0003d75c,80,FUN_0003d75c,DEFAULT,false,__stdcall,1,0,,4,0,3,0,application,recovered
0x0003d7ac,32,FUN_0003d7ac,DEFAULT,false,__stdcall,1,0,,2,0,0,0,application,recovered
0x0003d7cc,32,FUN_0003d7cc,DEFAULT,false,__stdcall,1,0,,2,0,0,0,application,recovered
0x0003d7ec,32,FUN_0003d7ec,DEFAULT,false,__stdcall,1,0,,2,0,0,0,application,recovered
0x0003d80c,102,FUN_0003d80c,DEFAULT,false,__stdcall,2,4,,7,0,0,0,application,recovered
0x0003d872,2,FUN_0003d872,DEFAULT,false,__stdcall,1,0,,0,0,0,0,application,recovered
0x0003d874,16,FUN_0003d874,DEFAULT,false,__stdcall,1,0,,5,0,0,0,application,recovered
0x0003d884,66,FUN_0003d884,DEFAULT,false,__stdcall,2,0,,9,0,0,0,application,recovered
0x0003d8c6,2,FUN_0003d8c6,DEFAULT,false,__stdcall,1,0,,0,0,0,0,application,recovered
0x0003d8c8,2,FUN_0003d8c8,DEFAULT,false,__stdcall,1,0,,0,0,0,0,application,recovered
0x0003d8ca,350,FUN_0003d8ca,DEFAULT,false,__stdcall,2,4,,28,0,0,0,application,recovered
0x0003da28,22,FUN_0003da28,DEFAULT,false,__stdcall,6,0,,2,0,0,0,application,recovered
0x0003da3e,16,FUN_0003da3e,DEFAULT,false,__stdcall,1,1,,1,0,0,0,application,recovered
0x0003da4e,16,FUN_0003da4e,DEFAULT,false,__stdcall,1,1,,1,0,0,0,application,recovered
0x0003da5e,72,FUN_0003da5e,DEFAULT,false,__stdcall,2,4,,2,0,3,0,application,recovered
0x0003db10,16,FUN_0003db10,DEFAULT,false,__stdcall,1,1,,1,0,0,0,application,recovered
0x0003db20,16,FUN_0003db20,DEFAULT,false,__stdcall,1,1,,1,0,0,0,application,recovered
0x0003db30,72,FUN_0003db30,DEFAULT,false,__stdcall,2,4,,2,0,3,0,application,recovered
0x0003dbe2,40,FUN_0003dbe2,DEFAULT,false,__stdcall,1,1,,5,0,0,0,application,recovered
0x0003dc0a,44,FUN_0003dc0a,DEFAULT,false,__stdcall,1,1,,7,0,0,0,application,recovered
0x0003dc36,82,FUN_0003dc36,DEFAULT,false,__stdcall,1,3,,3,0,2,0,application,recovered
0x0003dc88,346,FUN_0003dc88,DEFAULT,false,__stdcall,2,8,,12,0,4,0,application,recovered
0x0003de5c,30,FUN_0003de5c,DEFAULT,false,__stdcall,1,0,,3,0,0,0,application,recovered
0x0003de7a,40,FUN_0003de7a,DEFAULT,false,__stdcall,1,1,,5,0,0,0,application,recovered
0x0003dea2,44,FUN_0003dea2,DEFAULT,false,__stdcall,1,1,,7,0,0,0,application,recovered
0x0003dece,82,FUN_0003dece,DEFAULT,false,__stdcall,1,3,,3,0,2,0,application,recovered
0x0003df20,352,FUN_0003df20,DEFAULT,false,__stdcall,2,8,,12,0,4,0,application,recovered
0x0003e0fa,30,FUN_0003e0fa,DEFAULT,false,__stdcall,1,0,,3,0,0,0,application,recovered
0x0003e118,40,FUN_0003e118,DEFAULT,false,__stdcall,1,1,,5,0,0,0,application,recovered
0x0003e140,40,FUN_0003e140,DEFAULT,false,__stdcall,1,1,,5,0,0,0,application,recovered
0x0003e168,316,FUN_0003e168,DEFAULT,false,__stdcall,2,6,,12,0,4,0,application,recovered
0x0003e32a,30,FUN_0003e32a,DEFAULT,false,__stdcall,1,0,,3,0,0,0,application,recovered
0x0003e348,40,FUN_0003e348,DEFAULT,false,__stdcall,1,1,,5,0,0,0,application,recovered
0x0003e370,40,FUN_0003e370,DEFAULT,false,__stdcall,1,1,,5,0,0,0,application,recovered
0x0003e398,316,FUN_0003e398,DEFAULT,false,__stdcall,2,6,,12,0,4,0,application,recovered
0x0003e55e,30,FUN_0003e55e,DEFAULT,false,__stdcall,1,0,,3,0,0,0,application,recovered
0x0003e57c,2,FUN_0003e57c,DEFAULT,false,__stdcall,1,0,,0,0,0,0,application,recovered
0x0003e57e,2,FUN_0003e57e,DEFAULT,false,__stdcall,1,0,,0,0,0,0,application,recovered
0x0003e580,184,FUN_0003e580,DEFAULT,false,__stdcall,1,28,,0,0,0,0,application,recovered
0x0003e638,12,FUN_0003e638,DEFAULT,false,__stdcall,2,1,,0,0,0,0,application,recovered
0x0003e644,16,FUN_0003e644,DEFAULT,false,__stdcall,1,1,,1,0,0,0,application,recovered
0x0003e654,32,FUN_0003e654,DEFAULT,false,__stdcall,1,1,,7,0,0,0,application,recovered
0x0003e674,86,FUN_0003e674,DEFAULT,false,__stdcall,1,2,,2,0,3,0,application,recovered
0x0003e6ca,68,FUN_0003e6ca,DEFAULT,false,__stdcall,1,1,,2,0,2,0,application,recovered
0x0003e70e,30,FUN_0003e70e,DEFAULT,false,__stdcall,1,0,,1,0,1,0,application,recovered
0x0003e72c,114,FUN_0003e72c,DEFAULT,false,__stdcall,1,3,,4,0,2,0,application,recovered
0x0003e79e,142,FUN_0003e79e,DEFAULT,false,__stdcall,2,9,,2,0,3,0,application,recovered
0x0003e918,18,FUN_0003e918,DEFAULT,false,__stdcall,1,0,,1,0,0,0,application,recovered
0x0003e92a,16,FUN_0003e92a,DEFAULT,false,__stdcall,1,1,,1,0,0,0,application,recovered
0x0003e93a,32,FUN_0003e93a,DEFAULT,false,__stdcall,1,1,,7,0,0,0,application,recovered
0x0003e95a,62,FUN_0003e95a,DEFAULT,false,__stdcall,1,2,,2,0,1,0,application,recovered
0x0003e998,98,FUN_0003e998,DEFAULT,false,__stdcall,1,0,,3,0,3,0,application,recovered
0x0003e9fa,60,FUN_0003e9fa,DEFAULT,false,__stdcall,1,2,,2,0,0,0,application,recovered
0x0003ea36,128,FUN_0003ea36,DEFAULT,false,__stdcall,2,8,,2,0,3,0,application,recovered
0x0003eb2e,18,FUN_0003eb2e,DEFAULT,false,__stdcall,1,0,,1,0,0,0,application,recovered
0x0003eb40,16,FUN_0003eb40,DEFAULT,false,__stdcall,1,1,,1,0,0,0,application,recovered
0x0003eb50,32,FUN_0003eb50,DEFAULT,false,__stdcall,1,1,,7,0,0,0,application,recovered
0x0003eb70,62,FUN_0003eb70,DEFAULT,false,__stdcall,1,2,,2,0,2,0,application,recovered
0x0003ebae,98,FUN_0003ebae,DEFAULT,false,__stdcall,1,0,,3,0,3,0,application,recovered
0x0003ec10,60,FUN_0003ec10,DEFAULT,false,__stdcall,1,2,,2,0,0,0,application,recovered
0x0003ec4c,128,FUN_0003ec4c,DEFAULT,false,__stdcall,2,8,,2,0,3,0,application,recovered
0x0003ed44,18,FUN_0003ed44,DEFAULT,false,__stdcall,1,0,,1,0,0,0,application,recovered
0x0003ed56,16,FUN_0003ed56,DEFAULT,false,__stdcall,1,1,,1,0,0,0,application,recovered
0x0003ed66,26,FUN_0003ed66,DEFAULT,false,__stdcall,1,1,,4,0,0,0,application,recovered
0x0003ed80,40,FUN_0003ed80,DEFAULT,false,__stdcall,1,0,,2,0,1,0,application,recovered
0x0003eda8,148,FUN_0003eda8,DEFAULT,false,__stdcall,2,8,,3,0,4,0,application,recovered
0x0003eed0,18,FUN_0003eed0,DEFAULT,false,__stdcall,1,0,,1,0,0,0,application,recovered
0x0003eee2,16,FUN_0003eee2,DEFAULT,false,__stdcall,1,1,,1,0,0,0,application,recovered
0x0003eef2,26,FUN_0003eef2,DEFAULT,false,__stdcall,1,1,,4,0,0,0,application,recovered
0x0003ef0c,40,FUN_0003ef0c,DEFAULT,false,__stdcall,1,0,,2,0,1,0,application,recovered
0x0003ef34,148,FUN_0003ef34,DEFAULT,false,__stdcall,2,8,,3,0,4,0,application,recovered
0x0003f05c,18,FUN_0003f05c,DEFAULT,false,__stdcall,1,0,,1,0,0,0,application,recovered
0x0003f06e,16,FUN_0003f06e,DEFAULT,false,__stdcall,1,1,,1,0,0,0,application,recovered
0x0003f07e,28,FUN_0003f07e,DEFAULT,false,__stdcall,1,1,,5,0,0,0,application,recovered
0x0003f09a,44,FUN_0003f09a,DEFAULT,false,__stdcall,1,1,,1,0,1,0,application,recovered
0x0003f0c6,30,FUN_0003f0c6,DEFAULT,false,__stdcall,1,0,,1,0,1,0,application,recovered
0x0003f0e4,60,FUN_0003f0e4,DEFAULT,false,__stdcall,1,2,,2,0,0,0,application,recovered
0x0003f120,128,FUN_0003f120,DEFAULT,false,__stdcall,2,8,,2,0,3,0,application,recovered
0x0003f236,18,FUN_0003f236,DEFAULT,false,__stdcall,1,0,,1,0,0,0,application,recovered
0x0003f248,16,FUN_0003f248,DEFAULT,false,__stdcall,1,1,,1,0,0,0,application,recovered
0x0003f258,28,FUN_0003f258,DEFAULT,false,__stdcall,1,1,,5,0,0,0,application,recovered
0x0003f274,44,FUN_0003f274,DEFAULT,false,__stdcall,1,1,,1,0,1,0,application,recovered
0x0003f2a0,30,FUN_0003f2a0,DEFAULT,false,__stdcall,1,0,,1,0,1,0,application,recovered
0x0003f2be,60,FUN_0003f2be,DEFAULT,false,__stdcall,1,2,,2,0,0,0,application,recovered
0x0003f2fa,128,FUN_0003f2fa,DEFAULT,false,__stdcall,2,8,,2,0,3,0,application,recovered
0x0003f410,18,FUN_0003f410,DEFAULT,false,__stdcall,1,0,,1,0,0,0,application,recovered
0x0003f422,16,FUN_0003f422,DEFAULT,false,__stdcall,1,1,,1,0,0,0,application,recovered
0x0003f432,16,FUN_0003f432,DEFAULT,false,__stdcall,1,1,,1,0,0,0,application,recovered
0x0003f442,108,FUN_0003f442,DEFAULT,false,__stdcall,2,6,,2,0,3,0,application,recovered
0x0003f54a,18,FUN_0003f54a,DEFAULT,false,__stdcall,1,0,,1,0,0,0,application,recovered
0x0003f55c,16,FUN_0003f55c,DEFAULT,false,__stdcall,1,1,,1,0,0,0,application,recovered
0x0003f56c,16,FUN_0003f56c,DEFAULT,false,__stdcall,1,1,,1,0,0,0,application,recovered
0x0003f57c,108,FUN_0003f57c,DEFAULT,false,__stdcall,2,6,,2,0,3,0,application,recovered
0x0003f684,18,FUN_0003f684,DEFAULT,false,__stdcall,1,0,,1,0,0,0,application,recovered
0x0003f696,16,FUN_0003f696,DEFAULT,false,__stdcall,1,1,,1,0,0,0,application,recovered
0x0003f6a6,28,FUN_0003f6a6,DEFAULT,false,__stdcall,1,1,,5,0,0,0,application,recovered
0x0003f6c2,74,FUN_0003f6c2,DEFAULT,false,__stdcall,1,0,,5,0,2,0,application,recovered
0x0003f70c,40,FUN_0003f70c,DEFAULT,false,__stdcall,1,0,,2,0,1,0,application,recovered
0x0003f734,150,FUN_0003f734,DEFAULT,false,__stdcall,2,9,,2,0,3,0,application,recovered
0x0003f864,18,FUN_0003f864,DEFAULT,false,__stdcall,1,0,,1,0,0,0,application,recovered
0x0003f876,16,FUN_0003f876,DEFAULT,false,__stdcall,1,1,,1,0,0,0,application,recovered
0x0003f886,28,FUN_0003f886,DEFAULT,false,__stdcall,1,1,,5,0,0,0,application,recovered
0x0003f8a2,74,FUN_0003f8a2,DEFAULT,false,__stdcall,1,0,,5,0,2,0,application,recovered
0x0003f8ec,40,FUN_0003f8ec,DEFAULT,false,__stdcall,1,0,,2,0,1,0,application,recovered
0x0003f914,150,FUN_0003f914,DEFAULT,false,__stdcall,2,9,,2,0,3,0,application,recovered
0x0003fa44,18,FUN_0003fa44,DEFAULT,false,__stdcall,1,0,,1,0,0,0,application,recovered
0x0003fa56,16,FUN_0003fa56,DEFAULT,false,__stdcall,1,1,,1,0,0,0,application,recovered
0x0003fa66,34,FUN_0003fa66,DEFAULT,false,__stdcall,1,1,,8,0,0,0,application,recovered
0x0003fa88,122,FUN_0003fa88,DEFAULT,false,__stdcall,1,1,,4,0,3,0,application,recovered
0x0003fb02,30,FUN_0003fb02,DEFAULT,false,__stdcall,1,0,,1,0,1,0,application,recovered
0x0003fb20,90,FUN_0003fb20,DEFAULT,false,__stdcall,1,2,,3,0,1,0,application,recovered
0x0003fb7a,128,FUN_0003fb7a,DEFAULT,false,__stdcall,2,8,,2,0,3,0,application,recovered
0x0003fc80,18,FUN_0003fc80,DEFAULT,false,__stdcall,1,0,,1,0,0,0,application,recovered
0x0003fc92,16,FUN_0003fc92,DEFAULT,false,__stdcall,1,1,,1,0,0,0,application,recovered
0x0003fca2,34,FUN_0003fca2,DEFAULT,false,__stdcall,1,1,,8,0,0,0,application,recovered
0x0003fcc4,122,FUN_0003fcc4,DEFAULT,false,__stdcall,1,1,,4,0,4,0,application,recovered
0x0003fd3e,30,FUN_0003fd3e,DEFAULT,false,__stdcall,1,0,,1,0,1,0,application,recovered
0x0003fd5c,90,FUN_0003fd5c,DEFAULT,false,__stdcall,1,2,,3,0,1,0,application,recovered
0x0003fdb6,128,FUN_0003fdb6,DEFAULT,false,__stdcall,2,8,,2,0,3,0,application,recovered
0x0003fec0,18,FUN_0003fec0,DEFAULT,false,__stdcall,1,0,,1,0,0,0,application,recovered
0x0003fed2,16,FUN_0003fed2,DEFAULT,false,__stdcall,1,1,,1,0,0,0,application,recovered
0x0003fee2,24,FUN_0003fee2,DEFAULT,false,__stdcall,1,1,,3,0,0,0,application,recovered
0x0003fefa,40,FUN_0003fefa,DEFAULT,false,__stdcall,1,0,,2,0,1,0,application,recovered
0x0003ff22,128,FUN_0003ff22,DEFAULT,false,__stdcall,2,8,,2,0,3,0,application,recovered
0x00040038,18,FUN_00040038,DEFAULT,false,__stdcall,1,0,,1,0,0,0,application,recovered
0x0004004a,16,FUN_0004004a,DEFAULT,false,__stdcall,1,1,,1,0,0,0,application,recovered
0x0004005a,24,FUN_0004005a,DEFAULT,false,__stdcall,1,1,,3,0,0,0,application,recovered
0x00040072,40,FUN_00040072,DEFAULT,false,__stdcall,1,0,,2,0,1,0,application,recovered
0x0004009a,128,FUN_0004009a,DEFAULT,false,__stdcall,2,8,,2,0,3,0,application,recovered
0x000401b0,18,FUN_000401b0,DEFAULT,false,__stdcall,1,0,,1,0,0,0,application,recovered
0x000401c2,16,FUN_000401c2,DEFAULT,false,__stdcall,1,1,,1,0,0,0,application,recovered
0x000401d2,32,FUN_000401d2,DEFAULT,false,__stdcall,1,1,,7,0,0,0,application,recovered
0x000401f2,54,FUN_000401f2,DEFAULT,false,__stdcall,1,1,,2,0,1,0,application,recovered
0x00040228,54,FUN_00040228,DEFAULT,false,__stdcall,1,1,,2,0,1,0,application,recovered
0x0004025e,30,FUN_0004025e,DEFAULT,false,__stdcall,1,0,,1,0,1,0,application,recovered
0x0004027c,32,FUN_0004027c,DEFAULT,false,__stdcall,1,0,,1,0,1,0,application,recovered
0x0004029c,86,FUN_0004029c,DEFAULT,false,__stdcall,1,4,,2,0,0,0,application,recovered
0x000402f2,128,FUN_000402f2,DEFAULT,false,__stdcall,2,8,,2,0,3,0,application,recovered
0x0004044a,18,FUN_0004044a,DEFAULT,false,__stdcall,1,0,,1,0,0,0,application,recovered
0x0004045c,16,FUN_0004045c,DEFAULT,false,__stdcall,1,1,,1,0,0,0,application,recovered
0x0004046c,32,FUN_0004046c,DEFAULT,false,__stdcall,1,1,,7,0,0,0,application,recovered
0x0004048c,54,FUN_0004048c,DEFAULT,false,__stdcall,1,1,,2,0,2,0,application,recovered
0x000404c2,54,FUN_000404c2,DEFAULT,false,__stdcall,1,1,,2,0,2,0,application,recovered
0x000404f8,30,FUN_000404f8,DEFAULT,false,__stdcall,1,0,,1,0,1,0,application,recovered
0x00040516,32,FUN_00040516,DEFAULT,false,__stdcall,1,0,,1,0,1,0,application,recovered
0x00040536,86,FUN_00040536,DEFAULT,false,__stdcall,1,4,,2,0,0,0,application,recovered
0x0004058c,128,FUN_0004058c,DEFAULT,false,__stdcall,2,8,,2,0,3,0,application,recovered
0x000406e8,18,FUN_000406e8,DEFAULT,false,__stdcall,1,0,,1,0,0,0,application,recovered
0x000406fa,42,FUN_000406fa,DEFAULT,false,__stdcall,1,1,,6,0,0,0,application,recovered
0x00040724,36,FUN_00040724,DEFAULT,false,__stdcall,1,1,,4,0,0,0,application,recovered
0x00040748,40,FUN_00040748,DEFAULT,false,__stdcall,1,0,,2,0,1,0,application,recovered
0x00040770,296,FUN_00040770,DEFAULT,false,__stdcall,2,8,,10,0,3,0,application,recovered
0x00040946,30,FUN_00040946,DEFAULT,false,__stdcall,1,0,,3,0,0,0,application,recovered
0x00040964,42,FUN_00040964,DEFAULT,false,__stdcall,1,1,,6,0,0,0,application,recovered
0x0004098e,36,FUN_0004098e,DEFAULT,false,__stdcall,1,1,,4,0,0,0,application,recovered
0x000409b2,40,FUN_000409b2,DEFAULT,false,__stdcall,1,0,,2,0,1,0,application,recovered
0x000409da,296,FUN_000409da,DEFAULT,false,__stdcall,2,8,,10,0,3,0,application,recovered
0x00040bb4,30,FUN_00040bb4,DEFAULT,false,__stdcall,1,0,,3,0,0,0,application,recovered
0x00040bd2,40,FUN_00040bd2,DEFAULT,false,__stdcall,1,1,,5,0,0,0,application,recovered
0x00040bfa,42,FUN_00040bfa,DEFAULT,false,__stdcall,1,1,,6,0,0,0,application,recovered
0x00040c24,334,FUN_00040c24,DEFAULT,false,__stdcall,2,6,,13,0,5,0,application,recovered
0x00040dec,30,FUN_00040dec,DEFAULT,false,__stdcall,1,0,,3,0,0,0,application,recovered
0x00040e0a,40,FUN_00040e0a,DEFAULT,false,__stdcall,1,1,,5,0,0,0,application,recovered
0x00040e32,42,FUN_00040e32,DEFAULT,false,__stdcall,1,1,,6,0,0,0,application,recovered
0x00040e5c,334,FUN_00040e5c,DEFAULT,false,__stdcall,2,6,,13,0,5,0,application,recovered
0x00041024,30,FUN_00041024,DEFAULT,false,__stdcall,1,0,,3,0,0,0,application,recovered
0x00041042,40,FUN_00041042,DEFAULT,false,__stdcall,1,1,,5,0,0,0,application,recovered
0x0004106a,40,FUN_0004106a,DEFAULT,false,__stdcall,1,1,,5,0,0,0,application,recovered
0x00041092,316,FUN_00041092,DEFAULT,false,__stdcall,2,6,,12,0,4,0,application,recovered
0x00041254,30,FUN_00041254,DEFAULT,false,__stdcall,1,0,,3,0,0,0,application,recovered
0x00041272,40,FUN_00041272,DEFAULT,false,__stdcall,1,1,,5,0,0,0,application,recovered
0x0004129a,40,FUN_0004129a,DEFAULT,false,__stdcall,1,1,,5,0,0,0,application,recovered
0x000412c2,316,FUN_000412c2,DEFAULT,false,__stdcall,2,6,,12,0,4,0,application,recovered
0x00041488,30,FUN_00041488,DEFAULT,false,__stdcall,1,0,,3,0,0,0,application,recovered
0x000414a6,42,FUN_000414a6,DEFAULT,false,__stdcall,1,1,,6,0,0,0,application,recovered
0x000414d0,42,FUN_000414d0,DEFAULT,false,__stdcall,1,1,,6,0,0,0,application,recovered
0x000414fa,222,FUN_000414fa,DEFAULT,false,__stdcall,2,4,,13,0,3,0,application,recovered
0x00041620,2,FUN_00041620,DEFAULT,false,__stdcall,1,0,,0,0,0,0,application,recovered
0x00041622,114,FUN_00041622,DEFAULT,false,__stdcall,1,0,,9,0,0,0,application,recovered
0x00041694,258,FUN_00041694,DEFAULT,false,__stdcall,2,0,,9,0,1,0,application,recovered
0x00041796,44,FUN_00041796,DEFAULT,false,__stdcall,1,1,,7,0,0,0,application,recovered
0x000417c2,44,FUN_000417c2,DEFAULT,false,__stdcall,1,1,,7,0,0,0,application,recovered
0x000417ee,302,FUN_000417ee,DEFAULT,false,__stdcall,2,4,,27,0,3,0,application,recovered
0x00041a14,6,FUN_00041a14,DEFAULT,false,__stdcall,1,0,,1,0,0,0,application,recovered
0x00041a1a,6,FUN_00041a1a,DEFAULT,false,__stdcall,1,0,,1,0,0,0,application,recovered
0x00041a20,176,FUN_00041a20,DEFAULT,false,__stdcall,2,3,,9,0,3,0,application,recovered
0x00041ad0,2,FUN_00041ad0,DEFAULT,false,__stdcall,1,0,,0,0,0,0,application,recovered
0x00041ad2,24,FUN_00041ad2,DEFAULT,false,__stdcall,1,0,,7,0,0,0,application,recovered
0x00041aea,128,FUN_00041aea,DEFAULT,false,__stdcall,1,0,,13,0,1,0,application,recovered
0x00041b6a,140,FUN_00041b6a,DEFAULT,false,__stdcall,2,1,,8,0,4,0,application,recovered
0x00041bf6,50,FUN_00041bf6,DEFAULT,false,__stdcall,1,2,,7,0,0,0,application,recovered
0x00041c28,50,FUN_00041c28,DEFAULT,false,__stdcall,1,2,,7,0,0,0,application,recovered
0x00041c5a,280,FUN_00041c5a,DEFAULT,false,__stdcall,2,6,,15,0,5,0,application,recovered
0x00041e52,2,FUN_00041e52,DEFAULT,false,__stdcall,1,0,,0,0,0,0,application,recovered
0x00041e54,2,FUN_00041e54,DEFAULT,false,__stdcall,1,0,,0,0,0,0,application,recovered
0x00041e56,532,FUN_00041e56,DEFAULT,false,__stdcall,2,4,,18,0,0,0,application,recovered
0x0004206a,18,FUN_0004206a,DEFAULT,false,__stdcall,7,0,,1,0,0,0,application,recovered
0x0004207c,16,FUN_0004207c,DEFAULT,false,__stdcall,1,1,,1,0,0,0,application,recovered
0x0004208c,16,FUN_0004208c,DEFAULT,false,__stdcall,1,1,,1,0,0,0,application,recovered
0x0004209c,90,FUN_0004209c,DEFAULT,false,__stdcall,2,4,,3,0,3,0,application,recovered
0x000420f6,48,FUN_000420f6,DEFAULT,false,__stdcall,0,0,,3,0,2,0,application,recovered
0x000421a6,16,FUN_000421a6,DEFAULT,false,__stdcall,1,1,,1,0,0,0,application,recovered
0x000421b6,16,FUN_000421b6,DEFAULT,false,__stdcall,1,1,,1,0,0,0,application,recovered
0x000421c6,90,FUN_000421c6,DEFAULT,false,__stdcall,2,4,,3,0,3,0,application,recovered
0x000422bc,16,FUN_000422bc,DEFAULT,false,__stdcall,1,1,,1,0,0,0,application,recovered
0x000422cc,16,FUN_000422cc,DEFAULT,false,__stdcall,1,1,,1,0,0,0,application,recovered
0x000422dc,90,FUN_000422dc,DEFAULT,false,__stdcall,2,4,,3,0,3,0,application,recovered
0x00042432,42,FUN_00042432,DEFAULT,false,__stdcall,1,1,,6,0,0,0,application,recovered
0x0004245c,42,FUN_0004245c,DEFAULT,false,__stdcall,1,1,,6,0,0,0,application,recovered
0x00042486,222,FUN_00042486,DEFAULT,false,__stdcall,2,4,,13,0,3,0,application,recovered
0x000425ac,2,FUN_000425ac,DEFAULT,false,__stdcall,1,0,,0,0,0,0,application,recovered
0x000425ae,114,FUN_000425ae,DEFAULT,false,__stdcall,1,0,,9,0,0,0,application,recovered
0x00042620,258,FUN_00042620,DEFAULT,false,__stdcall,2,0,,9,0,1,0,application,recovered
0x00042722,44,FUN_00042722,DEFAULT,false,__stdcall,1,1,,7,0,0,0,application,recovered
0x0004274e,44,FUN_0004274e,DEFAULT,false,__stdcall,1,1,,7,0,0,0,application,recovered
0x0004277a,302,FUN_0004277a,DEFAULT,false,__stdcall,2,4,,27,0,3,0,application,recovered
0x000429a0,6,FUN_000429a0,DEFAULT,false,__stdcall,1,0,,1,0,0,0,application,recovered
0x000429a6,6,FUN_000429a6,DEFAULT,false,__stdcall,1,0,,1,0,0,0,application,recovered
0x000429ac,180,FUN_000429ac,DEFAULT,false,__stdcall,2,3,,9,0,3,0,application,recovered
0x00042a60,2,FUN_00042a60,DEFAULT,false,__stdcall,1,0,,0,0,0,0,application,recovered
0x00042a62,24,FUN_00042a62,DEFAULT,false,__stdcall,1,0,,7,0,0,0,application,recovered
0x00042a7a,128,FUN_00042a7a,DEFAULT,false,__stdcall,1,0,,13,0,1,0,application,recovered
0x00042afa,140,FUN_00042afa,DEFAULT,false,__stdcall,2,1,,8,0,4,0,application,recovered
0x00042b86,50,FUN_00042b86,DEFAULT,false,__stdcall,1,2,,7,0,0,0,application,recovered
0x00042bb8,50,FUN_00042bb8,DEFAULT,false,__stdcall,1,2,,7,0,0,0,application,recovered
0x00042bea,280,FUN_00042bea,DEFAULT,false,__stdcall,2,6,,15,0,5,0,application,recovered
0x00042de2,2,FUN_00042de2,DEFAULT,false,__stdcall,1,0,,0,0,0,0,application,recovered
0x00042de4,2,FUN_00042de4,DEFAULT,false,__stdcall,1,0,,0,0,0,0,application,recovered
0x00042de6,532,FUN_00042de6,DEFAULT,false,__stdcall,2,4,,18,0,0,0,application,recovered
0x00042ffa,18,FUN_00042ffa,DEFAULT,false,__stdcall,7,0,,1,0,0,0,application,recovered
0x0004300c,16,FUN_0004300c,DEFAULT,false,__stdcall,1,1,,1,0,0,0,application,recovered
0x0004301c,16,FUN_0004301c,DEFAULT,false,__stdcall,1,1,,1,0,0,0,application,recovered
0x0004302c,90,FUN_0004302c,DEFAULT,false,__stdcall,2,4,,3,0,3,0,application,recovered
0x00043086,48,FUN_00043086,DEFAULT,false,__stdcall,0,0,,3,0,2,0,application,recovered
0x00043136,16,FUN_00043136,DEFAULT,false,__stdcall,1,1,,1,0,0,0,application,recovered
0x00043146,16,FUN_00043146,DEFAULT,false,__stdcall,1,1,,1,0,0,0,application,recovered
0x00043156,90,FUN_00043156,DEFAULT,false,__stdcall,2,4,,3,0,3,0,application,recovered
0x0004324e,16,FUN_0004324e,DEFAULT,false,__stdcall,1,1,,1,0,0,0,application,recovered
0x0004325e,16,FUN_0004325e,DEFAULT,false,__stdcall,1,1,,1,0,0,0,application,recovered
0x0004326e,90,FUN_0004326e,DEFAULT,false,__stdcall,2,4,,3,0,3,0,application,recovered
0x000433c4,2,FUN_000433c4,DEFAULT,false,__stdcall,1,0,,0,0,0,0,application,recovered
0x000433c6,18,FUN_000433c6,DEFAULT,false,__stdcall,1,0,,6,0,0,0,application,recovered
0x000433d8,60,FUN_000433d8,DEFAULT,false,__stdcall,2,0,,2,0,4,0,application,recovered
0x00043414,64,FUN_00043414,DEFAULT,false,__stdcall,1,1,,1,0,2,0,application,recovered
0x00043454,40,FUN_00043454,DEFAULT,false,__stdcall,1,2,,3,0,0,0,application,recovered
0x0004347c,68,FUN_0004347c,DEFAULT,false,__stdcall,1,1,,1,0,3,0,application,recovered
0x000434c0,40,FUN_000434c0,DEFAULT,false,__stdcall,1,2,,3,0,0,0,application,recovered
0x000434e8,50,FUN_000434e8,DEFAULT,false,__stdcall,1,0,,4,0,1,0,application,recovered
0x0004351a,30,FUN_0004351a,DEFAULT,false,__stdcall,2,3,,1,0,0,0,application,recovered
0x00043538,16,FUN_00043538,DEFAULT,false,__stdcall,1,1,,1,0,0,0,application,recovered
0x00043548,16,FUN_00043548,DEFAULT,false,__stdcall,1,1,,1,0,0,0,application,recovered
0x00043558,90,FUN_00043558,DEFAULT,false,__stdcall,2,4,,3,0,3,0,application,recovered
0x000435ea,16,FUN_000435ea,DEFAULT,false,__stdcall,1,1,,1,0,0,0,application,recovered
0x000435fa,16,FUN_000435fa,DEFAULT,false,__stdcall,1,1,,1,0,0,0,application,recovered
0x0004360a,90,FUN_0004360a,DEFAULT,false,__stdcall,2,4,,3,0,3,0,application,recovered
0x0004369c,16,FUN_0004369c,DEFAULT,false,__stdcall,1,1,,1,0,0,0,application,recovered
0x000436ac,16,FUN_000436ac,DEFAULT,false,__stdcall,1,1,,1,0,0,0,application,recovered
0x000436bc,90,FUN_000436bc,DEFAULT,false,__stdcall,2,4,,3,0,3,0,application,recovered
0x00043716,110,FUN_00043716,DEFAULT,false,__stdcall,0,0,,6,0,4,0,application,recovered
0x0004384c,16,FUN_0004384c,DEFAULT,false,__stdcall,1,1,,1,0,0,0,application,recovered
0x0004385c,16,FUN_0004385c,DEFAULT,false,__stdcall,1,1,,1,0,0,0,application,recovered
0x0004386c,90,FUN_0004386c,DEFAULT,false,__stdcall,2,4,,3,0,3,0,application,recovered
0x000438c6,110,FUN_000438c6,DEFAULT,false,__stdcall,0,0,,6,0,4,0,application,recovered
0x000439fc,16,FUN_000439fc,DEFAULT,false,__stdcall,1,1,,1,0,0,0,application,recovered
0x00043a0c,16,FUN_00043a0c,DEFAULT,false,__stdcall,1,1,,1,0,0,0,application,recovered
0x00043a1c,92,FUN_00043a1c,DEFAULT,false,__stdcall,2,4,,3,0,3,0,application,recovered
0x00043a78,158,FUN_00043a78,DEFAULT,false,__stdcall,0,0,,5,0,6,0,application,recovered
0x00043bec,16,FUN_00043bec,DEFAULT,false,__stdcall,1,1,,1,0,0,0,application,recovered
0x00043bfc,16,FUN_00043bfc,DEFAULT,false,__stdcall,1,1,,1,0,0,0,application,recovered
0x00043c0c,72,FUN_00043c0c,DEFAULT,false,__stdcall,2,4,,2,0,3,0,application,recovered
0x00043c9a,16,FUN_00043c9a,DEFAULT,false,__stdcall,1,1,,1,0,0,0,application,recovered
0x00043caa,16,FUN_00043caa,DEFAULT,false,__stdcall,1,1,,1,0,0,0,application,recovered
0x00043cba,72,FUN_00043cba,DEFAULT,false,__stdcall,2,4,,2,0,3,0,application,recovered
0x00043d48,16,FUN_00043d48,DEFAULT,false,__stdcall,1,1,,1,0,0,0,application,recovered
0x00043d58,16,FUN_00043d58,DEFAULT,false,__stdcall,1,1,,1,0,0,0,application,recovered
0x00043d68,92,FUN_00043d68,DEFAULT,false,__stdcall,2,4,,3,0,3,0,application,recovered
0x00043e36,16,FUN_00043e36,DEFAULT,false,__stdcall,1,1,,1,0,0,0,application,recovered
0x00043e46,16,FUN_00043e46,DEFAULT,false,__stdcall,1,1,,1,0,0,0,application,recovered
0x00043e56,92,FUN_00043e56,DEFAULT,false,__stdcall,2,4,,3,0,3,0,application,recovered
0x00043f24,2,FUN_00043f24,DEFAULT,false,__stdcall,1,0,,0,0,0,0,application,recovered
0x00043f26,2,FUN_00043f26,DEFAULT,false,__stdcall,1,0,,0,0,0,0,application,recovered
0x00043f28,436,FUN_00043f28,DEFAULT,false,__stdcall,2,5,,13,0,0,0,application,recovered
0x000440dc,18,FUN_000440dc,DEFAULT,false,__stdcall,9,0,,1,0,0,0,application,recovered
0x000440ee,2,FUN_000440ee,DEFAULT,false,__stdcall,1,0,,0,0,0,0,application,recovered
0x000440f0,68,FUN_000440f0,DEFAULT,false,__stdcall,1,1,,10,0,0,0,application,recovered
0x000441f2,34,FUN_000441f2,DEFAULT,false,__stdcall,1,1,,5,0,0,0,application,recovered
0x000442a0,34,FUN_000442a0,DEFAULT,false,__stdcall,1,1,,5,0,0,0,application,recovered
0x0004434e,34,FUN_0004434e,DEFAULT,false,__stdcall,1,1,,5,0,0,0,application,recovered
0x000443fc,64,FUN_000443fc,DEFAULT,false,__stdcall,1,1,,8,0,0,0,application,recovered
0x0004449a,2,FUN_0004449a,DEFAULT,false,__stdcall,1,0,,0,0,0,0,application,recovered
0x0004449c,2,FUN_0004449c,DEFAULT,false,__stdcall,1,0,,0,0,0,0,application,recovered
0x0004449e,20,FUN_0004449e,DEFAULT,false,__stdcall,6,0,,0,0,0,0,application,recovered
0x000444b2,192,FUN_000444b2,DEFAULT,false,__stdcall,1,1,,9,0,4,0,application,recovered
0x00044572,192,FUN_00044572,DEFAULT,false,__stdcall,1,1,,9,0,4,0,application,recovered
0x00044632,36,FUN_00044632,DEFAULT,false,__stdcall,1,2,,2,0,0,0,application,recovered
0x00044656,106,FUN_00044656,DEFAULT,false,__stdcall,1,1,,4,0,2,0,application,recovered
0x000446c0,106,FUN_000446c0,DEFAULT,false,__stdcall,1,1,,4,0,2,0,application,recovered
0x0004472a,36,FUN_0004472a,DEFAULT,false,__stdcall,1,2,,2,0,0,0,application,recovered
0x0004474e,88,FUN_0004474e,DEFAULT,false,__stdcall,1,1,,5,0,2,0,application,recovered
0x000447a6,88,FUN_000447a6,DEFAULT,false,__stdcall,1,1,,5,0,2,0,application,recovered
0x000447fe,16,FUN_000447fe,DEFAULT,false,__stdcall,1,2,,0,0,0,0,application,recovered
0x0004480e,20,FUN_0004480e,DEFAULT,false,__stdcall,2,3,,0,0,0,0,application,recovered
0x00044822,2,FUN_00044822,DEFAULT,false,__stdcall,1,0,,0,0,0,0,application,recovered
0x00044824,2,FUN_00044824,DEFAULT,false,__stdcall,1,0,,0,0,0,0,application,recovered
0x00044826,78,FUN_00044826,DEFAULT,false,__stdcall,2,0,,10,0,2,0,application,recovered
0x00044874,2,FUN_00044874,DEFAULT,false,__stdcall,1,0,,0,0,0,0,application,recovered
0x00044876,2,FUN_00044876,DEFAULT,false,__stdcall,1,0,,0,0,0,0,application,recovered
0x00044878,92,FUN_00044878,DEFAULT,false,__stdcall,2,4,,2,0,0,0,application,recovered
0x000448d4,18,FUN_000448d4,DEFAULT,false,__stdcall,2,0,,1,0,0,0,application,recovered
0x000448e6,16,FUN_000448e6,DEFAULT,false,__stdcall,1,1,,1,0,0,0,application,recovered
0x000448f6,16,FUN_000448f6,DEFAULT,false,__stdcall,1,1,,1,0,0,0,application,recovered
0x00044906,72,FUN_00044906,DEFAULT,false,__stdcall,2,4,,2,0,3,0,application,recovered
0x000449a0,16,FUN_000449a0,DEFAULT,false,__stdcall,1,1,,1,0,0,0,application,recovered
0x000449b0,16,FUN_000449b0,DEFAULT,false,__stdcall,1,1,,1,0,0,0,application,recovered
0x000449c0,90,FUN_000449c0,DEFAULT,false,__stdcall,2,4,,3,0,3,0,application,recovered
0x00044a70,2,FUN_00044a70,DEFAULT,false,__stdcall,1,0,,0,0,0,0,application,recovered
0x00044a72,2,FUN_00044a72,DEFAULT,false,__stdcall,1,0,,0,0,0,0,application,recovered
0x00044a74,92,FUN_00044a74,DEFAULT,false,__stdcall,2,4,,2,0,0,0,application,recovered
0x00044ad0,18,FUN_00044ad0,DEFAULT,false,__stdcall,2,0,,1,0,0,0,application,recovered
0x00044ae2,16,FUN_00044ae2,DEFAULT,false,__stdcall,1,1,,1,0,0,0,application,recovered
0x00044af2,16,FUN_00044af2,DEFAULT,false,__stdcall,1,1,,1,0,0,0,application,recovered
0x00044b02,72,FUN_00044b02,DEFAULT,false,__stdcall,2,4,,2,0,3,0,application,recovered
0x00044b9a,16,FUN_00044b9a,DEFAULT,false,__stdcall,1,1,,1,0,0,0,application,recovered
0x00044baa,16,FUN_00044baa,DEFAULT,false,__stdcall,1,1,,1,0,0,0,application,recovered
0x00044bba,90,FUN_00044bba,DEFAULT,false,__stdcall,2,4,,3,0,3,0,application,recovered
0x00044c6a,16,FUN_00044c6a,DEFAULT,false,__stdcall,1,1,,1,0,0,0,application,recovered
0x00044c7a,16,FUN_00044c7a,DEFAULT,false,__stdcall,1,1,,1,0,0,0,application,recovered
0x00044c8a,82,FUN_00044c8a,DEFAULT,false,__stdcall,2,4,,3,0,3,0,application,recovered
0x00044da8,16,FUN_00044da8,DEFAULT,false,__stdcall,1,1,,1,0,0,0,application,recovered
0x00044db8,16,FUN_00044db8,DEFAULT,false,__stdcall,1,1,,1,0,0,0,application,recovered
0x00044dc8,92,FUN_00044dc8,DEFAULT,false,__stdcall,2,4,,3,0,3,0,application,recovered
0x00044f0c,16,FUN_00044f0c,DEFAULT,false,__stdcall,1,1,,1,0,0,0,application,recovered
0x00044f1c,16,FUN_00044f1c,DEFAULT,false,__stdcall,1,1,,1,0,0,0,application,recovered
0x00044f2c,90,FUN_00044f2c,DEFAULT,false,__stdcall,2,4,,3,0,3,0,application,recovered
0x00044fdc,16,FUN_00044fdc,DEFAULT,false,__stdcall,1,1,,1,0,0,0,application,recovered
0x00044fec,16,FUN_00044fec,DEFAULT,false,__stdcall,1,1,,1,0,0,0,application,recovered
0x00044ffc,90,FUN_00044ffc,DEFAULT,false,__stdcall,2,4,,3,0,3,0,application,recovered
0x000450ac,2,FUN_000450ac,DEFAULT,false,__stdcall,1,0,,0,0,0,0,application,recovered
0x000450ae,2,FUN_000450ae,DEFAULT,false,__stdcall,1,0,,0,0,0,0,application,recovered
0x000450b0,126,FUN_000450b0,DEFAULT,false,__stdcall,2,3,,7,0,0,0,application,recovered
0x0004512e,18,FUN_0004512e,DEFAULT,false,__stdcall,4,0,,1,0,0,0,application,recovered
0x00045140,2,FUN_00045140,DEFAULT,false,__stdcall,1,0,,0,0,0,0,application,recovered
0x00045142,22,FUN_00045142,DEFAULT,false,__stdcall,1,0,,8,0,0,0,application,recovered
0x00045158,44,FUN_00045158,DEFAULT,false,__stdcall,1,0,,3,0,2,0,application,recovered
0x00045184,44,FUN_00045184,DEFAULT,false,__stdcall,1,0,,3,0,2,0,application,recovered
0x000451b0,44,FUN_000451b0,DEFAULT,false,__stdcall,1,0,,3,0,2,0,application,recovered
0x000451dc,102,FUN_000451dc,DEFAULT,false,__stdcall,1,0,,6,0,6,0,application,recovered
0x00045242,24,FUN_00045242,DEFAULT,false,__stdcall,2,4,,0,0,0,0,application,recovered
0x0004525a,2,FUN_0004525a,DEFAULT,false,__stdcall,1,0,,0,0,0,0,application,recovered
0x0004525c,2,FUN_0004525c,DEFAULT,false,__stdcall,1,0,,0,0,0,0,application,recovered
0x0004525e,32,FUN_0004525e,DEFAULT,false,__stdcall,2,3,,0,0,0,0,application,recovered
0x0004528a,2,FUN_0004528a,DEFAULT,false,__stdcall,1,0,,0,0,0,0,application,recovered
0x0004528c,156,checkpoint_dual_incident_snapshot_persist,USER_DEFINED,false,__stdcall,1,1,,14,0,0,0,application,annotated
0x00045328,122,FUN_00045328,DEFAULT,false,__stdcall,1,1,,9,0,2,0,application,recovered
0x000453a2,66,FUN_000453a2,DEFAULT,false,__stdcall,2,1,,8,0,0,0,application,recovered
0x000453e4,16,FUN_000453e4,DEFAULT,false,__stdcall,1,1,,1,0,0,0,application,recovered
0x000453f4,16,FUN_000453f4,DEFAULT,false,__stdcall,1,1,,1,0,0,0,application,recovered
0x00045404,72,FUN_00045404,DEFAULT,false,__stdcall,2,4,,2,0,3,0,application,recovered
0x000454a2,16,FUN_000454a2,DEFAULT,false,__stdcall,1,1,,1,0,0,0,application,recovered
0x000454b2,16,FUN_000454b2,DEFAULT,false,__stdcall,1,1,,1,0,0,0,application,recovered
0x000454c2,72,FUN_000454c2,DEFAULT,false,__stdcall,2,4,,2,0,3,0,application,recovered
0x00045560,2,FUN_00045560,DEFAULT,false,__stdcall,1,0,,0,0,0,0,application,recovered
0x00045562,2,FUN_00045562,DEFAULT,false,__stdcall,1,0,,0,0,0,0,application,recovered
0x00045564,132,FUN_00045564,DEFAULT,false,__stdcall,2,3,,4,0,0,0,application,recovered
0x000455e8,18,FUN_000455e8,DEFAULT,false,__stdcall,2,0,,1,0,0,0,application,recovered
0x000455fa,2,FUN_000455fa,DEFAULT,false,__stdcall,1,0,,0,0,0,0,application,recovered
0x000455fc,2,FUN_000455fc,DEFAULT,false,__stdcall,1,0,,0,0,0,0,application,recovered
0x000455fe,2,FUN_000455fe,DEFAULT,false,__stdcall,2,0,,0,0,0,0,application,recovered
0x00045600,16,FUN_00045600,DEFAULT,false,__stdcall,1,1,,1,0,0,0,application,recovered
0x00045610,16,FUN_00045610,DEFAULT,false,__stdcall,1,1,,1,0,0,0,application,recovered
0x00045620,140,FUN_00045620,DEFAULT,false,__stdcall,2,5,,9,0,3,0,application,recovered
0x000458d6,16,FUN_000458d6,DEFAULT,false,__stdcall,1,1,,1,0,0,0,application,recovered
0x000458e6,16,FUN_000458e6,DEFAULT,false,__stdcall,1,1,,1,0,0,0,application,recovered
0x000458f6,140,FUN_000458f6,DEFAULT,false,__stdcall,2,5,,9,0,3,0,application,recovered
0x00045bac,2,FUN_00045bac,DEFAULT,false,__stdcall,1,0,,0,0,0,0,application,recovered
0x00045bae,30,FUN_00045bae,DEFAULT,false,__stdcall,1,0,,3,0,0,0,application,recovered
0x00045bcc,402,FUN_00045bcc,DEFAULT,false,__stdcall,2,0,,30,0,3,0,application,recovered
0x00045d5e,2,FUN_00045d5e,DEFAULT,false,__stdcall,1,0,,0,0,0,0,application,recovered
0x00045d60,30,FUN_00045d60,DEFAULT,false,__stdcall,1,0,,3,0,0,0,application,recovered
0x00045d7e,402,FUN_00045d7e,DEFAULT,false,__stdcall,2,0,,30,0,3,0,application,recovered
0x00045f10,2,FUN_00045f10,DEFAULT,false,__stdcall,1,0,,0,0,0,0,application,recovered
0x00045f12,18,FUN_00045f12,DEFAULT,false,__stdcall,1,0,,4,0,0,0,application,recovered
0x00045f24,152,FUN_00045f24,DEFAULT,false,__stdcall,2,3,,12,0,1,0,application,recovered
0x00045fbc,6,FUN_00045fbc,DEFAULT,false,__stdcall,1,0,,1,0,0,0,application,recovered
0x00045fc2,16,FUN_00045fc2,DEFAULT,false,__stdcall,1,1,,1,0,0,0,application,recovered
0x00045fd2,16,FUN_00045fd2,DEFAULT,false,__stdcall,1,1,,1,0,0,0,application,recovered
0x00045fe2,84,FUN_00045fe2,DEFAULT,false,__stdcall,2,4,,3,0,3,0,application,recovered
0x0004608e,16,FUN_0004608e,DEFAULT,false,__stdcall,1,1,,1,0,0,0,application,recovered
0x0004609e,16,FUN_0004609e,DEFAULT,false,__stdcall,1,1,,1,0,0,0,application,recovered
0x000460ae,142,FUN_000460ae,DEFAULT,false,__stdcall,2,5,,10,0,3,0,application,recovered
0x00046398,16,FUN_00046398,DEFAULT,false,__stdcall,1,1,,1,0,0,0,application,recovered
0x000463a8,16,FUN_000463a8,DEFAULT,false,__stdcall,1,1,,1,0,0,0,application,recovered
0x000463b8,142,FUN_000463b8,DEFAULT,false,__stdcall,2,5,,10,0,3,0,application,recovered
0x000466a2,2,FUN_000466a2,DEFAULT,false,__stdcall,1,0,,0,0,0,0,application,recovered
0x000466a4,2,FUN_000466a4,DEFAULT,false,__stdcall,1,0,,0,0,0,0,application,recovered
0x000466a6,654,FUN_000466a6,DEFAULT,false,__stdcall,2,5,,24,0,0,0,application,recovered
0x00046934,22,FUN_00046934,DEFAULT,false,__stdcall,11,0,,2,0,0,0,application,recovered
0x0004694a,16,FUN_0004694a,DEFAULT,false,__stdcall,1,1,,1,0,0,0,application,recovered
0x0004695a,16,FUN_0004695a,DEFAULT,false,__stdcall,1,1,,1,0,0,0,application,recovered
0x0004696a,100,FUN_0004696a,DEFAULT,false,__stdcall,2,4,,4,0,3,0,application,recovered
0x00046a12,16,FUN_00046a12,DEFAULT,false,__stdcall,1,1,,1,0,0,0,application,recovered
0x00046a22,16,FUN_00046a22,DEFAULT,false,__stdcall,1,1,,1,0,0,0,application,recovered
0x00046a32,100,FUN_00046a32,DEFAULT,false,__stdcall,2,4,,4,0,3,0,application,recovered
0x00046ada,16,FUN_00046ada,DEFAULT,false,__stdcall,1,1,,1,0,0,0,application,recovered
0x00046aea,16,FUN_00046aea,DEFAULT,false,__stdcall,1,1,,1,0,0,0,application,recovered
0x00046afa,106,FUN_00046afa,DEFAULT,false,__stdcall,2,3,,8,0,3,0,application,recovered
0x00046be0,16,FUN_00046be0,DEFAULT,false,__stdcall,1,1,,1,0,0,0,application,recovered
0x00046bf0,16,FUN_00046bf0,DEFAULT,false,__stdcall,1,1,,1,0,0,0,application,recovered
0x00046c00,106,FUN_00046c00,DEFAULT,false,__stdcall,2,3,,8,0,3,0,application,recovered
0x00046ce6,16,FUN_00046ce6,DEFAULT,false,__stdcall,1,1,,1,0,0,0,application,recovered
0x00046cf6,16,FUN_00046cf6,DEFAULT,false,__stdcall,1,1,,1,0,0,0,application,recovered
0x00046d06,130,FUN_00046d06,DEFAULT,false,__stdcall,2,5,,5,0,3,0,application,recovered
0x00046e82,16,FUN_00046e82,DEFAULT,false,__stdcall,1,1,,1,0,0,0,application,recovered
0x00046e92,16,FUN_00046e92,DEFAULT,false,__stdcall,1,1,,1,0,0,0,application,recovered
0x00046ea2,130,FUN_00046ea2,DEFAULT,false,__stdcall,2,5,,5,0,3,0,application,recovered
0x0004701e,2,FUN_0004701e,DEFAULT,false,__stdcall,1,0,,0,0,0,0,application,recovered
0x00047020,2,FUN_00047020,DEFAULT,false,__stdcall,1,0,,0,0,0,0,application,recovered
0x00047022,24,FUN_00047022,DEFAULT,false,__stdcall,2,0,,2,0,1,0,application,recovered
0x0004703a,2,FUN_0004703a,DEFAULT,false,__stdcall,1,0,,0,0,0,0,application,recovered
0x0004703c,2,FUN_0004703c,DEFAULT,false,__stdcall,1,0,,0,0,0,0,application,recovered
0x0004703e,104,FUN_0004703e,DEFAULT,false,__stdcall,2,1,,9,0,0,0,application,recovered
0x000470a6,2,FUN_000470a6,DEFAULT,false,__stdcall,1,0,,0,0,0,0,application,recovered
0x000470a8,46,FUN_000470a8,DEFAULT,false,__stdcall,1,0,,20,0,0,0,application,recovered
0x000470d6,6,FUN_000470d6,DEFAULT,false,__stdcall,1,0,,1,0,0,0,application,recovered
0x000470dc,450,FUN_000470dc,DEFAULT,false,__stdcall,2,2,,19,0,5,0,application,recovered
0x0004729e,2,FUN_0004729e,DEFAULT,false,__stdcall,1,0,,0,0,0,0,application,recovered
0x000472a0,6,FUN_000472a0,DEFAULT,false,__stdcall,1,0,,1,0,0,0,application,recovered
0x000472a6,38,FUN_000472a6,DEFAULT,false,__stdcall,2,0,,2,0,0,0,application,recovered
0x000472cc,2,FUN_000472cc,DEFAULT,false,__stdcall,1,0,,0,0,0,0,application,recovered
0x000472ce,22,FUN_000472ce,DEFAULT,false,__stdcall,2,0,,3,0,0,0,application,recovered
0x000472e4,30,FUN_000472e4,DEFAULT,false,__stdcall,1,1,,3,0,0,0,application,recovered
0x00047302,12,FUN_00047302,DEFAULT,false,__stdcall,1,1,,0,0,0,0,application,recovered
0x0004730e,86,FUN_0004730e,DEFAULT,false,__stdcall,1,1,,0,0,0,0,application,recovered
0x00047364,84,FUN_00047364,DEFAULT,false,__stdcall,1,0,,0,0,0,0,application,recovered
0x000473b8,86,FUN_000473b8,DEFAULT,false,__stdcall,2,3,,9,0,0,0,application,recovered
0x0004740e,2,FUN_0004740e,DEFAULT,false,__stdcall,1,0,,0,0,0,0,application,recovered
0x00047410,20,FUN_00047410,DEFAULT,false,__stdcall,1,0,,6,0,0,0,application,recovered
0x00047424,222,FUN_00047424,DEFAULT,false,__stdcall,2,0,,8,0,1,0,application,recovered
0x00047502,2,FUN_00047502,DEFAULT,false,__stdcall,1,0,,0,0,0,0,application,recovered
0x00047504,142,FUN_00047504,DEFAULT,false,__stdcall,1,1,,19,0,5,0,application,recovered
0x00047592,142,FUN_00047592,DEFAULT,false,__stdcall,1,1,,6,0,3,0,application,recovered
0x00047620,146,FUN_00047620,DEFAULT,false,__stdcall,1,1,,6,0,4,0,application,recovered
0x000476b2,84,FUN_000476b2,DEFAULT,false,__stdcall,1,1,,3,0,3,0,application,recovered
0x00047706,38,FUN_00047706,DEFAULT,false,__stdcall,1,0,,4,0,1,0,application,recovered
0x0004772c,64,FUN_0004772c,DEFAULT,false,__stdcall,1,0,,4,0,1,0,application,recovered
0x0004776c,48,FUN_0004776c,DEFAULT,false,__stdcall,1,0,,4,0,2,0,application,recovered
0x0004779c,42,FUN_0004779c,DEFAULT,false,__stdcall,2,6,,1,0,0,0,application,recovered
0x000477c6,2,FUN_000477c6,DEFAULT,false,__stdcall,1,0,,0,0,0,0,application,recovered
0x000477c8,98,FUN_000477c8,DEFAULT,false,__stdcall,1,1,,9,0,3,0,application,recovered
0x0004782a,104,FUN_0004782a,DEFAULT,false,__stdcall,1,2,,4,0,2,0,application,recovered
0x00047892,104,FUN_00047892,DEFAULT,false,__stdcall,1,2,,4,0,2,0,application,recovered
0x000478fa,38,FUN_000478fa,DEFAULT,false,__stdcall,2,2,,4,0,0,0,application,recovered
0x00047920,2,FUN_00047920,DEFAULT,false,__stdcall,1,0,,0,0,0,0,application,recovered
0x00047922,6,FUN_00047922,DEFAULT,false,__stdcall,1,0,,1,0,0,0,application,recovered
0x00047928,48,FUN_00047928,DEFAULT,false,__stdcall,2,1,,1,0,0,0,application,recovered
0x00047958,50,FUN_00047958,DEFAULT,false,__stdcall,1,1,,4,0,0,0,application,recovered
0x0004798a,28,FUN_0004798a,DEFAULT,false,__stdcall,1,1,,0,0,1,0,application,recovered
0x000479a6,2,FUN_000479a6,DEFAULT,false,__stdcall,1,0,,0,0,0,0,application,recovered
0x000479a8,34,FUN_000479a8,DEFAULT,false,__stdcall,1,0,,14,0,0,0,application,recovered
0x000479ca,60,FUN_000479ca,DEFAULT,false,__stdcall,1,0,,3,0,0,0,application,recovered
0x00047a06,56,FUN_00047a06,DEFAULT,false,__stdcall,1,0,,0,0,1,0,application,recovered
0x00047a3e,30,FUN_00047a3e,DEFAULT,false,__stdcall,2,0,,0,0,1,0,application,recovered
0x00047a5c,396,FUN_00047a5c,DEFAULT,false,__stdcall,2,3,,22,0,5,0,application,recovered
0x00047be8,2,FUN_00047be8,DEFAULT,false,__stdcall,1,0,,0,0,0,0,application,recovered
0x00047bea,6,FUN_00047bea,DEFAULT,false,__stdcall,1,0,,1,0,0,0,application,recovered
0x00047bf0,36,FUN_00047bf0,DEFAULT,false,__stdcall,2,0,,5,0,0,0,application,recovered
0x00047c14,2,FUN_00047c14,DEFAULT,false,__stdcall,1,0,,0,0,0,0,application,recovered
0x00047c16,38,FUN_00047c16,DEFAULT,false,__stdcall,1,0,,12,0,0,0,application,recovered
0x00047c3c,1632,motor_phase_conditioning_calib_handler,USER_DEFINED,false,__stdcall,2,0,,84,0,2,0,application,annotated
0x0004829c,2,FUN_0004829c,DEFAULT,false,__stdcall,1,0,,0,0,0,0,application,recovered
0x0004829e,22,FUN_0004829e,DEFAULT,false,__stdcall,1,0,,6,0,0,0,application,recovered
0x000482b4,94,FUN_000482b4,DEFAULT,false,__stdcall,1,0,,14,0,1,0,application,recovered
0x00048312,2044,hardware_register_access_helper,USER_DEFINED,false,__stdcall,2,2,,54,0,1,0,application,annotated
0x00048b0e,2,FUN_00048b0e,DEFAULT,false,__stdcall,1,0,,0,0,0,0,application,recovered
0x00048b10,18,FUN_00048b10,DEFAULT,false,__stdcall,1,0,,6,0,0,0,application,recovered
0x00048b22,134,FUN_00048b22,DEFAULT,false,__stdcall,2,0,,13,0,0,0,application,recovered
0x00048ba8,2,FUN_00048ba8,DEFAULT,false,__stdcall,1,0,,0,0,0,0,application,recovered
0x00048baa,14,FUN_00048baa,DEFAULT,false,__stdcall,1,0,,4,0,0,0,application,recovered
0x00048bb8,136,FUN_00048bb8,DEFAULT,false,__stdcall,2,0,,7,0,1,0,application,recovered
0x00048c40,50,FUN_00048c40,DEFAULT,false,__stdcall,1,0,,6,0,0,0,application,recovered
0x00048c72,2,FUN_00048c72,DEFAULT,false,__stdcall,1,0,,0,0,0,0,application,recovered
0x00048c74,84,FUN_00048c74,DEFAULT,false,__stdcall,1,1,,4,0,0,0,application,recovered
0x00048cc8,76,application_com_rx_timeout_poll_slot,USER_DEFINED,false,__stdcall,1,0,,2,0,2,0,application,annotated
0x00048d14,52,FUN_00048d14,DEFAULT,false,__stdcall,1,0,,2,0,1,0,application,recovered
0x00048d48,24,FUN_00048d48,DEFAULT,false,__stdcall,1,0,,2,0,0,0,application,recovered
0x00048d60,148,FUN_00048d60,DEFAULT,false,__stdcall,1,4,,2,0,3,0,application,recovered
0x00048df4,88,FUN_00048df4,DEFAULT,false,__stdcall,2,1,,4,0,6,0,application,recovered
0x00048e4c,20,FUN_00048e4c,DEFAULT,false,__stdcall,33,0,,1,0,0,0,application,recovered
0x00048e60,2,FUN_00048e60,DEFAULT,false,__stdcall,1,0,,0,0,0,0,application,recovered
0x00048e62,34,FUN_00048e62,DEFAULT,false,__stdcall,1,1,,3,0,1,0,application,recovered
0x00048e84,86,FUN_00048e84,DEFAULT,false,__stdcall,1,0,,6,0,1,0,application,recovered
0x00048eda,218,FUN_00048eda,DEFAULT,false,__stdcall,1,3,,9,0,0,0,application,recovered
0x00048fb4,40,FUN_00048fb4,DEFAULT,false,__stdcall,1,1,,1,0,0,0,application,recovered
0x00048fdc,40,FUN_00048fdc,DEFAULT,false,__stdcall,1,1,,1,0,0,0,application,recovered
0x00049004,50,FUN_00049004,DEFAULT,false,__stdcall,1,0,,0,0,1,0,application,recovered
0x0004903e,102,FUN_0004903e,DEFAULT,false,__stdcall,2,5,,9,0,0,0,application,recovered
0x000490a4,2,FUN_000490a4,DEFAULT,false,__stdcall,1,0,,0,0,0,0,application,recovered
0x000490a6,2,FUN_000490a6,DEFAULT,false,__stdcall,1,0,,0,0,0,0,application,recovered
0x000490a8,32,FUN_000490a8,DEFAULT,false,__stdcall,1,0,,12,0,0,0,application,recovered
0x000490c8,94,FUN_000490c8,DEFAULT,false,__stdcall,1,1,,3,0,1,0,application,recovered
0x00049126,114,FUN_00049126,DEFAULT,false,__stdcall,1,0,,5,0,2,0,application,recovered
0x00049198,56,FUN_00049198,DEFAULT,false,__stdcall,1,0,,2,0,1,0,application,recovered
0x000491d0,76,FUN_000491d0,DEFAULT,false,__stdcall,1,0,,6,0,1,0,application,recovered
0x0004921c,76,FUN_0004921c,DEFAULT,false,__stdcall,1,0,,6,0,1,0,application,recovered
0x00049268,78,FUN_00049268,DEFAULT,false,__stdcall,1,0,,6,0,1,0,application,recovered
0x000492b6,20,FUN_000492b6,DEFAULT,false,__stdcall,1,3,,0,0,0,0,application,recovered
0x000492ca,134,FUN_000492ca,DEFAULT,false,__stdcall,1,0,,10,0,0,0,application,recovered
0x00049350,62,FUN_00049350,DEFAULT,false,__stdcall,1,1,,3,0,4,0,application,recovered
0x0004938e,118,FUN_0004938e,DEFAULT,false,__stdcall,2,6,,6,0,0,0,application,recovered
0x00049404,46,FUN_00049404,DEFAULT,false,__stdcall,4,0,,3,0,1,0,application,recovered
0x00049432,20,FUN_00049432,DEFAULT,false,__stdcall,2,0,,7,0,0,0,application,recovered
0x00049446,18,FUN_00049446,DEFAULT,false,__stdcall,2,0,,6,0,0,0,application,recovered
0x00049458,18,FUN_00049458,DEFAULT,false,__stdcall,2,0,,6,0,0,0,application,recovered
0x0004946a,32,FUN_0004946a,DEFAULT,false,__stdcall,1,3,,4,0,0,0,application,recovered
0x0004948a,2,FUN_0004948a,DEFAULT,false,__stdcall,1,0,,0,0,0,0,application,recovered
0x0004948c,318,FUN_0004948c,DEFAULT,false,__stdcall,1,5,,7,0,4,0,application,recovered
0x000495ca,258,FUN_000495ca,DEFAULT,false,__stdcall,1,5,,6,0,3,0,application,recovered
0x000496cc,266,FUN_000496cc,DEFAULT,false,__stdcall,1,5,,6,0,3,0,application,recovered
0x000497d6,46,FUN_000497d6,DEFAULT,false,__stdcall,1,0,,3,0,2,0,application,recovered
0x00049804,110,FUN_00049804,DEFAULT,false,__stdcall,2,7,,3,0,3,0,application,recovered
0x00049872,90,FUN_00049872,DEFAULT,false,__stdcall,1,0,,6,0,4,0,application,recovered
0x000498cc,78,FUN_000498cc,DEFAULT,false,__stdcall,1,0,,5,0,4,0,application,recovered
0x0004991a,78,FUN_0004991a,DEFAULT,false,__stdcall,1,0,,5,0,4,0,application,recovered
0x00049968,8,FUN_00049968,DEFAULT,false,__stdcall,3,0,,1,0,0,0,application,recovered
0x00049970,10,FUN_00049970,DEFAULT,false,__stdcall,3,0,,2,0,0,0,application,recovered
0x0004997a,8,FUN_0004997a,DEFAULT,false,__stdcall,3,0,,1,0,0,0,application,recovered
0x00049982,16,FUN_00049982,DEFAULT,false,__stdcall,1,0,,2,0,0,0,application,recovered
0x00049992,16,FUN_00049992,DEFAULT,false,__stdcall,1,0,,2,0,0,0,application,recovered
0x000499a2,16,FUN_000499a2,DEFAULT,false,__stdcall,1,0,,2,0,0,0,application,recovered
0x000499b2,2,FUN_000499b2,DEFAULT,false,__stdcall,1,0,,0,0,0,0,application,recovered
0x000499b4,2,FUN_000499b4,DEFAULT,false,__stdcall,1,0,,0,0,0,0,application,recovered
0x000499b6,12,FUN_000499b6,DEFAULT,false,__stdcall,1,0,,2,0,0,0,application,recovered
0x000499c2,72,FUN_000499c2,DEFAULT,false,__stdcall,1,0,,7,0,1,0,application,recovered
0x00049a0a,16,FUN_00049a0a,DEFAULT,false,__stdcall,2,2,,0,0,0,0,application,recovered
0x00049a1a,2,FUN_00049a1a,DEFAULT,false,__stdcall,1,0,,0,0,0,0,application,recovered
0x00049a1c,2,FUN_00049a1c,DEFAULT,false,__stdcall,1,0,,0,0,0,0,application,recovered
0x00049a1e,34,FUN_00049a1e,DEFAULT,false,__stdcall,1,0,,3,0,0,0,application,recovered
0x00049a40,34,FUN_00049a40,DEFAULT,false,__stdcall,1,0,,4,0,0,0,application,recovered
0x00049a62,84,FUN_00049a62,DEFAULT,false,__stdcall,1,0,,11,0,1,0,application,recovered
0x00049ab6,84,FUN_00049ab6,DEFAULT,false,__stdcall,1,0,,11,0,1,0,application,recovered
0x00049b0a,30,FUN_00049b0a,DEFAULT,false,__stdcall,1,0,,12,0,0,0,application,recovered
0x00049b28,34,FUN_00049b28,DEFAULT,false,__stdcall,1,0,,4,0,0,0,application,recovered
0x00049b4a,112,FUN_00049b4a,DEFAULT,false,__stdcall,1,0,,14,0,2,0,application,recovered
0x00049bba,112,FUN_00049bba,DEFAULT,false,__stdcall,1,0,,14,0,2,0,application,recovered
0x00049c2a,68,FUN_00049c2a,DEFAULT,false,__stdcall,1,0,,5,0,0,0,application,recovered
0x00049c6e,166,FUN_00049c6e,DEFAULT,false,__stdcall,2,10,,5,0,1,0,application,recovered
0x00049d14,2,FUN_00049d14,DEFAULT,false,__stdcall,1,0,,0,0,0,0,application,recovered
0x00049d16,2,FUN_00049d16,DEFAULT,false,__stdcall,1,0,,0,0,0,0,application,recovered
0x00049d18,36,FUN_00049d18,DEFAULT,false,__stdcall,1,0,,3,0,0,0,application,recovered
0x00049d3c,278,FUN_00049d3c,DEFAULT,false,__stdcall,1,0,,8,0,1,0,application,recovered
0x00049e52,310,FUN_00049e52,DEFAULT,false,__stdcall,1,0,,10,0,2,0,application,recovered
0x00049f88,36,FUN_00049f88,DEFAULT,false,__stdcall,1,0,,4,0,0,0,application,recovered
0x00049fac,28,FUN_00049fac,DEFAULT,false,__stdcall,1,0,,6,0,0,0,application,recovered
0x00049fc8,100,FUN_00049fc8,DEFAULT,false,__stdcall,2,6,,4,0,1,0,application,recovered
0x0004a02c,20,FUN_0004a02c,DEFAULT,false,__stdcall,1,1,,2,0,0,0,application,recovered
0x0004a040,20,FUN_0004a040,DEFAULT,false,__stdcall,1,1,,2,0,0,0,application,recovered
0x0004a054,132,FUN_0004a054,DEFAULT,false,__stdcall,2,2,,6,0,3,0,application,recovered
0x0004a126,2,FUN_0004a126,DEFAULT,false,__stdcall,1,0,,0,0,0,0,application,recovered
0x0004a128,2,FUN_0004a128,DEFAULT,false,__stdcall,1,0,,0,0,0,0,application,recovered
0x0004a12a,2,FUN_0004a12a,DEFAULT,false,__stdcall,2,0,,0,0,0,0,application,recovered
0x0004a12c,2,FUN_0004a12c,DEFAULT,false,__stdcall,1,0,,0,0,0,0,application,recovered
0x0004a12e,2,FUN_0004a12e,DEFAULT,false,__stdcall,1,0,,0,0,0,0,application,recovered
0x0004a130,2,FUN_0004a130,DEFAULT,false,__stdcall,2,0,,0,0,0,0,application,recovered
0x0004a132,2,FUN_0004a132,DEFAULT,false,__stdcall,1,0,,0,0,0,0,application,recovered
0x0004a134,20,FUN_0004a134,DEFAULT,false,__stdcall,1,0,,7,0,0,0,application,recovered
0x0004a148,58,FUN_0004a148,DEFAULT,false,__stdcall,1,0,,5,0,1,0,application,recovered
0x0004a182,58,FUN_0004a182,DEFAULT,false,__stdcall,1,0,,5,0,1,0,application,recovered
0x0004a1bc,40,FUN_0004a1bc,DEFAULT,false,__stdcall,2,2,,1,0,1,0,application,recovered
0x0004a1e4,2,FUN_0004a1e4,DEFAULT,false,__stdcall,1,0,,0,0,0,0,application,recovered
0x0004a1e6,2,FUN_0004a1e6,DEFAULT,false,__stdcall,1,0,,0,0,0,0,application,recovered
0x0004a1e8,58,FUN_0004a1e8,DEFAULT,false,__stdcall,2,0,,5,0,0,0,application,recovered
0x0004a222,2,FUN_0004a222,DEFAULT,false,__stdcall,1,0,,0,0,0,0,application,recovered
0x0004a240,2,FUN_0004a240,DEFAULT,false,__stdcall,1,0,,0,0,0,0,application,recovered
0x0004a242,2,FUN_0004a242,DEFAULT,false,__stdcall,1,0,,0,0,0,0,application,recovered
0x0004a244,202,application_unpack_can_2e4,USER_DEFINED,false,__stdcall,2,2,,10,0,0,0,application,annotated
0x0004a30e,2,FUN_0004a30e,DEFAULT,false,__stdcall,1,0,,0,0,0,0,application,recovered
0x0004a310,2,FUN_0004a310,DEFAULT,false,__stdcall,1,0,,0,0,0,0,application,recovered
0x0004a312,68,FUN_0004a312,DEFAULT,false,__stdcall,2,2,,5,0,0,0,application,recovered
0x0004a356,2,FUN_0004a356,DEFAULT,false,__stdcall,1,0,,0,0,0,0,application,recovered
0x0004a358,2,FUN_0004a358,DEFAULT,false,__stdcall,1,0,,0,0,0,0,application,recovered
0x0004a35a,98,FUN_0004a35a,DEFAULT,false,__stdcall,2,2,,6,0,0,0,application,recovered
0x0004a3bc,2,FUN_0004a3bc,DEFAULT,false,__stdcall,1,0,,0,0,0,0,application,recovered
0x0004a3be,2,FUN_0004a3be,DEFAULT,false,__stdcall,1,0,,0,0,0,0,application,recovered
0x0004a3c0,146,FUN_0004a3c0,DEFAULT,false,__stdcall,2,2,,8,0,0,0,application,recovered
0x0004a452,2,FUN_0004a452,DEFAULT,false,__stdcall,1,0,,0,0,0,0,application,recovered
0x0004a454,2,FUN_0004a454,DEFAULT,false,__stdcall,1,0,,0,0,0,0,application,recovered
0x0004a456,68,FUN_0004a456,DEFAULT,false,__stdcall,2,2,,5,0,0,0,application,recovered
0x0004a49a,2,FUN_0004a49a,DEFAULT,false,__stdcall,1,0,,0,0,0,0,application,recovered
0x0004a49c,28,FUN_0004a49c,DEFAULT,false,__stdcall,2,0,,0,0,1,0,application,recovered
0x0004a4b8,2,FUN_0004a4b8,DEFAULT,false,__stdcall,1,0,,0,0,0,0,application,recovered
0x0004a4ba,2,FUN_0004a4ba,DEFAULT,false,__stdcall,1,0,,0,0,0,0,application,recovered
0x0004a4bc,226,FUN_0004a4bc,DEFAULT,false,__stdcall,2,2,,11,0,0,0,application,recovered
0x0004a59e,2,FUN_0004a59e,DEFAULT,false,__stdcall,1,0,,0,0,0,0,application,recovered
0x0004a5a0,2,FUN_0004a5a0,DEFAULT,false,__stdcall,1,0,,0,0,0,0,application,recovered
0x0004a5a2,228,FUN_0004a5a2,DEFAULT,false,__stdcall,2,2,,11,0,0,0,application,recovered
0x0004a686,2,FUN_0004a686,DEFAULT,false,__stdcall,1,0,,0,0,0,0,application,recovered
0x0004a688,2,FUN_0004a688,DEFAULT,false,__stdcall,1,0,,0,0,0,0,application,recovered
0x0004a68a,154,FUN_0004a68a,DEFAULT,false,__stdcall,2,2,,8,0,0,0,application,recovered
0x0004a724,2,FUN_0004a724,DEFAULT,false,__stdcall,1,0,,0,0,0,0,application,recovered
0x0004a726,2,FUN_0004a726,DEFAULT,false,__stdcall,1,0,,0,0,0,0,application,recovered
0x0004a728,94,FUN_0004a728,DEFAULT,false,__stdcall,2,2,,6,0,0,0,application,recovered
0x0004a786,2,FUN_0004a786,DEFAULT,false,__stdcall,1,0,,0,0,0,0,application,recovered
0x0004a788,2,FUN_0004a788,DEFAULT,false,__stdcall,1,0,,0,0,0,0,application,recovered
0x0004a78a,94,FUN_0004a78a,DEFAULT,false,__stdcall,2,2,,6,0,0,0,application,recovered
0x0004a7e8,2,FUN_0004a7e8,DEFAULT,false,__stdcall,1,0,,0,0,0,0,application,recovered
0x0004a7ea,2,FUN_0004a7ea,DEFAULT,false,__stdcall,1,0,,0,0,0,0,application,recovered
0x0004a7ec,122,FUN_0004a7ec,DEFAULT,false,__stdcall,2,2,,7,0,0,0,application,recovered
0x0004a866,2,FUN_0004a866,DEFAULT,false,__stdcall,1,0,,0,0,0,0,application,recovered
0x0004a868,2,FUN_0004a868,DEFAULT,false,__stdcall,1,0,,0,0,0,0,application,recovered
0x0004a86a,98,FUN_0004a86a,DEFAULT,false,__stdcall,2,2,,6,0,0,0,application,recovered
0x0004a8cc,2,FUN_0004a8cc,DEFAULT,false,__stdcall,1,0,,0,0,0,0,application,recovered
0x0004a8ce,2,FUN_0004a8ce,DEFAULT,false,__stdcall,1,0,,0,0,0,0,application,recovered
0x0004a8d0,72,FUN_0004a8d0,DEFAULT,false,__stdcall,2,2,,5,0,0,0,application,recovered
0x0004a918,2,FUN_0004a918,DEFAULT,false,__stdcall,1,0,,0,0,0,0,application,recovered
0x0004a91a,2,FUN_0004a91a,DEFAULT,false,__stdcall,1,0,,0,0,0,0,application,recovered
0x0004a91c,306,FUN_0004a91c,DEFAULT,false,__stdcall,2,2,,14,0,0,0,application,recovered
0x0004aa4e,2,FUN_0004aa4e,DEFAULT,false,__stdcall,1,0,,0,0,0,0,application,recovered
0x0004aa50,2,FUN_0004aa50,DEFAULT,false,__stdcall,1,0,,0,0,0,0,application,recovered
0x0004aa52,146,FUN_0004aa52,DEFAULT,false,__stdcall,2,2,,8,0,0,0,application,recovered
0x0004aae4,2,FUN_0004aae4,DEFAULT,false,__stdcall,1,0,,0,0,0,0,application,recovered
0x0004aae6,2,FUN_0004aae6,DEFAULT,false,__stdcall,1,0,,0,0,0,0,application,recovered
0x0004aae8,256,FUN_0004aae8,DEFAULT,false,__stdcall,2,2,,12,0,0,0,application,recovered
0x0004abe8,2,FUN_0004abe8,DEFAULT,false,__stdcall,1,0,,0,0,0,0,application,recovered
0x0004abea,2,FUN_0004abea,DEFAULT,false,__stdcall,1,0,,0,0,0,0,application,recovered
0x0004abec,98,FUN_0004abec,DEFAULT,false,__stdcall,2,2,,6,0,0,0,application,recovered
0x0004ac4e,2,FUN_0004ac4e,DEFAULT,false,__stdcall,1,0,,0,0,0,0,application,recovered
0x0004ac50,2,FUN_0004ac50,DEFAULT,false,__stdcall,1,0,,0,0,0,0,application,recovered
0x0004ac52,96,FUN_0004ac52,DEFAULT,false,__stdcall,2,2,,6,0,0,0,application,recovered
0x0004acb2,2,FUN_0004acb2,DEFAULT,false,__stdcall,1,0,,0,0,0,0,application,recovered
0x0004acb4,2,FUN_0004acb4,DEFAULT,false,__stdcall,1,0,,0,0,0,0,application,recovered
0x0004acb6,200,FUN_0004acb6,DEFAULT,false,__stdcall,2,2,,10,0,0,0,application,recovered
0x0004ad7e,2,FUN_0004ad7e,DEFAULT,false,__stdcall,1,0,,0,0,0,0,application,recovered
0x0004ad80,2,FUN_0004ad80,DEFAULT,false,__stdcall,1,0,,0,0,0,0,application,recovered
0x0004ad82,232,FUN_0004ad82,DEFAULT,false,__stdcall,2,2,,11,0,0,0,application,recovered
0x0004ae6a,2,FUN_0004ae6a,DEFAULT,false,__stdcall,1,0,,0,0,0,0,application,recovered
0x0004ae6c,2,FUN_0004ae6c,DEFAULT,false,__stdcall,1,0,,0,0,0,0,application,recovered
0x0004ae6e,70,FUN_0004ae6e,DEFAULT,false,__stdcall,2,2,,5,0,0,0,application,recovered
0x0004aeb4,2,FUN_0004aeb4,DEFAULT,false,__stdcall,1,0,,0,0,0,0,application,recovered
0x0004aeb6,2,FUN_0004aeb6,DEFAULT,false,__stdcall,1,0,,0,0,0,0,application,recovered
0x0004aeb8,328,FUN_0004aeb8,DEFAULT,false,__stdcall,2,3,,16,0,0,0,application,recovered
0x0004b000,2,FUN_0004b000,DEFAULT,false,__stdcall,1,0,,0,0,0,0,application,recovered
0x0004b002,2,FUN_0004b002,DEFAULT,false,__stdcall,1,0,,0,0,0,0,application,recovered
0x0004b004,148,FUN_0004b004,DEFAULT,false,__stdcall,2,2,,8,0,0,0,application,recovered
0x0004b098,2,FUN_0004b098,DEFAULT,false,__stdcall,1,0,,0,0,0,0,application,recovered
0x0004b09a,2,FUN_0004b09a,DEFAULT,false,__stdcall,1,0,,0,0,0,0,application,recovered
0x0004b09c,130,FUN_0004b09c,DEFAULT,false,__stdcall,2,2,,7,0,0,0,application,recovered
0x0004b11e,2,FUN_0004b11e,DEFAULT,false,__stdcall,1,0,,0,0,0,0,application,recovered
0x0004b120,2,FUN_0004b120,DEFAULT,false,__stdcall,1,0,,0,0,0,0,application,recovered
0x0004b122,278,FUN_0004b122,DEFAULT,false,__stdcall,2,2,,13,0,0,0,application,recovered
0x0004b238,2,FUN_0004b238,DEFAULT,false,__stdcall,1,0,,0,0,0,0,application,recovered
0x0004b23a,2,FUN_0004b23a,DEFAULT,false,__stdcall,1,0,,0,0,0,0,application,recovered
0x0004b23c,362,FUN_0004b23c,DEFAULT,false,__stdcall,2,3,,17,0,0,0,application,recovered
0x0004b3a6,2,FUN_0004b3a6,DEFAULT,false,__stdcall,1,0,,0,0,0,0,application,recovered
0x0004b3a8,2,FUN_0004b3a8,DEFAULT,false,__stdcall,1,0,,0,0,0,0,application,recovered
0x0004b3aa,194,FUN_0004b3aa,DEFAULT,false,__stdcall,2,2,,9,0,0,0,application,recovered
0x0004b46c,2,FUN_0004b46c,DEFAULT,false,__stdcall,1,0,,0,0,0,0,application,recovered
0x0004b46e,2,FUN_0004b46e,DEFAULT,false,__stdcall,1,0,,0,0,0,0,application,recovered
0x0004b470,98,FUN_0004b470,DEFAULT,false,__stdcall,2,2,,6,0,0,0,application,recovered
0x0004b4d2,2,FUN_0004b4d2,DEFAULT,false,__stdcall,1,0,,0,0,0,0,application,recovered
0x0004b4d4,2,FUN_0004b4d4,DEFAULT,false,__stdcall,1,0,,0,0,0,0,application,recovered
0x0004b4d6,98,FUN_0004b4d6,DEFAULT,false,__stdcall,2,2,,6,0,0,0,application,recovered
0x0004b538,2,FUN_0004b538,DEFAULT,false,__stdcall,1,0,,0,0,0,0,application,recovered
0x0004b53a,2,FUN_0004b53a,DEFAULT,false,__stdcall,1,0,,0,0,0,0,application,recovered
0x0004b53c,122,FUN_0004b53c,DEFAULT,false,__stdcall,2,2,,7,0,0,0,application,recovered
0x0004b5b6,2,FUN_0004b5b6,DEFAULT,false,__stdcall,1,0,,0,0,0,0,application,recovered
0x0004b5b8,2,FUN_0004b5b8,DEFAULT,false,__stdcall,1,0,,0,0,0,0,application,recovered
0x0004b5ba,96,FUN_0004b5ba,DEFAULT,false,__stdcall,2,2,,6,0,0,0,application,recovered
0x0004b61a,2,FUN_0004b61a,DEFAULT,false,__stdcall,1,0,,0,0,0,0,application,recovered
0x0004b61c,2,FUN_0004b61c,DEFAULT,false,__stdcall,1,0,,0,0,0,0,application,recovered
0x0004b61e,70,FUN_0004b61e,DEFAULT,false,__stdcall,2,2,,5,0,0,0,application,recovered
0x0004b664,2,FUN_0004b664,DEFAULT,false,__stdcall,1,0,,0,0,0,0,application,recovered
0x0004b666,6,FUN_0004b666,DEFAULT,false,__stdcall,1,0,,1,0,0,0,application,recovered
0x0004b66c,232,FUN_0004b66c,DEFAULT,false,__stdcall,1,0,,18,0,1,0,application,recovered
0x0004b754,90,FUN_0004b754,DEFAULT,false,__stdcall,1,0,,9,0,1,0,application,recovered
0x0004b7ae,12,FUN_0004b7ae,DEFAULT,false,__stdcall,1,0,,3,0,0,0,application,recovered
0x0004b7ba,114,FUN_0004b7ba,DEFAULT,false,__stdcall,1,2,,13,0,0,0,application,recovered
0x0004b82c,86,FUN_0004b82c,DEFAULT,false,__stdcall,1,0,,6,0,1,0,application,recovered
0x0004b882,34,FUN_0004b882,DEFAULT,false,__stdcall,1,0,,4,0,0,0,application,recovered
0x0004b8a4,18,FUN_0004b8a4,DEFAULT,false,__stdcall,1,2,,0,0,0,0,application,recovered
0x0004b8b6,74,FUN_0004b8b6,DEFAULT,false,__stdcall,1,0,,12,0,0,0,application,recovered
0x0004b900,10,FUN_0004b900,DEFAULT,false,__stdcall,1,0,,2,0,0,0,application,recovered
0x0004b90a,22,FUN_0004b90a,DEFAULT,false,__stdcall,1,0,,8,0,0,0,application,recovered
0x0004b920,12,FUN_0004b920,DEFAULT,false,__stdcall,1,0,,2,0,0,0,application,recovered
0x0004b92c,16,FUN_0004b92c,DEFAULT,false,__stdcall,2,0,,1,0,0,0,application,recovered
0x0004b93c,46,FUN_0004b93c,DEFAULT,false,__stdcall,1,1,,10,0,0,0,application,recovered
0x0004b96a,12,FUN_0004b96a,DEFAULT,false,__stdcall,1,0,,2,0,0,0,application,recovered
0x0004b976,86,FUN_0004b976,DEFAULT,false,__stdcall,1,1,,22,0,0,0,application,recovered
0x0004b9cc,10,FUN_0004b9cc,DEFAULT,false,__stdcall,1,0,,2,0,0,0,application,recovered
0x0004b9d6,16,FUN_0004b9d6,DEFAULT,false,__stdcall,1,0,,5,0,0,0,application,recovered
0x0004b9e6,14,FUN_0004b9e6,DEFAULT,false,__stdcall,1,0,,4,0,0,0,application,recovered
0x0004b9f4,14,FUN_0004b9f4,DEFAULT,false,__stdcall,1,0,,4,0,0,0,application,recovered
0x0004ba02,38,FUN_0004ba02,DEFAULT,false,__stdcall,1,0,,16,0,0,0,application,recovered
0x0004ba28,16,FUN_0004ba28,DEFAULT,false,__stdcall,1,0,,5,0,0,0,application,recovered
0x0004ba38,10,FUN_0004ba38,DEFAULT,false,__stdcall,1,0,,2,0,0,0,application,recovered
0x0004ba42,24,FUN_0004ba42,DEFAULT,false,__stdcall,1,0,,9,0,0,0,application,recovered
0x0004ba5a,50,FUN_0004ba5a,DEFAULT,false,__stdcall,1,2,,14,0,0,0,application,recovered
0x0004ba8c,84,FUN_0004ba8c,DEFAULT,false,__stdcall,2,19,,0,0,0,0,application,recovered
0x0004bae4,6,FUN_0004bae4,DEFAULT,false,__stdcall,1,0,,1,0,0,0,application,recovered
0x0004baea,2,FUN_0004baea,DEFAULT,false,__stdcall,1,0,,0,0,0,0,application,recovered
0x0004baec,14,FUN_0004baec,DEFAULT,false,__stdcall,1,0,,1,0,1,0,application,recovered
0x0004bafa,6,FUN_0004bafa,DEFAULT,false,__stdcall,1,0,,1,0,0,0,application,recovered
0x0004bb00,10,FUN_0004bb00,DEFAULT,false,__stdcall,1,0,,2,0,0,0,application,recovered
0x0004bb0a,16,FUN_0004bb0a,DEFAULT,false,__stdcall,2,2,,0,0,0,0,application,recovered
0x0004bb1a,2,FUN_0004bb1a,DEFAULT,false,__stdcall,1,0,,0,0,0,0,application,recovered
0x0004bb1c,2,FUN_0004bb1c,DEFAULT,false,__stdcall,1,0,,0,0,0,0,application,recovered
0x0004bb1e,306,application_pack_can_4a3,USER_DEFINED,false,__stdcall,2,5,,17,0,0,0,application,annotated
0x0004bc50,2,FUN_0004bc50,DEFAULT,false,__stdcall,1,0,,0,0,0,0,application,recovered
0x0004bc52,2,FUN_0004bc52,DEFAULT,false,__stdcall,1,0,,0,0,0,0,application,recovered
0x0004bc54,150,application_pack_can_4c8,USER_DEFINED,false,__stdcall,2,5,,4,0,0,0,application,annotated
0x0004bcea,2,FUN_0004bcea,DEFAULT,false,__stdcall,1,0,,0,0,0,0,application,recovered
0x0004bcec,2,FUN_0004bcec,DEFAULT,false,__stdcall,1,0,,0,0,0,0,application,recovered
0x0004bcee,306,application_pack_can_260,USER_DEFINED,false,__stdcall,2,5,,19,0,0,0,application,annotated
0x0004be20,2,FUN_0004be20,DEFAULT,false,__stdcall,1,0,,0,0,0,0,application,recovered
0x0004be22,2,FUN_0004be22,DEFAULT,false,__stdcall,1,0,,0,0,0,0,application,recovered
0x0004be24,816,application_pack_can_262,USER_DEFINED,false,__stdcall,2,5,,53,0,0,0,application,annotated
0x0004c154,2,FUN_0004c154,DEFAULT,false,__stdcall,1,0,,0,0,0,0,application,recovered
0x0004c156,2,FUN_0004c156,DEFAULT,false,__stdcall,1,0,,0,0,0,0,application,recovered
0x0004c158,256,application_pack_can_394,USER_DEFINED,false,__stdcall,2,5,,13,0,0,0,application,annotated
0x0004c258,2,FUN_0004c258,DEFAULT,false,__stdcall,1,0,,0,0,0,0,application,recovered
0x0004c25a,2,FUN_0004c25a,DEFAULT,false,__stdcall,1,0,,0,0,0,0,application,recovered
0x0004c25c,136,application_pack_can_351,USER_DEFINED,false,__stdcall,2,5,,5,0,0,0,application,annotated
0x0004c2e4,12,FUN_0004c2e4,DEFAULT,false,__stdcall,1,1,,0,0,0,0,application,recovered
0x0004c2f0,2,FUN_0004c2f0,DEFAULT,false,__stdcall,1,0,,0,0,0,0,application,recovered
0x0004c2f2,6,FUN_0004c2f2,DEFAULT,false,__stdcall,1,0,,0,0,0,0,application,recovered
0x0004c2f8,60,FUN_0004c2f8,DEFAULT,false,__stdcall,1,0,,20,0,0,0,application,recovered
0x0004c334,150,FUN_0004c334,DEFAULT,false,__stdcall,1,8,,6,0,0,0,application,recovered
0x0004c3ca,86,FUN_0004c3ca,DEFAULT,false,__stdcall,1,3,,2,0,0,0,application,recovered
0x0004c420,16,FUN_0004c420,DEFAULT,false,__stdcall,2,2,,0,0,0,0,application,recovered
0x0004c430,68,FUN_0004c430,DEFAULT,false,__stdcall,4,2,,1,0,0,0,application,recovered
0x0004c474,48,FUN_0004c474,DEFAULT,false,__stdcall,1,1,,2,0,0,0,application,recovered
0x0004c4d0,54,FUN_0004c4d0,DEFAULT,false,__stdcall,1,0,,0,0,0,0,application,recovered
0x0004c506,42,FUN_0004c506,DEFAULT,false,__stdcall,1,0,,4,0,0,0,application,recovered
0x0004c694,102,FUN_0004c694,DEFAULT,false,__stdcall,0,0,,0,0,2,0,application,recovered
0x0004c6fa,80,FUN_0004c6fa,DEFAULT,false,__stdcall,1,1,,1,0,0,0,application,recovered
0x0004c81a,42,FUN_0004c81a,DEFAULT,false,__stdcall,1,1,,1,0,0,0,application,recovered
0x0004c844,6,FUN_0004c844,DEFAULT,false,__stdcall,2,0,,1,0,0,0,application,recovered
0x0004c84c,6,FUN_0004c84c,DEFAULT,false,__stdcall,1,0,,1,0,0,0,application,recovered
0x0004c852,40,FUN_0004c852,DEFAULT,false,__stdcall,2,0,,4,0,1,0,application,recovered
0x0004c87a,46,FUN_0004c87a,DEFAULT,false,__stdcall,2,1,,0,0,0,0,application,recovered
0x0004c8a8,64,FUN_0004c8a8,DEFAULT,false,__stdcall,1,3,,2,0,2,0,application,recovered
0x0004c8e8,34,FUN_0004c8e8,DEFAULT,false,__stdcall,1,2,,1,0,2,0,application,recovered
0x0004c90a,56,FUN_0004c90a,DEFAULT,false,__stdcall,1,3,,2,0,0,0,application,recovered
0x0004c942,30,application_session_transition_policy,USER_DEFINED,false,__stdcall,1,0,,1,0,1,0,application,annotated
0x0004c960,38,application_programming_handoff_prerequisites,USER_DEFINED,false,__stdcall,1,0,,3,0,1,0,application,annotated
0x0004c986,6,application_programming_reset_marker_clear,USER_DEFINED,false,__stdcall,1,0,,1,0,0,0,application,annotated
0x0004c98c,58,application_programming_reset_request,USER_DEFINED,false,__stdcall,1,5,,2,0,0,0,application,annotated
0x0004c9c6,68,FUN_0004c9c6,DEFAULT,false,__stdcall,1,1,,1,0,0,0,application,recovered
0x0004ca0a,12,FUN_0004ca0a,DEFAULT,false,__stdcall,1,0,,0,0,0,0,application,recovered
0x0004ca18,12,FUN_0004ca18,DEFAULT,false,__stdcall,2,0,,0,0,0,0,application,recovered
0x0004ca24,18,FUN_0004ca24,DEFAULT,false,__stdcall,2,0,,3,0,0,0,application,recovered
0x0004ca5c,88,FUN_0004ca5c,DEFAULT,false,__stdcall,2,1,,3,0,0,0,application,recovered
0x0004cab4,110,FUN_0004cab4,DEFAULT,false,__stdcall,1,1,,2,0,0,0,application,recovered
0x0004cb22,42,FUN_0004cb22,DEFAULT,false,__stdcall,1,1,,0,0,0,0,application,recovered
0x0004cb4c,62,FUN_0004cb4c,DEFAULT,false,__stdcall,1,1,,0,0,0,0,application,recovered
0x0004cb8a,52,FUN_0004cb8a,DEFAULT,false,__stdcall,1,1,,1,0,0,0,application,recovered
0x0004cbbe,62,FUN_0004cbbe,DEFAULT,false,__stdcall,1,1,,0,0,0,0,application,recovered
0x0004e8e4,38,application_read_f181,USER_DEFINED,false,__stdcall,0,0,,0,0,2,1,application,annotated
0x0004e90a,14,application_read_f186,USER_DEFINED,false,__stdcall,0,1,,0,0,0,0,application,annotated
0x0004e918,118,application_read_f18c,USER_DEFINED,false,__stdcall,0,1,,0,0,2,0,application,annotated
0x0004ea76,2,FUN_0004ea76,DEFAULT,false,__stdcall,1,0,,0,0,0,0,application,recovered
0x0004ea78,66,application_ram_range_allowed,USER_DEFINED,false,__stdcall,0,0,,0,0,4,0,application,annotated
0x0004eaba,28,FUN_0004eaba,DEFAULT,false,__stdcall,1,0,,0,0,0,0,application,recovered
0x0004ead6,2,FUN_0004ead6,DEFAULT,false,__stdcall,1,0,,0,0,0,0,application,recovered
0x0004ead8,68,application_dataflash_range_allowed,USER_DEFINED,false,__stdcall,0,0,,0,0,4,0,application,annotated
0x0004eb1c,118,FUN_0004eb1c,DEFAULT,false,__stdcall,1,4,,0,0,0,0,application,recovered
0x0004eb92,20,FUN_0004eb92,DEFAULT,false,__stdcall,1,0,,1,0,1,0,application,recovered
0x0004eba6,22,FUN_0004eba6,DEFAULT,false,__stdcall,1,0,,1,0,0,0,application,recovered
0x0004ebbc,58,FUN_0004ebbc,DEFAULT,false,__stdcall,1,2,,1,0,0,0,application,recovered
0x0004ebf6,32,FUN_0004ebf6,DEFAULT,false,__stdcall,1,1,,1,0,0,0,application,recovered
0x0004ec16,20,FUN_0004ec16,DEFAULT,false,__stdcall,1,0,,1,0,1,0,application,recovered
0x0004ec5a,14,FUN_0004ec5a,DEFAULT,false,__stdcall,1,1,,0,0,0,0,application,recovered
0x0004f054,12,FUN_0004f054,DEFAULT,false,__stdcall,1,0,,1,0,0,0,application,recovered
0x0004f822,66,FUN_0004f822,DEFAULT,false,__stdcall,1,0,,2,0,0,0,application,recovered
0x0004f864,52,FUN_0004f864,DEFAULT,false,__stdcall,1,0,,1,0,0,0,application,recovered
0x0004f898,4,FUN_0004f898,DEFAULT,false,__stdcall,1,0,,0,0,0,0,application,recovered
0x0004f89c,18,FUN_0004f89c,DEFAULT,false,__stdcall,1,0,,1,0,0,0,application,recovered
0x0004f8ae,12,FUN_0004f8ae,DEFAULT,false,__stdcall,1,0,,3,0,0,0,application,recovered
0x0004f8ba,110,FUN_0004f8ba,DEFAULT,false,__stdcall,1,3,,3,0,0,0,application,recovered
0x0004f928,16,application_did_table_getter,USER_DEFINED,false,__stdcall,4,0,,0,0,1,0,application,annotated
0x0004f938,2,FUN_0004f938,DEFAULT,false,__stdcall,1,0,,0,0,0,0,application,recovered
0x0004f93a,2,FUN_0004f93a,DEFAULT,false,__stdcall,1,0,,0,0,0,0,application,recovered
0x0004f93c,94,FUN_0004f93c,DEFAULT,false,__stdcall,2,2,,5,0,0,0,application,recovered
0x0004f99a,2,FUN_0004f99a,DEFAULT,false,__stdcall,1,0,,0,0,0,0,application,recovered
0x0004f99c,2,FUN_0004f99c,DEFAULT,false,__stdcall,1,0,,0,0,0,0,application,recovered
0x0004f99e,18,FUN_0004f99e,DEFAULT,false,__stdcall,2,0,,4,0,0,0,application,recovered
0x0004f9b0,2,FUN_0004f9b0,DEFAULT,false,__stdcall,1,0,,0,0,0,0,application,recovered
0x0004f9b2,2,FUN_0004f9b2,DEFAULT,false,__stdcall,1,0,,0,0,0,0,application,recovered
0x0004f9b4,50,FUN_0004f9b4,DEFAULT,false,__stdcall,2,0,,12,0,0,0,application,recovered
0x0004f9e6,2,FUN_0004f9e6,DEFAULT,false,__stdcall,1,0,,0,0,0,0,application,recovered
0x0004f9e8,2,FUN_0004f9e8,DEFAULT,false,__stdcall,1,0,,0,0,0,0,application,recovered
0x0004f9ea,72,FUN_0004f9ea,DEFAULT,false,__stdcall,1,0,,10,0,0,0,application,recovered
0x0004fa32,72,FUN_0004fa32,DEFAULT,false,__stdcall,1,0,,10,0,0,0,application,recovered
0x0004fa7a,26,FUN_0004fa7a,DEFAULT,false,__stdcall,2,2,,1,0,0,0,application,recovered
0x0004fa94,2,FUN_0004fa94,DEFAULT,false,__stdcall,1,0,,0,0,0,0,application,recovered
0x0004fa96,2,FUN_0004fa96,DEFAULT,false,__stdcall,1,0,,0,0,0,0,application,recovered
0x0004fa98,34,FUN_0004fa98,DEFAULT,false,__stdcall,2,0,,12,0,0,0,application,recovered
0x0004faba,2,FUN_0004faba,DEFAULT,false,__stdcall,1,0,,0,0,0,0,application,recovered
0x0004fabc,2,FUN_0004fabc,DEFAULT,false,__stdcall,1,0,,0,0,0,0,application,recovered
0x0004fabe,64,FUN_0004fabe,DEFAULT,false,__stdcall,2,0,,22,0,0,0,application,recovered
0x0004fafe,2,FUN_0004fafe,DEFAULT,false,__stdcall,1,0,,0,0,0,0,application,recovered
0x0004fb00,2,FUN_0004fb00,DEFAULT,false,__stdcall,1,0,,0,0,0,0,application,recovered
0x0004fb02,78,FUN_0004fb02,DEFAULT,false,__stdcall,2,0,,24,0,0,0,application,recovered
0x0004fb50,2,FUN_0004fb50,DEFAULT,false,__stdcall,1,0,,0,0,0,0,application,recovered
0x0004fb52,2,FUN_0004fb52,DEFAULT,false,__stdcall,1,0,,0,0,0,0,application,recovered
0x0004fb54,122,FUN_0004fb54,DEFAULT,false,__stdcall,2,0,,36,0,0,0,application,recovered
0x0004fbce,2,FUN_0004fbce,DEFAULT,false,__stdcall,1,0,,0,0,0,0,application,recovered
0x0004fbd0,22,FUN_0004fbd0,DEFAULT,false,__stdcall,1,0,,2,0,0,0,application,recovered
0x0004fbe6,10,FUN_0004fbe6,DEFAULT,false,__stdcall,1,0,,1,0,0,0,application,recovered
0x0004fbf0,42,FUN_0004fbf0,DEFAULT,false,__stdcall,2,1,,3,0,0,0,application,recovered
0x0004fc1a,20,FUN_0004fc1a,DEFAULT,false,__stdcall,3,0,,1,0,0,0,application,recovered
0x0004fc2e,2,FUN_0004fc2e,DEFAULT,false,__stdcall,1,0,,0,0,0,0,application,recovered
0x0004fc30,2,FUN_0004fc30,DEFAULT,false,__stdcall,1,0,,0,0,0,0,application,recovered
0x0004fc32,786,FUN_0004fc32,DEFAULT,false,__stdcall,2,1,,33,0,0,0,application,recovered
0x0004ff44,2,FUN_0004ff44,DEFAULT,false,__stdcall,1,0,,0,0,0,0,application,recovered
0x0004ff46,26,FUN_0004ff46,DEFAULT,false,__stdcall,1,0,,3,0,3,0,application,recovered
0x0004ff60,238,FUN_0004ff60,DEFAULT,false,__stdcall,3,2,,15,0,1,0,application,recovered
0x0005004e,42,FUN_0005004e,DEFAULT,false,__stdcall,1,1,,2,0,0,0,application,recovered
0x00050078,42,FUN_00050078,DEFAULT,false,__stdcall,1,0,,3,0,0,0,application,recovered
0x000500a2,98,FUN_000500a2,DEFAULT,false,__stdcall,1,2,,1,0,2,0,application,recovered
0x00050104,74,FUN_00050104,DEFAULT,false,__stdcall,1,2,,3,0,2,0,application,recovered
0x0005014e,82,FUN_0005014e,DEFAULT,false,__stdcall,1,2,,7,0,2,0,application,recovered
0x000501a0,74,FUN_000501a0,DEFAULT,false,__stdcall,1,0,,7,0,0,0,application,recovered
0x000501ea,126,FUN_000501ea,DEFAULT,false,__stdcall,1,0,,8,0,0,0,application,recovered
0x00050268,472,FUN_00050268,DEFAULT,false,__stdcall,2,5,,28,0,67,0,application,recovered
0x00050440,214,FUN_00050440,DEFAULT,false,__stdcall,1,2,,9,0,1,0,application,recovered
0x00050516,56,FUN_00050516,DEFAULT,false,__stdcall,2,0,,15,0,3,0,application,recovered
0x0005054e,10,FUN_0005054e,DEFAULT,false,__stdcall,1,0,,1,0,0,0,application,recovered
0x00050558,18,FUN_00050558,DEFAULT,false,__stdcall,2,0,,4,0,0,0,application,recovered
0x0005056a,42,FUN_0005056a,DEFAULT,false,__stdcall,1,4,,2,0,1,0,application,recovered
0x00050594,2,FUN_00050594,DEFAULT,false,__stdcall,1,0,,0,0,0,0,application,recovered
0x00050596,32,FUN_00050596,DEFAULT,false,__stdcall,1,0,,6,0,0,0,application,recovered
0x000505b6,66,FUN_000505b6,DEFAULT,false,__stdcall,1,0,,3,0,0,0,application,recovered
0x000505f8,50,FUN_000505f8,DEFAULT,false,__stdcall,3,1,,0,0,2,0,application,recovered
0x0005062a,54,FUN_0005062a,DEFAULT,false,__stdcall,3,2,,0,0,1,0,application,recovered
0x00050660,56,FUN_00050660,DEFAULT,false,__stdcall,2,5,,1,0,0,0,application,recovered
0x00050698,116,FUN_00050698,DEFAULT,false,__stdcall,2,1,,3,0,0,0,application,recovered
0x0005070c,84,FUN_0005070c,DEFAULT,false,__stdcall,1,12,,1,0,0,0,application,recovered
0x00050760,138,FUN_00050760,DEFAULT,false,__stdcall,1,1,,3,0,0,0,application,recovered
0x000507ea,110,FUN_000507ea,DEFAULT,false,__stdcall,2,1,,4,0,0,0,application,recovered
0x00050858,12,FUN_00050858,DEFAULT,false,__stdcall,1,1,,0,0,0,0,application,recovered
0x00050864,130,FUN_00050864,DEFAULT,false,__stdcall,1,1,,3,0,0,0,application,recovered
0x000508e6,60,FUN_000508e6,DEFAULT,false,__stdcall,1,12,,0,0,0,0,application,recovered
0x00050922,116,FUN_00050922,DEFAULT,false,__stdcall,2,1,,3,0,0,0,application,recovered
0x00050996,134,FUN_00050996,DEFAULT,false,__stdcall,1,6,,3,0,0,0,application,recovered
0x00050a1c,204,FUN_00050a1c,DEFAULT,false,__stdcall,1,3,,5,0,0,0,application,recovered
0x00050ae8,58,FUN_00050ae8,DEFAULT,false,__stdcall,1,2,,2,0,2,0,application,recovered
0x00050b22,24,FUN_00050b22,DEFAULT,false,__stdcall,2,2,,1,0,0,0,application,recovered
0x00050b3a,50,FUN_00050b3a,DEFAULT,false,__stdcall,1,1,,0,0,1,0,application,recovered
0x00050b6c,102,FUN_00050b6c,DEFAULT,false,__stdcall,1,2,,0,0,2,0,application,recovered
0x00050bea,144,FUN_00050bea,DEFAULT,false,__stdcall,26,7,,3,0,3,0,application,recovered
0x00050c7a,66,FUN_00050c7a,DEFAULT,false,__stdcall,6,2,,2,0,0,0,application,recovered
0x00050cbc,38,FUN_00050cbc,DEFAULT,false,__stdcall,3,2,,1,0,0,0,application,recovered
0x00050ce2,84,FUN_00050ce2,DEFAULT,false,__stdcall,9,3,,1,0,1,0,application,recovered
0x00050db0,24,FUN_00050db0,DEFAULT,false,__stdcall,17,1,,0,0,0,0,application,recovered
0x00050dc8,2,FUN_00050dc8,DEFAULT,false,__stdcall,1,0,,0,0,0,0,application,recovered
0x00050dca,68,FUN_00050dca,DEFAULT,false,__stdcall,2,0,,1,0,4,0,application,recovered
0x00050e0e,328,FUN_00050e0e,DEFAULT,false,__stdcall,1,2,,16,0,4,0,application,recovered
0x00050f56,310,FUN_00050f56,DEFAULT,false,__stdcall,1,0,,9,0,7,0,application,recovered
0x0005108c,126,FUN_0005108c,DEFAULT,false,__stdcall,1,1,,3,0,0,0,application,recovered
0x0005110a,108,checkpoint_monitor_aggregate_persist,USER_DEFINED,false,__stdcall,1,3,,10,0,1,0,application,annotated
0x00051176,48,FUN_00051176,DEFAULT,false,__stdcall,1,3,,2,0,1,0,application,recovered
0x000511a6,116,FUN_000511a6,DEFAULT,false,__stdcall,1,4,,4,0,1,0,application,recovered
0x0005121a,78,FUN_0005121a,DEFAULT,false,__stdcall,2,3,,5,0,0,0,application,recovered
0x00051268,254,FUN_00051268,DEFAULT,false,__stdcall,1,2,,13,0,5,0,application,recovered
0x00051366,220,FUN_00051366,DEFAULT,false,__stdcall,1,2,,7,0,3,0,application,recovered
0x00051442,156,FUN_00051442,DEFAULT,false,__stdcall,2,2,,7,0,1,0,application,recovered
0x000514de,70,FUN_000514de,DEFAULT,false,__stdcall,1,1,,10,0,0,0,application,recovered
0x00051524,64,FUN_00051524,DEFAULT,false,__stdcall,2,0,,10,0,0,0,application,recovered
0x00051564,58,FUN_00051564,DEFAULT,false,__stdcall,1,0,,3,0,0,0,application,recovered
0x0005159e,178,FUN_0005159e,DEFAULT,false,__stdcall,1,0,,4,0,5,0,application,recovered
0x00051708,82,FUN_00051708,DEFAULT,false,__stdcall,5,0,,3,0,0,0,application,recovered
0x0005175a,90,FUN_0005175a,DEFAULT,false,__stdcall,1,1,,1,0,1,0,application,recovered
0x000517b4,140,FUN_000517b4,DEFAULT,false,__stdcall,1,0,,2,0,3,0,application,recovered
0x00051840,102,FUN_00051840,DEFAULT,false,__stdcall,1,1,,3,0,1,0,application,recovered
0x000518a6,80,FUN_000518a6,DEFAULT,false,__stdcall,1,1,,0,0,3,0,application,recovered
0x00051994,26,FUN_00051994,DEFAULT,false,__stdcall,1,2,,1,0,1,0,application,recovered
0x000519ae,76,FUN_000519ae,DEFAULT,false,__stdcall,1,2,,1,0,1,0,application,recovered
0x000519fa,20,FUN_000519fa,DEFAULT,false,__stdcall,2,0,,0,0,0,0,application,recovered
0x00051a0e,28,FUN_00051a0e,DEFAULT,false,__stdcall,5,0,,0,0,0,0,application,recovered
0x00051a2a,46,FUN_00051a2a,DEFAULT,false,__stdcall,1,2,,4,0,1,0,application,recovered
0x00051a58,104,FUN_00051a58,DEFAULT,false,__stdcall,1,1,,9,0,0,0,application,recovered
0x00051ac0,176,FUN_00051ac0,DEFAULT,false,__stdcall,1,1,,4,0,0,0,application,recovered
0x00051b70,180,checkpoint_monitor_state_bank_persist,USER_DEFINED,false,__stdcall,1,3,,10,0,1,0,application,annotated
0x00051c24,260,FUN_00051c24,DEFAULT,false,__stdcall,1,1,,69,0,0,0,application,recovered
0x00051d28,64,FUN_00051d28,DEFAULT,false,__stdcall,1,2,,2,0,2,0,application,recovered
0x00051d68,24,FUN_00051d68,DEFAULT,false,__stdcall,2,4,,0,0,0,0,application,recovered
0x00051d80,28,FUN_00051d80,DEFAULT,false,__stdcall,1,0,,0,0,0,0,application,recovered
0x00051d9c,282,FUN_00051d9c,DEFAULT,false,__stdcall,1,8,,14,0,3,0,application,recovered
0x00051eb6,154,FUN_00051eb6,DEFAULT,false,__stdcall,1,1,,15,0,1,0,application,recovered
0x00051f50,198,FUN_00051f50,DEFAULT,false,__stdcall,1,1,,18,0,1,0,application,recovered
0x00052016,106,FUN_00052016,DEFAULT,false,__stdcall,1,1,,13,0,1,0,application,recovered
0x00052080,18,FUN_00052080,DEFAULT,false,__stdcall,11,0,,1,0,0,0,application,recovered
0x00052092,90,FUN_00052092,DEFAULT,false,__stdcall,1,0,,3,0,2,0,application,recovered
0x000520ec,40,FUN_000520ec,DEFAULT,false,__stdcall,1,0,,1,0,0,0,application,recovered
0x00052114,80,FUN_00052114,DEFAULT,false,__stdcall,2,1,,0,0,0,0,application,recovered
0x00052164,184,FUN_00052164,DEFAULT,false,__stdcall,1,3,,0,0,0,0,application,recovered
0x0005221c,126,FUN_0005221c,DEFAULT,false,__stdcall,1,2,,2,0,2,0,application,recovered
0x000524b6,38,FUN_000524b6,DEFAULT,false,__stdcall,0,0,,0,0,0,0,application,recovered
0x0005258c,38,FUN_0005258c,DEFAULT,false,__stdcall,0,0,,0,0,0,0,application,recovered
0x0005260a,38,FUN_0005260a,DEFAULT,false,__stdcall,0,0,,0,0,0,0,application,recovered
0x000529b0,34,FUN_000529b0,DEFAULT,false,__stdcall,0,0,,0,0,0,0,application,recovered
0x00052aa0,38,FUN_00052aa0,DEFAULT,false,__stdcall,0,0,,0,0,0,0,application,recovered
0x00052d36,2,FUN_00052d36,DEFAULT,false,__stdcall,1,0,,0,0,0,0,application,recovered
0x00052d38,2,FUN_00052d38,DEFAULT,false,__stdcall,1,0,,0,0,0,0,application,recovered
0x00052d3a,2,FUN_00052d3a,DEFAULT,false,__stdcall,2,0,,0,0,0,0,application,recovered
0x00052d3c,576,FUN_00052d3c,DEFAULT,false,__stdcall,1,1,,55,0,0,0,application,recovered
0x00052f7c,2,FUN_00052f7c,DEFAULT,false,__stdcall,1,0,,0,0,0,0,application,recovered
0x00052f7e,2,FUN_00052f7e,DEFAULT,false,__stdcall,1,0,,0,0,0,0,application,recovered
0x00052f80,2,FUN_00052f80,DEFAULT,false,__stdcall,2,0,,0,0,0,0,application,recovered
0x00052f82,576,FUN_00052f82,DEFAULT,false,__stdcall,1,1,,55,0,0,0,application,recovered
0x000531c2,2,FUN_000531c2,DEFAULT,false,__stdcall,1,0,,0,0,0,0,application,recovered
0x000531c4,2,FUN_000531c4,DEFAULT,false,__stdcall,1,0,,0,0,0,0,application,recovered
0x000531c6,2,FUN_000531c6,DEFAULT,false,__stdcall,2,0,,0,0,0,0,application,recovered
0x000531c8,578,FUN_000531c8,DEFAULT,false,__stdcall,1,1,,55,0,0,0,application,recovered
0x0005340a,2,FUN_0005340a,DEFAULT,false,__stdcall,1,0,,0,0,0,0,application,recovered
0x0005340c,134,FUN_0005340c,DEFAULT,false,__stdcall,1,1,,4,0,2,0,application,recovered
0x00053492,88,checkpoint_event_counter_groups_persist,USER_DEFINED,false,__stdcall,1,3,,4,0,1,0,application,annotated
0x000534ea,120,FUN_000534ea,DEFAULT,false,__stdcall,2,4,,4,0,1,0,application,recovered
0x00053562,84,FUN_00053562,DEFAULT,false,__stdcall,5,2,,3,0,1,0,application,recovered
0x000535b6,48,FUN_000535b6,DEFAULT,false,__stdcall,1,2,,2,0,1,0,application,recovered
0x00053626,80,FUN_00053626,DEFAULT,false,__stdcall,2,2,,6,0,1,0,application,recovered
0x00053676,26,FUN_00053676,DEFAULT,false,__stdcall,1,0,,1,0,0,0,application,recovered
0x00053690,24,FUN_00053690,DEFAULT,false,__stdcall,1,0,,1,0,0,0,application,recovered
0x000536a8,32,FUN_000536a8,DEFAULT,false,__stdcall,2,2,,1,0,1,0,application,recovered
0x000536c8,2,FUN_000536c8,DEFAULT,false,__stdcall,1,0,,0,0,0,0,application,recovered
0x000536ca,210,FUN_000536ca,DEFAULT,false,__stdcall,1,1,,13,0,2,0,application,recovered
0x0005379c,312,FUN_0005379c,DEFAULT,false,__stdcall,1,0,,31,0,0,0,application,recovered
0x000538d4,120,checkpoint_three_entry_condition_history_persist,USER_DEFINED,false,__stdcall,1,1,,11,0,0,0,application,annotated
0x0005394c,92,FUN_0005394c,DEFAULT,false,__stdcall,2,2,,5,0,0,0,application,recovered
0x000539a8,108,FUN_000539a8,DEFAULT,false,__stdcall,2,1,,13,0,0,0,application,recovered
0x00053a14,28,FUN_00053a14,DEFAULT,false,__stdcall,6,0,,0,0,0,0,application,recovered
0x00053a30,26,FUN_00053a30,DEFAULT,false,__stdcall,7,0,,0,0,0,0,application,recovered
0x00053a4a,102,FUN_00053a4a,DEFAULT,false,__stdcall,1,2,,8,0,2,0,application,recovered
0x00053ab0,192,FUN_00053ab0,DEFAULT,false,__stdcall,1,1,,5,0,4,0,application,recovered
0x00053b70,30,FUN_00053b70,DEFAULT,false,__stdcall,3,0,,0,0,0,0,application,recovered
0x00053b8e,216,FUN_00053b8e,DEFAULT,false,__stdcall,1,5,,3,0,2,0,application,recovered
0x00053c66,272,FUN_00053c66,DEFAULT,false,__stdcall,1,4,,4,0,4,0,application,recovered
0x00053d76,54,FUN_00053d76,DEFAULT,false,__stdcall,1,2,,0,0,0,0,application,recovered
0x00053dac,326,FUN_00053dac,DEFAULT,false,__stdcall,1,2,,6,0,0,0,application,recovered
0x00053ef2,54,FUN_00053ef2,DEFAULT,false,__stdcall,1,0,,2,0,0,0,application,recovered
0x00053f28,54,FUN_00053f28,DEFAULT,false,__stdcall,1,1,,3,0,0,0,application,recovered
0x00053f5e,102,checkpoint_event_history_group_persist,USER_DEFINED,false,__stdcall,1,4,,1,0,0,0,application,annotated
0x00053fc4,380,checkpoint_event_log_banks_persist,USER_DEFINED,false,__stdcall,1,5,,18,0,1,0,application,annotated
0x00054140,16,FUN_00054140,DEFAULT,false,__stdcall,2,2,,0,0,0,0,application,recovered
0x00054150,216,FUN_00054150,DEFAULT,false,__stdcall,1,5,,11,0,3,0,application,recovered
0x00054228,244,FUN_00054228,DEFAULT,false,__stdcall,1,5,,8,0,3,0,application,recovered
0x0005431c,82,FUN_0005431c,DEFAULT,false,__stdcall,1,2,,0,0,2,0,application,recovered
0x0005436e,168,FUN_0005436e,DEFAULT,false,__stdcall,1,1,,15,0,2,0,application,recovered
0x00054416,136,FUN_00054416,DEFAULT,false,__stdcall,1,3,,6,0,2,0,application,recovered
0x0005449e,46,FUN_0005449e,DEFAULT,false,__stdcall,1,2,,1,0,0,0,application,recovered
0x000544cc,146,FUN_000544cc,DEFAULT,false,__stdcall,1,1,,11,0,1,0,application,recovered
0x0005455e,126,FUN_0005455e,DEFAULT,false,__stdcall,1,1,,5,0,1,0,application,recovered
0x000545dc,46,FUN_000545dc,DEFAULT,false,__stdcall,1,2,,1,0,0,0,application,recovered
0x0005460a,108,FUN_0005460a,DEFAULT,false,__stdcall,1,1,,13,0,1,0,application,recovered
0x00054676,108,FUN_00054676,DEFAULT,false,__stdcall,1,3,,4,0,1,0,application,recovered
0x000546e2,46,FUN_000546e2,DEFAULT,false,__stdcall,1,2,,1,0,0,0,application,recovered
0x00054710,56,FUN_00054710,DEFAULT,false,__stdcall,1,0,,1,0,1,0,application,recovered
0x00054748,114,FUN_00054748,DEFAULT,false,__stdcall,1,1,,2,0,2,0,application,recovered
0x000547ba,34,FUN_000547ba,DEFAULT,false,__stdcall,1,1,,0,0,0,0,application,recovered
0x000547dc,86,FUN_000547dc,DEFAULT,false,__stdcall,1,1,,4,0,0,0,application,recovered
0x00054832,126,FUN_00054832,DEFAULT,false,__stdcall,1,1,,3,0,0,0,application,recovered
0x000548b0,96,FUN_000548b0,DEFAULT,false,__stdcall,1,2,,0,0,2,0,application,recovered
0x00054910,234,FUN_00054910,DEFAULT,false,__stdcall,1,3,,2,0,4,0,application,recovered
0x000549fa,90,FUN_000549fa,DEFAULT,false,__stdcall,1,1,,2,0,0,0,application,recovered
0x00054a54,42,FUN_00054a54,DEFAULT,false,__stdcall,1,0,,0,0,2,0,application,recovered
0x00054a7e,228,FUN_00054a7e,DEFAULT,false,__stdcall,1,2,,0,0,0,0,application,recovered
0x00054b62,144,FUN_00054b62,DEFAULT,false,__stdcall,1,2,,3,0,0,0,application,recovered
0x00054bf2,114,FUN_00054bf2,DEFAULT,false,__stdcall,1,2,,0,0,3,0,application,recovered
0x0005527e,54,FUN_0005527e,DEFAULT,false,__stdcall,1,2,,2,0,1,0,application,recovered
0x000552b4,2,FUN_000552b4,DEFAULT,false,__stdcall,1,0,,0,0,0,0,application,recovered
0x000552b6,2,FUN_000552b6,DEFAULT,false,__stdcall,1,0,,0,0,0,0,application,recovered
0x000552b8,2,FUN_000552b8,DEFAULT,false,__stdcall,2,0,,0,0,0,0,application,recovered
0x000552ba,290,FUN_000552ba,DEFAULT,false,__stdcall,1,1,,23,0,0,0,application,recovered
0x000553dc,112,FUN_000553dc,DEFAULT,false,__stdcall,1,1,,2,0,0,0,application,recovered
0x0005544c,2,FUN_0005544c,DEFAULT,false,__stdcall,1,0,,0,0,0,0,application,recovered
0x0005544e,2,FUN_0005544e,DEFAULT,false,__stdcall,1,0,,0,0,0,0,application,recovered
0x00055450,2,FUN_00055450,DEFAULT,false,__stdcall,2,0,,0,0,0,0,application,recovered
0x00055452,292,FUN_00055452,DEFAULT,false,__stdcall,1,1,,23,0,0,0,application,recovered
0x00055576,114,FUN_00055576,DEFAULT,false,__stdcall,1,1,,2,0,0,0,application,recovered
0x000555e8,16,FUN_000555e8,DEFAULT,false,__stdcall,3,0,,0,0,1,0,application,recovered
0x000555f8,14,FUN_000555f8,DEFAULT,false,__stdcall,1,0,,0,0,1,0,application,recovered
0x00055606,2,FUN_00055606,DEFAULT,false,__stdcall,1,0,,0,0,0,0,application,recovered
0x00055608,6,FUN_00055608,DEFAULT,false,__stdcall,1,0,,1,0,0,0,application,recovered
0x0005560e,22,FUN_0005560e,DEFAULT,false,__stdcall,2,1,,1,0,0,0,application,recovered
0x00055624,2,FUN_00055624,DEFAULT,false,__stdcall,1,0,,0,0,0,0,application,recovered
0x00055626,10,FUN_00055626,DEFAULT,false,__stdcall,1,0,,2,0,0,0,application,recovered
0x00055630,40,FUN_00055630,DEFAULT,false,__stdcall,2,1,,2,0,0,0,application,recovered
0x00055658,2,FUN_00055658,DEFAULT,false,__stdcall,1,0,,0,0,0,0,application,recovered
0x0005565a,6,FUN_0005565a,DEFAULT,false,__stdcall,1,0,,1,0,0,0,application,recovered
0x00055660,18,FUN_00055660,DEFAULT,false,__stdcall,2,0,,2,0,0,0,application,recovered
0x00055672,2,FUN_00055672,DEFAULT,false,__stdcall,1,0,,0,0,0,0,application,recovered
0x00055674,10,FUN_00055674,DEFAULT,false,__stdcall,1,0,,2,0,0,0,application,recovered
0x0005567e,38,FUN_0005567e,DEFAULT,false,__stdcall,2,1,,2,0,0,0,application,recovered
0x000556a4,2,FUN_000556a4,DEFAULT,false,__stdcall,1,0,,0,0,0,0,application,recovered
0x000556a6,10,FUN_000556a6,DEFAULT,false,__stdcall,1,0,,2,0,0,0,application,recovered
0x000556b0,40,FUN_000556b0,DEFAULT,false,__stdcall,2,1,,2,0,0,0,application,recovered
0x000556d8,2,FUN_000556d8,DEFAULT,false,__stdcall,1,0,,0,0,0,0,application,recovered
0x000556da,2,FUN_000556da,DEFAULT,false,__stdcall,1,0,,0,0,0,0,application,recovered
0x000556dc,46,FUN_000556dc,DEFAULT,false,__stdcall,2,2,,0,0,0,0,application,recovered
0x0005570a,2,FUN_0005570a,DEFAULT,false,__stdcall,1,0,,0,0,0,0,application,recovered
0x0005570c,2,FUN_0005570c,DEFAULT,false,__stdcall,1,0,,0,0,0,0,application,recovered
0x0005570e,24,FUN_0005570e,DEFAULT,false,__stdcall,2,2,,0,0,0,0,application,recovered
0x00055726,2,FUN_00055726,DEFAULT,false,__stdcall,1,0,,0,0,0,0,application,recovered
0x00055728,2,FUN_00055728,DEFAULT,false,__stdcall,1,0,,0,0,0,0,application,recovered
0x0005572a,24,FUN_0005572a,DEFAULT,false,__stdcall,2,2,,0,0,0,0,application,recovered
0x00055742,8,FUN_00055742,DEFAULT,false,__stdcall,2,0,,0,0,1,0,application,recovered
0x0005574a,2,FUN_0005574a,DEFAULT,false,__stdcall,1,0,,0,0,0,0,application,recovered
0x0005574c,22,FUN_0005574c,DEFAULT,false,__stdcall,1,0,,2,0,0,0,application,recovered
0x00055762,74,FUN_00055762,DEFAULT,false,__stdcall,1,1,,3,0,0,0,application,recovered
0x000557ac,78,FUN_000557ac,DEFAULT,false,__stdcall,1,1,,3,0,1,0,application,recovered
0x000557fa,48,FUN_000557fa,DEFAULT,false,__stdcall,2,2,,3,0,0,0,application,recovered
0x0005582a,20,FUN_0005582a,DEFAULT,false,__stdcall,1,0,,1,0,0,0,application,recovered
0x0005583e,2,FUN_0005583e,DEFAULT,false,__stdcall,1,0,,0,0,0,0,application,recovered
0x00055840,22,FUN_00055840,DEFAULT,false,__stdcall,1,0,,2,0,0,0,application,recovered
0x00055856,54,FUN_00055856,DEFAULT,false,__stdcall,2,0,,5,0,0,0,application,recovered
0x0005588c,20,FUN_0005588c,DEFAULT,false,__stdcall,2,0,,1,0,0,0,application,recovered
0x000558a0,2,FUN_000558a0,DEFAULT,false,__stdcall,1,0,,0,0,0,0,application,recovered
0x000558a2,22,FUN_000558a2,DEFAULT,false,__stdcall,1,0,,2,0,0,0,application,recovered
0x000558b8,24,FUN_000558b8,DEFAULT,false,__stdcall,1,0,,2,0,0,0,application,recovered
0x000558d0,42,FUN_000558d0,DEFAULT,false,__stdcall,2,1,,3,0,0,0,application,recovered
0x000558fa,20,FUN_000558fa,DEFAULT,false,__stdcall,3,0,,1,0,0,0,application,recovered
0x0005590e,2,FUN_0005590e,DEFAULT,false,__stdcall,1,0,,0,0,0,0,application,recovered
0x00055910,24,FUN_00055910,DEFAULT,false,__stdcall,1,0,,5,0,2,0,application,recovered
0x00055928,76,FUN_00055928,DEFAULT,false,__stdcall,1,4,,0,0,0,0,application,recovered
0x00055974,34,FUN_00055974,DEFAULT,false,__stdcall,1,2,,0,0,1,0,application,recovered
0x00055996,68,FUN_00055996,DEFAULT,false,__stdcall,1,0,,4,0,2,0,application,recovered
0x000559da,70,FUN_000559da,DEFAULT,false,__stdcall,1,0,,4,0,2,0,application,recovered
0x00055a20,52,FUN_00055a20,DEFAULT,false,__stdcall,2,4,,3,0,0,0,application,recovered
0x00055a54,20,FUN_00055a54,DEFAULT,false,__stdcall,10,0,,1,0,0,0,application,recovered
0x00055a68,2,FUN_00055a68,DEFAULT,false,__stdcall,1,0,,0,0,0,0,application,recovered
0x00055a6a,22,FUN_00055a6a,DEFAULT,false,__stdcall,1,0,,2,0,0,0,application,recovered
0x00055a80,70,FUN_00055a80,DEFAULT,false,__stdcall,2,0,,6,0,0,0,application,recovered
0x00055ac6,20,FUN_00055ac6,DEFAULT,false,__stdcall,3,0,,1,0,0,0,application,recovered
0x00055ada,2,FUN_00055ada,DEFAULT,false,__stdcall,1,0,,0,0,0,0,application,recovered
0x00055adc,16,FUN_00055adc,DEFAULT,false,__stdcall,1,0,,2,0,1,0,application,recovered
0x00055aec,34,FUN_00055aec,DEFAULT,false,__stdcall,1,0,,2,0,0,0,application,recovered
0x00055b0e,34,FUN_00055b0e,DEFAULT,false,__stdcall,1,0,,2,0,0,0,application,recovered
0x00055b30,68,FUN_00055b30,DEFAULT,false,__stdcall,2,2,,4,0,0,0,application,recovered
0x00055b74,20,FUN_00055b74,DEFAULT,false,__stdcall,4,0,,1,0,0,0,application,recovered
0x00055b88,2,FUN_00055b88,DEFAULT,false,__stdcall,1,0,,0,0,0,0,application,recovered
0x00055b8a,24,FUN_00055b8a,DEFAULT,false,__stdcall,1,0,,6,0,0,0,application,recovered
0x00055ba2,92,FUN_00055ba2,DEFAULT,false,__stdcall,1,0,,4,0,1,0,application,recovered
0x00055bfe,42,FUN_00055bfe,DEFAULT,false,__stdcall,2,1,,3,0,0,0,application,recovered
0x00055c28,20,FUN_00055c28,DEFAULT,false,__stdcall,6,0,,1,0,0,0,application,recovered
0x00055c3c,2,FUN_00055c3c,DEFAULT,false,__stdcall,1,0,,0,0,0,0,application,recovered
0x00055c3e,6,FUN_00055c3e,DEFAULT,false,__stdcall,1,0,,1,0,0,0,application,recovered
0x00055c44,130,FUN_00055c44,DEFAULT,false,__stdcall,2,9,,1,0,1,0,application,recovered
0x00055cc6,2,FUN_00055cc6,DEFAULT,false,__stdcall,1,0,,0,0,0,0,application,recovered
0x00055cc8,24,FUN_00055cc8,DEFAULT,false,__stdcall,1,0,,5,0,2,0,application,recovered
0x00055ce0,24,FUN_00055ce0,DEFAULT,false,__stdcall,1,0,,2,0,0,0,application,recovered
0x00055cf8,68,FUN_00055cf8,DEFAULT,false,__stdcall,1,0,,4,0,2,0,application,recovered
0x00055d3c,70,FUN_00055d3c,DEFAULT,false,__stdcall,1,0,,4,0,2,0,application,recovered
0x00055d82,50,FUN_00055d82,DEFAULT,false,__stdcall,2,3,,3,0,0,0,application,recovered
0x00055db4,20,FUN_00055db4,DEFAULT,false,__stdcall,7,0,,1,0,0,0,application,recovered
0x00055dc8,2,FUN_00055dc8,DEFAULT,false,__stdcall,1,0,,0,0,0,0,application,recovered
0x00055dca,16,FUN_00055dca,DEFAULT,false,__stdcall,1,0,,2,0,1,0,application,recovered
0x00055dda,34,FUN_00055dda,DEFAULT,false,__stdcall,1,0,,2,0,0,0,application,recovered
0x00055dfc,34,FUN_00055dfc,DEFAULT,false,__stdcall,1,0,,2,0,0,0,application,recovered
0x00055e1e,68,FUN_00055e1e,DEFAULT,false,__stdcall,2,2,,4,0,0,0,application,recovered
0x00055e62,20,FUN_00055e62,DEFAULT,false,__stdcall,4,0,,1,0,0,0,application,recovered
0x00055e76,2,FUN_00055e76,DEFAULT,false,__stdcall,1,0,,0,0,0,0,application,recovered
0x00055e78,2,FUN_00055e78,DEFAULT,false,__stdcall,1,0,,0,0,0,0,application,recovered
0x00055e7a,2,FUN_00055e7a,DEFAULT,false,__stdcall,2,0,,0,0,0,0,application,recovered
0x00055e7c,2,FUN_00055e7c,DEFAULT,false,__stdcall,1,0,,0,0,0,0,application,recovered
0x00055e7e,2,FUN_00055e7e,DEFAULT,false,__stdcall,1,0,,0,0,0,0,application,recovered
0x00055e80,88,FUN_00055e80,DEFAULT,false,__stdcall,2,5,,1,0,0,0,application,recovered
0x00055ed8,2,FUN_00055ed8,DEFAULT,false,__stdcall,1,0,,0,0,0,0,application,recovered
0x00055eda,2,FUN_00055eda,DEFAULT,false,__stdcall,1,0,,0,0,0,0,application,recovered
0x00055edc,46,FUN_00055edc,DEFAULT,false,__stdcall,2,3,,1,0,0,0,application,recovered
0x00055f0a,6,FUN_00055f0a,DEFAULT,false,__stdcall,3,0,,1,0,0,0,application,recovered
0x00055f10,6,FUN_00055f10,DEFAULT,false,__stdcall,1,0,,1,0,0,0,application,recovered
0x00055f16,6,FUN_00055f16,DEFAULT,false,__stdcall,1,0,,1,0,0,0,application,recovered
0x00055f1c,48,FUN_00055f1c,DEFAULT,false,__stdcall,2,2,,1,0,0,0,application,recovered
0x00055f4c,2,FUN_00055f4c,DEFAULT,false,__stdcall,1,0,,0,0,0,0,application,recovered
0x00055f4e,2,FUN_00055f4e,DEFAULT,false,__stdcall,1,0,,0,0,0,0,application,recovered
0x00055f50,76,FUN_00055f50,DEFAULT,false,__stdcall,2,3,,1,0,0,0,application,recovered
0x00055f9c,6,FUN_00055f9c,DEFAULT,false,__stdcall,1,0,,1,0,0,0,application,recovered
0x00055fa2,2,FUN_00055fa2,DEFAULT,false,__stdcall,1,0,,0,0,0,0,application,recovered
0x00055fa4,2,FUN_00055fa4,DEFAULT,false,__stdcall,1,0,,0,0,0,0,application,recovered
0x00055fa6,78,FUN_00055fa6,DEFAULT,false,__stdcall,2,4,,2,0,0,0,application,recovered
0x00055ff4,2,FUN_00055ff4,DEFAULT,false,__stdcall,1,0,,0,0,0,0,application,recovered
0x00055ff6,2,FUN_00055ff6,DEFAULT,false,__stdcall,1,0,,0,0,0,0,application,recovered
0x00055ff8,74,FUN_00055ff8,DEFAULT,false,__stdcall,2,0,,8,0,0,0,application,recovered
0x00056042,18,FUN_00056042,DEFAULT,false,__stdcall,1,0,,1,0,0,0,application,recovered
0x00056054,18,FUN_00056054,DEFAULT,false,__stdcall,1,0,,1,0,0,0,application,recovered
0x00056066,2,FUN_00056066,DEFAULT,false,__stdcall,1,0,,0,0,0,0,application,recovered
0x00056068,22,FUN_00056068,DEFAULT,false,__stdcall,1,0,,2,0,0,0,application,recovered
0x0005607e,108,FUN_0005607e,DEFAULT,false,__stdcall,2,0,,7,0,0,0,application,recovered
0x000560ea,20,FUN_000560ea,DEFAULT,false,__stdcall,1,0,,1,0,0,0,application,recovered
0x000560fe,2,FUN_000560fe,DEFAULT,false,__stdcall,1,0,,0,0,0,0,application,recovered
0x00056100,2,FUN_00056100,DEFAULT,false,__stdcall,1,0,,0,0,0,0,application,recovered
0x00056102,104,FUN_00056102,DEFAULT,false,__stdcall,1,4,,1,0,1,0,application,recovered
0x0005616a,202,FUN_0005616a,DEFAULT,false,__stdcall,1,2,,2,0,0,0,application,recovered
0x00056234,148,FUN_00056234,DEFAULT,false,__stdcall,2,8,,3,0,2,0,application,recovered
0x000562c8,20,FUN_000562c8,DEFAULT,false,__stdcall,11,0,,1,0,0,0,application,recovered
0x000562dc,2,FUN_000562dc,DEFAULT,false,__stdcall,1,0,,0,0,0,0,application,recovered
0x000562de,30,FUN_000562de,DEFAULT,false,__stdcall,1,0,,8,0,1,0,application,recovered
0x000562fc,80,FUN_000562fc,DEFAULT,false,__stdcall,2,6,,4,0,0,0,application,recovered
0x0005634c,10,FUN_0005634c,DEFAULT,false,__stdcall,1,0,,2,0,0,0,application,recovered
0x00056356,6,FUN_00056356,DEFAULT,false,__stdcall,1,0,,1,0,0,0,application,recovered
0x0005635c,6,FUN_0005635c,DEFAULT,false,__stdcall,1,0,,1,0,0,0,application,recovered
0x00056362,10,FUN_00056362,DEFAULT,false,__stdcall,2,0,,1,0,0,0,application,recovered
0x0005636c,10,FUN_0005636c,DEFAULT,false,__stdcall,2,0,,1,0,0,0,application,recovered
0x00056376,24,FUN_00056376,DEFAULT,false,__stdcall,2,0,,3,0,0,0,application,recovered
0x0005638e,24,FUN_0005638e,DEFAULT,false,__stdcall,2,0,,3,0,0,0,application,recovered
0x000563a6,2,FUN_000563a6,DEFAULT,false,__stdcall,1,0,,0,0,0,0,application,recovered
0x000563a8,42,FUN_000563a8,DEFAULT,false,__stdcall,1,0,,16,0,1,0,application,recovered
0x000563d2,296,FUN_000563d2,DEFAULT,false,__stdcall,2,2,,30,0,2,0,application,recovered
0x000564fa,14,FUN_000564fa,DEFAULT,false,__stdcall,1,0,,2,0,1,0,application,recovered
0x00056508,60,FUN_00056508,DEFAULT,false,__stdcall,1,0,,8,0,0,0,application,recovered
0x00056544,148,FUN_00056544,DEFAULT,false,__stdcall,2,0,,12,0,0,0,application,recovered
0x000566aa,112,FUN_000566aa,DEFAULT,false,__stdcall,1,0,,4,0,0,0,application,recovered
0x0005671a,112,FUN_0005671a,DEFAULT,false,__stdcall,1,0,,4,0,0,0,application,recovered
0x0005685a,110,FUN_0005685a,DEFAULT,false,__stdcall,1,0,,4,0,0,0,application,recovered
0x000568c8,110,FUN_000568c8,DEFAULT,false,__stdcall,1,0,,4,0,0,0,application,recovered
0x00056936,12,FUN_00056936,DEFAULT,false,__stdcall,1,0,,2,0,0,0,application,recovered
0x00056942,102,FUN_00056942,DEFAULT,false,__stdcall,1,0,,22,0,1,0,application,recovered
0x000569a8,368,FUN_000569a8,DEFAULT,false,__stdcall,2,0,,28,0,2,0,application,recovered
0x00056b18,126,FUN_00056b18,DEFAULT,false,__stdcall,2,2,,6,0,1,0,application,recovered
0x00056b96,54,FUN_00056b96,DEFAULT,false,__stdcall,2,0,,4,0,0,0,application,recovered
0x00056bcc,54,FUN_00056bcc,DEFAULT,false,__stdcall,1,0,,4,0,0,0,application,recovered
0x00056c02,88,FUN_00056c02,DEFAULT,false,__stdcall,2,2,,3,0,1,0,application,recovered
0x00056c5a,34,FUN_00056c5a,DEFAULT,false,__stdcall,2,0,,2,0,0,0,application,recovered
0x00056c7c,32,FUN_00056c7c,DEFAULT,false,__stdcall,2,0,,2,0,0,0,application,recovered
0x00056c9c,88,FUN_00056c9c,DEFAULT,false,__stdcall,2,2,,3,0,1,0,application,recovered
0x00056cf4,36,FUN_00056cf4,DEFAULT,false,__stdcall,2,0,,2,0,0,0,application,recovered
0x00056d18,34,FUN_00056d18,DEFAULT,false,__stdcall,2,0,,2,0,0,0,application,recovered
0x00056d3a,2,FUN_00056d3a,DEFAULT,false,__stdcall,1,0,,0,0,0,0,application,recovered
0x00056d3c,2,FUN_00056d3c,DEFAULT,false,__stdcall,1,0,,0,0,0,0,application,recovered
0x00056d3e,36,FUN_00056d3e,DEFAULT,false,__stdcall,2,2,,6,0,0,0,application,recovered
0x00056d62,2,FUN_00056d62,DEFAULT,false,__stdcall,1,0,,0,0,0,0,application,recovered
0x00056d64,16,FUN_00056d64,DEFAULT,false,__stdcall,1,0,,3,0,0,0,application,recovered
0x00056d74,100,FUN_00056d74,DEFAULT,false,__stdcall,2,0,,4,0,1,0,application,recovered
0x00056e00,2,FUN_00056e00,DEFAULT,false,__stdcall,1,0,,0,0,0,0,application,recovered
0x00056e02,8,FUN_00056e02,DEFAULT,false,__stdcall,1,0,,1,0,0,0,application,recovered
0x00056e0a,64,FUN_00056e0a,DEFAULT,false,__stdcall,2,0,,4,0,4,0,application,recovered
0x00056e4a,2,FUN_00056e4a,DEFAULT,false,__stdcall,1,0,,0,0,0,0,application,recovered
0x00056e4e,206,FUN_00056e4e,DEFAULT,false,__stdcall,5,0,,63,0,0,0,application,recovered
0x00056f1c,2,FUN_00056f1c,DEFAULT,false,__stdcall,1,0,,0,0,0,0,application,recovered
0x00056f20,88,FUN_00056f20,DEFAULT,false,__stdcall,5,0,,28,0,0,0,application,recovered
0x00056f78,2,FUN_00056f78,DEFAULT,false,__stdcall,1,0,,0,0,0,0,application,recovered
0x00056f7c,66,FUN_00056f7c,DEFAULT,false,__stdcall,5,0,,21,0,0,0,application,recovered
0x00056fbe,2,FUN_00056fbe,DEFAULT,false,__stdcall,1,0,,0,0,0,0,application,recovered
0x00056fc2,1956,application_rx_signal_consumer_56fc2,USER_DEFINED,false,__stdcall,5,0,,633,0,1,0,application,annotated
0x00057766,2,FUN_00057766,DEFAULT,false,__stdcall,1,0,,0,0,0,0,application,recovered
0x00057768,16,FUN_00057768,DEFAULT,false,__stdcall,1,2,,0,0,0,0,application,recovered
0x00057778,20,FUN_00057778,DEFAULT,false,__stdcall,2,3,,0,0,0,0,application,recovered
0x0005778c,68,FUN_0005778c,DEFAULT,false,__stdcall,1,5,,9,0,0,0,application,recovered
0x000577d0,46,FUN_000577d0,DEFAULT,false,__stdcall,1,1,,8,0,0,0,application,recovered
0x000577fe,28,FUN_000577fe,DEFAULT,false,__stdcall,2,1,,3,0,1,0,application,recovered
0x0005781a,50,FUN_0005781a,DEFAULT,false,__stdcall,10,1,,3,0,0,0,application,recovered
0x0005784c,146,FUN_0005784c,DEFAULT,false,__stdcall,1,10,,4,0,0,0,application,recovered
0x000578de,36,FUN_000578de,DEFAULT,false,__stdcall,2,4,,0,0,1,0,application,recovered
0x00057902,126,FUN_00057902,DEFAULT,false,__stdcall,1,10,,3,0,0,0,application,recovered
0x00057980,52,FUN_00057980,DEFAULT,false,__stdcall,2,6,,0,0,2,0,application,recovered
0x000579b4,136,FUN_000579b4,DEFAULT,false,__stdcall,1,10,,4,0,0,0,application,recovered
0x00057a3c,66,FUN_00057a3c,DEFAULT,false,__stdcall,1,2,,3,0,0,0,application,recovered
0x00057a7e,68,FUN_00057a7e,DEFAULT,false,__stdcall,1,8,,0,0,3,0,application,recovered
0x00057ac2,294,FUN_00057ac2,DEFAULT,false,__stdcall,1,17,,11,0,0,0,application,recovered
0x00057be8,6,FUN_00057be8,DEFAULT,false,__stdcall,1,0,,1,0,0,0,application,recovered
0x00057bee,6,FUN_00057bee,DEFAULT,false,__stdcall,2,0,,1,0,0,0,application,recovered
0x00057bf4,6,FUN_00057bf4,DEFAULT,false,__stdcall,2,0,,1,0,0,0,application,recovered
0x00057bfe,2054,application_ram_default_init,USER_DEFINED,false,__stdcall,1,0,,602,0,2,0,application,annotated
0x00058404,12894,autosar_os_task_signal_dispatch,USER_DEFINED,false,__stdcall,1,352,,3057,0,18,0,application,annotated
0x0005b662,222,FUN_0005b662,DEFAULT,false,__stdcall,1,0,,73,0,0,0,application,recovered
0x0005b740,644,FUN_0005b740,DEFAULT,false,__stdcall,1,0,,198,0,0,0,application,recovered
0x0005b9c4,1250,rte_input_staging_copy_c,USER_DEFINED,false,__stdcall,1,0,,384,0,0,0,application,annotated
0x0005bea6,528,FUN_0005bea6,DEFAULT,false,__stdcall,1,0,,166,0,0,0,application,recovered
0x0005c0b6,1204,rte_input_staging_copy_b,USER_DEFINED,false,__stdcall,1,0,,378,0,0,0,application,annotated
0x0005c56a,252,FUN_0005c56a,DEFAULT,false,__stdcall,1,0,,78,0,0,0,application,recovered
0x0005c666,1442,rte_input_staging_copy_a,USER_DEFINED,false,__stdcall,1,0,,440,0,0,0,application,annotated
0x0005cc08,388,FUN_0005cc08,DEFAULT,false,__stdcall,1,32,,0,0,0,0,application,recovered
0x0005cd8c,128,FUN_0005cd8c,DEFAULT,false,__stdcall,1,11,,0,0,0,0,application,recovered
0x0005ce0c,156,FUN_0005ce0c,DEFAULT,false,__stdcall,1,16,,0,0,0,0,application,recovered
0x0005cea8,60,FUN_0005cea8,DEFAULT,false,__stdcall,1,6,,0,0,0,0,application,recovered
0x0005cee4,2,FUN_0005cee4,DEFAULT,false,__stdcall,1,0,,0,0,0,0,application,recovered
0x0005cee6,676,FUN_0005cee6,DEFAULT,false,__stdcall,1,73,,0,0,0,0,application,recovered
0x0005d18a,2,FUN_0005d18a,DEFAULT,false,__stdcall,1,0,,0,0,0,0,application,recovered
0x0005d18c,216,FUN_0005d18c,DEFAULT,false,__stdcall,1,37,,0,0,0,0,application,recovered
0x0005d264,180,FUN_0005d264,DEFAULT,false,__stdcall,1,19,,0,0,0,0,application,recovered
0x0005d318,60,FUN_0005d318,DEFAULT,false,__stdcall,1,5,,0,0,0,0,application,recovered
0x0005d354,86,FUN_0005d354,DEFAULT,false,__stdcall,1,10,,0,0,0,0,application,recovered
0x0005d3aa,36,FUN_0005d3aa,DEFAULT,false,__stdcall,1,3,,0,0,0,0,application,recovered
0x0005d3ce,1078,autosar_com_rx_dispatch_group_b,USER_DEFINED,false,__stdcall,1,147,,0,0,0,0,application,annotated
0x0005d804,330,FUN_0005d804,DEFAULT,false,__stdcall,1,45,,0,0,0,0,application,recovered
0x0005d94e,412,FUN_0005d94e,DEFAULT,false,__stdcall,1,74,,0,0,0,0,application,recovered
0x0005daea,132,FUN_0005daea,DEFAULT,false,__stdcall,1,23,,0,0,0,0,application,recovered
0x0005db6e,2136,autosar_com_rx_dispatch_group_a,USER_DEFINED,false,__stdcall,1,271,,0,0,0,0,application,annotated
0x0005e3c6,428,FUN_0005e3c6,DEFAULT,false,__stdcall,1,55,,0,0,0,0,application,recovered
0x0005e572,788,FUN_0005e572,DEFAULT,false,__stdcall,1,136,,0,0,0,0,application,recovered
0x0005e886,178,FUN_0005e886,DEFAULT,false,__stdcall,1,28,,0,0,0,0,application,recovered
0x0005e938,60,FUN_0005e938,DEFAULT,false,__stdcall,1,8,,1,0,1,0,application,recovered
0x0005e9a4,74,FUN_0005e9a4,DEFAULT,false,__stdcall,1,0,,0,0,0,0,application,recovered
0x0005e9ee,74,FUN_0005e9ee,DEFAULT,false,__stdcall,1,0,,0,0,0,0,application,recovered
0x0005ea38,48,FUN_0005ea38,DEFAULT,false,__stdcall,1,2,,8,0,0,0,application,recovered
0x0005ea68,84,FUN_0005ea68,DEFAULT,false,__stdcall,1,0,,0,1,0,0,application,recovered
0x0005eabc,68,FUN_0005eabc,DEFAULT,false,__stdcall,3,1,,0,0,1,0,application,recovered
0x0005eb00,166,FUN_0005eb00,DEFAULT,false,__stdcall,2,1,,1,0,2,0,application,recovered
0x0005eba6,88,FUN_0005eba6,DEFAULT,false,__stdcall,1,0,,0,0,0,0,application,recovered
0x0005ebfe,154,FUN_0005ebfe,DEFAULT,false,__stdcall,1,1,,1,0,2,0,application,recovered
0x0005ec98,84,FUN_0005ec98,DEFAULT,false,__stdcall,2,0,,0,0,0,0,application,recovered
0x0005ecec,86,FUN_0005ecec,DEFAULT,false,__stdcall,1,4,,1,0,1,0,application,recovered
0x0005ed42,76,FUN_0005ed42,DEFAULT,false,__stdcall,1,0,,0,0,0,0,application,recovered
0x0005ed8e,142,FUN_0005ed8e,DEFAULT,false,__stdcall,1,1,,1,0,2,0,application,recovered
0x0005ee1c,86,FUN_0005ee1c,DEFAULT,false,__stdcall,1,4,,1,0,1,0,application,recovered
0x0005ee72,144,FUN_0005ee72,DEFAULT,false,__stdcall,1,3,,0,0,4,0,application,recovered
0x0005ef02,246,FUN_0005ef02,DEFAULT,false,__stdcall,1,0,,0,0,20,0,application,recovered
0x0005eff8,60,FUN_0005eff8,DEFAULT,false,__stdcall,1,3,,0,0,1,0,application,recovered
0x0005f034,174,FUN_0005f034,DEFAULT,false,__stdcall,1,2,,0,0,5,0,application,recovered
0x0005f0e2,28,FUN_0005f0e2,DEFAULT,false,__stdcall,1,5,,0,0,0,0,application,recovered
0x0005f0fe,280,FUN_0005f0fe,DEFAULT,false,__stdcall,2,1,,0,0,1,0,application,recovered
0x0005f216,142,FUN_0005f216,DEFAULT,false,__stdcall,2,1,,0,0,4,0,application,recovered
0x0005f2a4,142,FUN_0005f2a4,DEFAULT,false,__stdcall,1,2,,0,0,1,0,application,recovered
0x0005f332,28,FUN_0005f332,DEFAULT,false,__stdcall,1,1,,2,0,0,0,application,recovered
0x0005f34e,126,FUN_0005f34e,DEFAULT,false,__stdcall,1,0,,0,1,8,0,application,recovered
0x0005f3cc,432,FUN_0005f3cc,DEFAULT,false,__stdcall,1,4,,0,1,22,0,application,recovered
0x0005f59a,40,FUN_0005f59a,DEFAULT,false,__stdcall,2,0,,0,0,0,0,application,recovered
0x0005f5e0,40,FUN_0005f5e0,DEFAULT,false,__stdcall,1,0,,0,0,0,0,application,recovered
0x0005f644,40,FUN_0005f644,DEFAULT,false,__stdcall,2,0,,0,0,0,0,application,recovered
0x0005f68a,40,FUN_0005f68a,DEFAULT,false,__stdcall,1,0,,0,0,0,0,application,recovered
0x0005f6d0,106,FUN_0005f6d0,DEFAULT,false,__stdcall,1,0,,2,0,5,0,application,recovered
0x0005f73a,40,FUN_0005f73a,DEFAULT,false,__stdcall,1,0,,0,0,0,0,application,recovered
0x0005f762,6,FUN_0005f762,DEFAULT,false,__stdcall,1,0,,0,0,0,0,application,recovered
0x0005f768,16,FUN_0005f768,DEFAULT,false,__stdcall,6,0,,0,0,0,0,application,recovered
0x0005f778,30,FUN_0005f778,DEFAULT,false,__stdcall,6,0,,0,0,0,0,application,recovered
0x0005f796,242,FUN_0005f796,DEFAULT,false,__stdcall,5,0,,0,0,1,0,application,recovered
0x0005f888,10,FUN_0005f888,DEFAULT,false,__stdcall,1,0,,0,0,0,0,application,recovered
0x0005f89e,12,FUN_0005f89e,DEFAULT,false,__stdcall,1,0,,0,0,0,0,application,recovered
0x0005f8aa,50,FUN_0005f8aa,DEFAULT,false,__stdcall,6,0,,0,0,0,0,application,recovered
0x0005f91a,78,FUN_0005f91a,DEFAULT,false,__stdcall,1,0,,1,0,0,0,application,recovered
0x0005f97a,90,FUN_0005f97a,DEFAULT,false,__stdcall,1,0,,0,0,0,0,application,recovered
0x0005f9d4,62,FUN_0005f9d4,DEFAULT,false,__stdcall,4,0,,0,0,0,0,application,recovered
0x0005fa12,56,FUN_0005fa12,DEFAULT,false,__stdcall,1,0,,0,0,0,0,application,recovered
0x0005fa4a,70,FUN_0005fa4a,DEFAULT,false,__stdcall,1,1,,0,0,2,0,application,recovered
0x0005fa90,80,FUN_0005fa90,DEFAULT,false,__stdcall,1,0,,0,0,4,0,application,recovered
0x0005fae0,50,FUN_0005fae0,DEFAULT,false,__stdcall,1,3,,0,0,1,0,application,recovered
0x0005fb12,50,FUN_0005fb12,DEFAULT,false,__stdcall,1,3,,0,0,1,0,application,recovered
0x0005fb44,44,FUN_0005fb44,DEFAULT,false,__stdcall,1,4,,0,0,0,0,application,recovered
0x0005fb70,26,FUN_0005fb70,DEFAULT,false,__stdcall,1,2,,0,0,0,0,application,recovered
0x0005fb8a,64,FUN_0005fb8a,DEFAULT,false,__stdcall,1,1,,0,0,4,0,application,recovered
0x0005fbca,116,FUN_0005fbca,DEFAULT,false,__stdcall,1,0,,0,0,1,0,application,recovered
0x0005fc3e,58,FUN_0005fc3e,DEFAULT,false,__stdcall,1,0,,0,0,9,0,application,recovered
0x0005fc78,68,FUN_0005fc78,DEFAULT,false,__stdcall,1,1,,0,0,6,0,application,recovered
0x0005fcbc,58,FUN_0005fcbc,DEFAULT,false,__stdcall,1,0,,0,0,2,0,application,recovered
0x0005fcf6,178,FUN_0005fcf6,DEFAULT,false,__stdcall,1,0,,0,0,18,0,application,recovered
0x0005fda8,28,FUN_0005fda8,DEFAULT,false,__stdcall,1,2,,0,0,0,0,application,recovered
0x0005fdc4,160,FUN_0005fdc4,DEFAULT,false,__stdcall,1,3,,0,0,6,0,application,recovered
0x0005fe64,130,FUN_0005fe64,DEFAULT,false,__stdcall,1,0,,0,0,5,0,application,recovered
0x0005fee6,58,FUN_0005fee6,DEFAULT,false,__stdcall,2,0,,0,0,4,0,application,recovered
0x0005ff72,76,FUN_0005ff72,DEFAULT,false,__stdcall,1,0,,0,0,2,0,application,recovered
0x0005ffbe,104,FUN_0005ffbe,DEFAULT,false,__stdcall,2,0,,0,0,1,0,application,recovered
0x00060026,2,FUN_00060026,DEFAULT,false,__stdcall,1,0,,0,0,0,0,application,recovered
0x00060158,12,FUN_00060158,DEFAULT,false,__stdcall,1,0,,0,0,0,0,application,recovered
0x00060164,102,FUN_00060164,DEFAULT,false,__stdcall,6,0,,0,0,0,0,application,recovered
0x000601ca,124,FUN_000601ca,DEFAULT,false,__stdcall,1,0,,0,0,3,0,application,recovered
0x00060246,64,FUN_00060246,DEFAULT,false,__stdcall,1,2,,0,0,1,0,application,recovered
0x00060286,86,FUN_00060286,DEFAULT,false,__stdcall,2,0,,0,0,2,0,application,recovered
0x000602dc,86,FUN_000602dc,DEFAULT,false,__stdcall,2,0,,0,0,1,0,application,recovered
0x00060332,60,FUN_00060332,DEFAULT,false,__stdcall,2,1,,7,0,1,0,application,recovered
0x0006036e,172,FUN_0006036e,DEFAULT,false,__stdcall,1,2,,12,0,1,0,application,recovered
0x0006041a,36,FUN_0006041a,DEFAULT,false,__stdcall,3,0,,1,0,0,0,application,recovered
0x0006043e,82,FUN_0006043e,DEFAULT,false,__stdcall,15,3,,4,0,0,0,application,recovered
0x00060490,46,FUN_00060490,DEFAULT,false,__stdcall,1,1,,8,0,0,0,application,recovered
0x000604be,106,FUN_000604be,DEFAULT,false,__stdcall,1,2,,6,0,3,0,application,recovered
0x00060528,50,FUN_00060528,DEFAULT,false,__stdcall,1,2,,3,0,0,0,application,recovered
0x0006055a,78,FUN_0006055a,DEFAULT,false,__stdcall,1,1,,4,0,1,0,application,recovered
0x000605a8,28,FUN_000605a8,DEFAULT,false,__stdcall,1,1,,3,0,0,0,application,recovered
0x000605c4,10,FUN_000605c4,DEFAULT,false,__stdcall,2,0,,2,0,0,0,application,recovered
0x000605ce,152,FUN_000605ce,DEFAULT,false,__stdcall,1,1,,9,0,0,0,application,recovered
0x00060666,78,FUN_00060666,DEFAULT,false,__stdcall,2,1,,8,0,2,0,application,recovered
0x000606b4,236,FUN_000606b4,DEFAULT,false,__stdcall,1,2,,8,0,9,0,application,recovered
0x000607a0,62,FUN_000607a0,DEFAULT,false,__stdcall,22,2,,5,0,0,0,application,recovered
0x000607de,146,FUN_000607de,DEFAULT,false,__stdcall,2,0,,0,4,0,0,application,recovered
0x00060870,58,FUN_00060870,DEFAULT,false,__stdcall,3,1,,0,0,0,0,application,recovered
0x000608aa,128,system_hard_reset,USER_DEFINED,false,__stdcall,25,8,,0,0,4,0,application,annotated
0x0006092a,44,FUN_0006092a,DEFAULT,false,__stdcall,1,3,,0,1,0,0,application,recovered
0x00060956,48,FUN_00060956,DEFAULT,false,__stdcall,1,0,,0,0,2,0,application,recovered
0x00060986,90,FUN_00060986,DEFAULT,false,__stdcall,1,0,,0,0,2,0,application,recovered
0x000609e0,116,FUN_000609e0,DEFAULT,false,__stdcall,1,0,,0,0,4,0,application,recovered
0x00060a54,56,FUN_00060a54,DEFAULT,false,__stdcall,1,0,,11,0,2,0,application,recovered
0x00060a8c,52,FUN_00060a8c,DEFAULT,false,__stdcall,1,3,,0,0,1,0,application,recovered
0x00060ac0,58,FUN_00060ac0,DEFAULT,false,__stdcall,1,5,,0,0,2,0,application,recovered
0x00060afa,176,FUN_00060afa,DEFAULT,false,__stdcall,1,3,,0,0,8,0,application,recovered
0x00060baa,80,FUN_00060baa,DEFAULT,false,__stdcall,2,0,,1,0,6,0,application,recovered
0x00060bfa,168,FUN_00060bfa,DEFAULT,false,__stdcall,2,0,,3,0,2,0,application,recovered
0x00060ca2,194,FUN_00060ca2,DEFAULT,false,__stdcall,2,0,,3,0,2,0,application,recovered
0x00060d64,120,FUN_00060d64,DEFAULT,false,__stdcall,1,0,,0,0,5,0,application,recovered
0x00060ddc,70,FUN_00060ddc,DEFAULT,false,__stdcall,1,1,,8,0,2,0,application,recovered
0x00060e22,48,FUN_00060e22,DEFAULT,false,__stdcall,1,0,,0,0,2,0,application,recovered
0x00060e52,74,FUN_00060e52,DEFAULT,false,__stdcall,1,0,,0,0,2,0,application,recovered
0x00060e9c,50,FUN_00060e9c,DEFAULT,false,__stdcall,2,0,,0,0,2,0,application,recovered
0x00060ece,50,FUN_00060ece,DEFAULT,false,__stdcall,3,0,,0,0,2,0,application,recovered
0x00060f00,56,FUN_00060f00,DEFAULT,false,__stdcall,1,0,,0,0,1,0,application,recovered
0x00060f38,74,FUN_00060f38,DEFAULT,false,__stdcall,1,0,,0,0,4,0,application,recovered
0x00060f82,56,FUN_00060f82,DEFAULT,false,__stdcall,1,0,,0,0,2,0,application,recovered
0x00060fba,50,FUN_00060fba,DEFAULT,false,__stdcall,2,0,,0,0,2,0,application,recovered
0x00060fec,50,FUN_00060fec,DEFAULT,false,__stdcall,3,0,,0,0,2,0,application,recovered
0x0006101e,40,FUN_0006101e,DEFAULT,false,__stdcall,2,0,,0,0,2,0,application,recovered
0x00061046,34,FUN_00061046,DEFAULT,false,__stdcall,2,0,,0,0,0,0,application,recovered
0x00061068,64,FUN_00061068,DEFAULT,false,__stdcall,1,3,,0,0,2,0,application,recovered
0x000610a8,64,FUN_000610a8,DEFAULT,false,__stdcall,1,3,,0,0,2,0,application,recovered
0x000610e8,20,FUN_000610e8,DEFAULT,false,__stdcall,1,2,,0,0,0,0,application,recovered
0x000610fc,226,FUN_000610fc,DEFAULT,false,__stdcall,1,0,,40,0,0,0,application,recovered
0x000611de,94,FUN_000611de,DEFAULT,false,__stdcall,4,1,,8,0,2,0,application,recovered
0x0006123c,60,FUN_0006123c,DEFAULT,false,__stdcall,1,1,,0,0,1,0,application,recovered
0x00061278,144,FUN_00061278,DEFAULT,false,__stdcall,1,6,,3,0,4,0,application,recovered
0x00061308,34,FUN_00061308,DEFAULT,false,__stdcall,1,1,,0,0,1,0,application,recovered
0x0006132a,46,FUN_0006132a,DEFAULT,false,__stdcall,1,4,,0,0,1,0,application,recovered
0x00061358,108,FUN_00061358,DEFAULT,false,__stdcall,1,0,,0,0,1,0,application,recovered
0x000613c4,46,FUN_000613c4,DEFAULT,false,__stdcall,1,0,,1,0,0,0,application,recovered
0x000613f2,238,FUN_000613f2,DEFAULT,false,__stdcall,1,4,,9,0,1,0,application,recovered
0x000614e0,128,FUN_000614e0,DEFAULT,false,__stdcall,1,2,,6,0,1,0,application,recovered
0x00061560,64,FUN_00061560,DEFAULT,false,__stdcall,1,0,,0,0,1,0,application,recovered
0x000615a0,160,FUN_000615a0,DEFAULT,false,__stdcall,1,2,,2,0,1,0,application,recovered
0x00061640,62,FUN_00061640,DEFAULT,false,__stdcall,1,0,,5,0,0,0,application,recovered
0x0006167e,88,FUN_0006167e,DEFAULT,false,__stdcall,1,1,,0,0,5,0,application,recovered
0x000616d6,116,FUN_000616d6,DEFAULT,false,__stdcall,1,1,,0,0,2,0,application,recovered
0x0006174a,102,FUN_0006174a,DEFAULT,false,__stdcall,1,0,,9,0,0,0,application,recovered
0x000617b0,86,FUN_000617b0,DEFAULT,false,__stdcall,1,6,,1,0,0,0,application,recovered
0x00061806,22,FUN_00061806,DEFAULT,false,__stdcall,1,1,,0,0,0,0,application,recovered
0x0006181c,156,FUN_0006181c,DEFAULT,false,__stdcall,1,1,,0,0,3,0,application,recovered
0x000618b8,84,FUN_000618b8,DEFAULT,false,__stdcall,1,0,,3,0,0,0,application,recovered
0x0006190c,116,FUN_0006190c,DEFAULT,false,__stdcall,1,0,,7,0,2,0,application,recovered
0x000619ba,54,FUN_000619ba,DEFAULT,false,__stdcall,1,2,,0,0,2,0,application,recovered
0x000619f0,54,FUN_000619f0,DEFAULT,false,__stdcall,1,2,,0,0,2,0,application,recovered
0x00061a26,20,FUN_00061a26,DEFAULT,false,__stdcall,1,2,,0,0,0,0,application,recovered
0x00061a3a,36,FUN_00061a3a,DEFAULT,false,__stdcall,1,2,,0,0,1,0,application,recovered
0x00061a5e,32,FUN_00061a5e,DEFAULT,false,__stdcall,1,2,,0,0,1,0,application,recovered
0x00061a82,26,FUN_00061a82,DEFAULT,false,__stdcall,1,2,,0,0,0,0,application,recovered
0x00061a9c,94,FUN_00061a9c,DEFAULT,false,__stdcall,1,2,,0,0,1,0,application,recovered
0x00061afa,30,FUN_00061afa,DEFAULT,false,__stdcall,6,0,,0,0,0,0,application,recovered
0x00061b18,58,FUN_00061b18,DEFAULT,false,__stdcall,1,0,,4,0,0,0,application,recovered
0x00061b52,14,FUN_00061b52,DEFAULT,false,__stdcall,1,0,,0,0,0,0,application,recovered
0x00061b60,222,FUN_00061b60,DEFAULT,false,__stdcall,1,1,,8,0,0,0,application,recovered
0x00061c3e,128,FUN_00061c3e,DEFAULT,false,__stdcall,1,2,,6,0,0,0,application,recovered
0x00061cbe,2,FUN_00061cbe,DEFAULT,false,__stdcall,1,0,,0,0,0,0,application,recovered
0x00061cc0,8,FUN_00061cc0,DEFAULT,false,__stdcall,1,0,,0,0,0,0,application,recovered
0x00061cc8,146,FUN_00061cc8,DEFAULT,false,__stdcall,2,1,,4,0,14,3,application,recovered
0x00061d5a,34,FUN_00061d5a,DEFAULT,false,__stdcall,1,2,,3,0,0,0,application,recovered
0x00061d88,38,application_default_exception_handler,USER_DEFINED,false,__interrupt,0,1,interrupt,0,0,0,0,application,annotated
0x00061dae,38,FUN_00061dae,DEFAULT,false,__stdcall,1,1,,0,0,0,0,application,recovered
0x00061dd4,1096,application_peripheral_init,USER_DEFINED,false,__stdcall,1,1,,0,241,2,0,application,annotated
0x0006221c,22,FUN_0006221c,DEFAULT,false,__stdcall,1,0,,2,0,0,0,application,recovered
0x00062232,32,FUN_00062232,DEFAULT,false,__stdcall,1,6,,0,0,0,0,application,recovered
0x00062252,60,FUN_00062252,DEFAULT,false,__stdcall,1,0,,0,0,0,0,application,recovered
0x0006228e,20,FUN_0006228e,DEFAULT,false,__stdcall,1,2,,0,0,0,0,application,recovered
0x000622a2,732,FUN_000622a2,DEFAULT,false,__stdcall,1,1,,0,15,0,0,application,recovered
0x0006257e,192,FUN_0006257e,DEFAULT,false,__stdcall,1,3,,0,3,0,0,application,recovered
0x0006263e,36,FUN_0006263e,DEFAULT,false,__stdcall,1,0,,1,0,1,0,application,recovered
0x00062662,32,FUN_00062662,DEFAULT,false,__stdcall,1,0,,2,0,2,1,application,recovered
0x00062682,32,FUN_00062682,DEFAULT,false,__stdcall,1,1,,0,0,0,0,application,recovered
0x000626a2,84,FUN_000626a2,DEFAULT,false,__stdcall,1,5,,0,3,0,0,application,recovered
0x000626f6,98,FUN_000626f6,DEFAULT,false,__stdcall,1,1,,0,0,0,0,application,recovered
0x00062758,110,application_startup_coordinator,USER_DEFINED,false,__stdcall,1,24,,0,0,0,0,application,annotated
0x000627c6,24,FUN_000627c6,DEFAULT,false,__stdcall,1,4,,0,0,0,0,application,recovered
0x000627de,174,FUN_000627de,DEFAULT,false,__stdcall,1,6,,2,0,3,0,application,recovered
0x0006288c,98,FUN_0006288c,DEFAULT,false,__stdcall,1,3,,1,0,3,0,application,recovered
0x000628ee,148,FUN_000628ee,DEFAULT,false,__stdcall,1,4,,6,0,6,0,application,recovered
0x00062982,268,FUN_00062982,DEFAULT,false,__stdcall,1,4,,1,0,7,0,application,recovered
0x00062a8e,100,FUN_00062a8e,DEFAULT,false,__stdcall,1,3,,1,0,3,0,application,recovered
0x00062af2,212,FUN_00062af2,DEFAULT,false,__stdcall,1,4,,1,0,5,0,application,recovered
0x00062bc6,238,FUN_00062bc6,DEFAULT,false,__stdcall,1,8,,8,0,5,0,application,recovered
0x00062cb4,68,FUN_00062cb4,DEFAULT,false,__stdcall,1,2,,9,0,0,0,application,recovered
0x00062d24,48,FUN_00062d24,DEFAULT,false,__stdcall,1,1,,7,0,0,0,application,recovered
0x00062d54,186,FUN_00062d54,DEFAULT,false,__stdcall,1,4,,8,0,4,0,application,recovered
0x00062e0e,128,FUN_00062e0e,DEFAULT,false,__stdcall,10,5,,3,0,5,0,application,recovered
0x00062e8e,58,FUN_00062e8e,DEFAULT,false,__stdcall,2,1,,0,3,0,0,application,recovered
0x00062ec8,14,FUN_00062ec8,DEFAULT,false,__stdcall,1,0,,0,0,0,0,application,recovered
0x00062ed6,40,FUN_00062ed6,DEFAULT,false,__stdcall,1,0,,0,0,0,0,application,recovered
0x00062efe,202,FUN_00062efe,DEFAULT,false,__stdcall,1,1,,0,3,0,0,application,recovered
0x00062fc8,66,FUN_00062fc8,DEFAULT,false,__stdcall,1,4,,0,0,1,0,application,recovered
0x0006300a,156,FUN_0006300a,DEFAULT,false,__stdcall,3,4,,1,0,3,0,application,recovered
0x000630a6,210,FUN_000630a6,DEFAULT,false,__stdcall,1,8,,0,3,1,0,application,recovered
0x00063178,108,FUN_00063178,DEFAULT,false,__stdcall,2,1,,0,3,0,0,application,recovered
0x000631e4,150,FUN_000631e4,DEFAULT,false,__stdcall,1,3,,1,0,3,0,application,recovered
0x0006327a,230,FUN_0006327a,DEFAULT,false,__stdcall,2,2,,0,3,1,0,application,recovered
0x00063360,110,FUN_00063360,DEFAULT,false,__stdcall,2,1,,0,3,0,0,application,recovered
0x000633ce,234,FUN_000633ce,DEFAULT,false,__stdcall,2,2,,0,3,1,0,application,recovered
0x000634b8,210,FUN_000634b8,DEFAULT,false,__stdcall,1,9,,0,0,4,0,application,recovered
0x0006358a,100,FUN_0006358a,DEFAULT,false,__stdcall,2,3,,1,0,3,0,application,recovered
0x000635ee,82,FUN_000635ee,DEFAULT,false,__stdcall,1,4,,1,0,0,0,application,recovered
0x00063640,276,FUN_00063640,DEFAULT,false,__stdcall,1,5,,1,0,7,0,application,recovered
0x00063754,100,FUN_00063754,DEFAULT,false,__stdcall,1,6,,1,0,0,0,application,recovered
0x000637b8,52,FUN_000637b8,DEFAULT,false,__stdcall,1,5,,0,0,0,0,application,recovered
0x00063818,216,FUN_00063818,DEFAULT,false,__stdcall,1,3,,1,0,4,0,application,recovered
0x000638f0,112,FUN_000638f0,DEFAULT,false,__stdcall,1,4,,1,0,2,0,application,recovered
0x00063960,154,FUN_00063960,DEFAULT,false,__stdcall,1,5,,5,0,6,0,application,recovered
0x000639fa,100,FUN_000639fa,DEFAULT,false,__stdcall,1,3,,1,0,3,0,application,recovered
0x00063a5e,146,FUN_00063a5e,DEFAULT,false,__stdcall,1,3,,1,0,3,0,application,recovered
0x00063af0,122,FUN_00063af0,DEFAULT,false,__stdcall,1,4,,1,0,4,0,application,recovered
0x00063b6a,256,FUN_00063b6a,DEFAULT,false,__stdcall,1,8,,12,0,4,0,application,recovered
0x00063c6a,44,FUN_00063c6a,DEFAULT,false,__stdcall,1,1,,3,0,0,0,application,recovered
0x00063c96,44,FUN_00063c96,DEFAULT,false,__stdcall,1,1,,3,0,0,0,application,recovered
0x00063cc2,210,FUN_00063cc2,DEFAULT,false,__stdcall,1,0,,30,0,0,0,application,recovered
0x00063d94,10,FUN_00063d94,DEFAULT,false,__stdcall,3,0,,0,0,0,0,application,recovered
0x00063d9e,102,FUN_00063d9e,DEFAULT,false,__stdcall,4,1,,7,0,1,0,application,recovered
0x00063e04,18,FUN_00063e04,DEFAULT,false,__stdcall,1,1,,0,0,0,0,application,recovered
0x00063e16,34,FUN_00063e16,DEFAULT,false,__stdcall,1,3,,0,0,1,0,application,recovered
0x00063e38,34,FUN_00063e38,DEFAULT,false,__stdcall,1,3,,0,0,1,0,application,recovered
0x00063e7c,34,FUN_00063e7c,DEFAULT,false,__stdcall,1,3,,0,0,1,0,application,recovered
0x00063e9e,70,FUN_00063e9e,DEFAULT,false,__stdcall,4,1,,5,0,0,0,application,recovered
0x00063ee4,80,FUN_00063ee4,DEFAULT,false,__stdcall,1,1,,2,0,1,0,application,recovered
0x00063f34,122,FUN_00063f34,DEFAULT,false,__stdcall,1,3,,4,0,2,0,application,recovered
0x00063fae,116,FUN_00063fae,DEFAULT,false,__stdcall,1,3,,4,0,2,0,application,recovered
0x00064080,114,FUN_00064080,DEFAULT,false,__stdcall,1,3,,4,0,2,0,application,recovered
0x000641c2,14,FUN_000641c2,DEFAULT,false,__stdcall,1,0,,0,0,0,0,application,recovered
0x000641d0,68,FUN_000641d0,DEFAULT,false,__stdcall,1,1,,12,0,0,0,application,recovered
0x00064214,56,FUN_00064214,DEFAULT,false,__stdcall,3,3,,0,0,1,0,application,recovered
0x0006424c,22,FUN_0006424c,DEFAULT,false,__stdcall,1,1,,1,0,1,0,application,recovered
0x00064278,22,FUN_00064278,DEFAULT,false,__stdcall,1,1,,1,0,1,0,application,recovered
0x0006428e,132,FUN_0006428e,DEFAULT,false,__stdcall,1,2,,4,0,5,0,application,recovered
0x00064312,100,FUN_00064312,DEFAULT,false,__stdcall,1,3,,0,0,1,0,application,recovered
0x00064376,54,FUN_00064376,DEFAULT,false,__stdcall,1,2,,3,0,3,0,application,recovered
0x000643ac,22,FUN_000643ac,DEFAULT,false,__stdcall,1,1,,1,0,1,0,application,recovered
0x000643c2,82,FUN_000643c2,DEFAULT,false,__stdcall,1,0,,0,0,0,0,application,recovered
0x00064414,848,FUN_00064414,DEFAULT,false,__stdcall,1,0,,0,0,0,0,application,recovered
0x00064764,88,FUN_00064764,DEFAULT,false,__stdcall,1,0,,0,0,0,0,application,recovered
0x000647bc,24,FUN_000647bc,DEFAULT,false,__stdcall,1,0,,0,0,0,0,application,recovered
0x000647d4,244,FUN_000647d4,DEFAULT,false,__stdcall,1,1,,0,0,34,0,application,recovered
0x000648c8,38,FUN_000648c8,DEFAULT,false,__stdcall,1,1,,2,0,1,0,application,recovered
0x000648ee,116,FUN_000648ee,DEFAULT,false,__stdcall,11,0,,0,0,16,0,application,recovered
0x00064962,200,FUN_00064962,DEFAULT,false,__stdcall,5,0,,0,0,0,0,application,recovered
0x00064a2a,138,FUN_00064a2a,DEFAULT,false,__stdcall,8,0,,0,0,0,0,application,recovered
0x00064ab4,138,FUN_00064ab4,DEFAULT,false,__stdcall,8,0,,0,0,0,0,application,recovered
0x00064b3e,144,application_vector_0x90_handler,USER_DEFINED,false,__interrupt,0,3,interrupt,2,0,1,0,application,annotated
0x00064bce,36,FUN_00064bce,DEFAULT,false,__stdcall,2,1,,1,0,0,0,application,recovered
0x00064bf2,82,FUN_00064bf2,DEFAULT,false,__stdcall,1,1,,0,3,1,0,application,recovered
0x00064c44,58,FUN_00064c44,DEFAULT,false,__stdcall,1,3,,1,0,1,0,application,recovered
0x00064c7e,36,FUN_00064c7e,DEFAULT,false,__stdcall,1,0,,1,0,0,0,application,recovered
0x00064ca2,18,FUN_00064ca2,DEFAULT,false,__stdcall,1,1,,1,0,0,0,application,recovered
0x00064cb4,36,FUN_00064cb4,DEFAULT,false,__stdcall,2,1,,1,0,0,0,application,recovered
0x00064cd8,104,FUN_00064cd8,DEFAULT,false,__stdcall,1,2,,0,3,1,0,application,recovered
0x00064d40,130,FUN_00064d40,DEFAULT,false,__stdcall,1,3,,1,3,2,0,application,recovered
0x00064dc2,36,FUN_00064dc2,DEFAULT,false,__stdcall,2,1,,1,0,0,0,application,recovered
0x00064de6,168,FUN_00064de6,DEFAULT,false,__stdcall,1,1,,0,3,0,0,application,recovered
0x00064e8e,58,FUN_00064e8e,DEFAULT,false,__stdcall,1,3,,1,0,1,0,application,recovered
0x00064ec8,48,FUN_00064ec8,DEFAULT,false,__stdcall,1,3,,0,0,1,0,application,recovered
0x00064ef8,32,FUN_00064ef8,DEFAULT,false,__stdcall,1,2,,4,0,0,0,application,recovered
0x00064f18,60,application_tauj0_ch0_body,USER_DEFINED,false,__stdcall,1,4,,1,0,1,0,application,annotated
0x00064f54,60,application_tauj0_ch1_body,USER_DEFINED,false,__stdcall,1,4,,1,0,1,0,application,annotated
0x00064f90,60,application_tauj0_ch2_body,USER_DEFINED,false,__stdcall,1,4,,1,0,1,0,application,annotated
0x00064fcc,92,application_foreground_cyclic_loop,USER_DEFINED,false,__stdcall,1,8,scheduler,1,1,1,0,application,annotated
0x00065028,66,application_can1_tx_isr,USER_DEFINED,false,__interrupt,0,6,interrupt,0,0,1,0,application,annotated
0x0006506a,66,application_can1_rx_isr,USER_DEFINED,false,__interrupt,0,6,interrupt,0,0,1,0,application,annotated
0x000650ac,66,application_icus_ch292_isr,USER_DEFINED,false,__interrupt,0,6,interrupt,0,0,1,0,application,annotated
0x000650ee,66,application_icus_ch293_isr,USER_DEFINED,false,__interrupt,0,6,interrupt,0,0,1,0,application,annotated
0x00065130,54,application_flash_end_isr,USER_DEFINED,false,__interrupt,0,5,interrupt,0,0,0,0,application,annotated
0x00065166,224,FUN_00065166,DEFAULT,false,__stdcall,1,0,,0,0,14,0,application,recovered
0x00065246,192,FUN_00065246,DEFAULT,false,__stdcall,1,0,,0,0,12,0,application,recovered
0x00065306,164,FUN_00065306,DEFAULT,false,__stdcall,1,0,,0,0,12,0,application,recovered
0x000653aa,52,FUN_000653aa,DEFAULT,false,__stdcall,1,0,,0,0,0,0,application,recovered
0x000653de,130,FUN_000653de,DEFAULT,false,__stdcall,1,0,,0,0,0,0,application,recovered
0x00065460,28,FUN_00065460,DEFAULT,false,__stdcall,1,5,,0,0,0,0,application,recovered
0x0006547c,224,FUN_0006547c,DEFAULT,false,__stdcall,1,2,,0,0,14,0,application,recovered
0x0006555c,202,FUN_0006555c,DEFAULT,false,__stdcall,1,1,,0,0,15,0,application,recovered
0x00065626,202,FUN_00065626,DEFAULT,false,__stdcall,1,48,,0,0,0,0,application,recovered
0x000656f0,24,FUN_000656f0,DEFAULT,false,__stdcall,1,4,,0,0,0,0,application,recovered
0x00065708,24,FUN_00065708,DEFAULT,false,__stdcall,1,4,,0,0,0,0,application,recovered
0x00065720,48,FUN_00065720,DEFAULT,false,__stdcall,1,10,,0,0,0,0,application,recovered
0x00065750,32,FUN_00065750,DEFAULT,false,__stdcall,1,6,,0,0,0,0,application,recovered
0x00065770,12,FUN_00065770,DEFAULT,false,__stdcall,1,1,,0,0,0,0,application,recovered
0x0006577c,12,FUN_0006577c,DEFAULT,false,__stdcall,1,1,,0,0,0,0,application,recovered
0x00065788,6,FUN_00065788,DEFAULT,false,__stdcall,1,0,,1,0,0,0,application,recovered
0x0006578e,190,FUN_0006578e,DEFAULT,false,__stdcall,1,2,,26,0,0,0,application,recovered
0x0006584c,80,FUN_0006584c,DEFAULT,false,__stdcall,1,1,,9,0,0,0,application,recovered
0x0006589c,150,FUN_0006589c,DEFAULT,false,__stdcall,1,3,,19,0,0,0,application,recovered
0x00065932,18,FUN_00065932,DEFAULT,false,__stdcall,1,1,,0,0,0,0,application,recovered
0x00065944,28,FUN_00065944,DEFAULT,false,__stdcall,1,1,,0,0,0,0,application,recovered
0x00065960,28,FUN_00065960,DEFAULT,false,__stdcall,1,1,,0,0,0,0,application,recovered
0x0006597c,14,FUN_0006597c,DEFAULT,false,__stdcall,1,1,,0,0,0,0,application,recovered
0x0006598a,14,FUN_0006598a,DEFAULT,false,__stdcall,1,1,,0,0,0,0,application,recovered
0x00065998,18,FUN_00065998,DEFAULT,false,__stdcall,1,1,,0,0,0,0,application,recovered
0x000659aa,28,FUN_000659aa,DEFAULT,false,__stdcall,1,1,,0,0,0,0,application,recovered
0x000659c6,28,FUN_000659c6,DEFAULT,false,__stdcall,1,1,,0,0,0,0,application,recovered
0x000659e2,14,FUN_000659e2,DEFAULT,false,__stdcall,1,1,,0,0,0,0,application,recovered
0x000659f0,14,FUN_000659f0,DEFAULT,false,__stdcall,1,1,,0,0,0,0,application,recovered
0x000659fe,14,FUN_000659fe,DEFAULT,false,__stdcall,1,1,,0,0,0,0,application,recovered
0x00065a0c,14,FUN_00065a0c,DEFAULT,false,__stdcall,1,1,,0,0,0,0,application,recovered
0x00065a1a,28,FUN_00065a1a,DEFAULT,false,__stdcall,1,1,,0,0,1,0,application,recovered
0x00065a36,14,FUN_00065a36,DEFAULT,false,__stdcall,1,1,,0,0,0,0,application,recovered
0x00065a44,14,FUN_00065a44,DEFAULT,false,__stdcall,1,1,,0,0,0,0,application,recovered
0x00065a52,28,FUN_00065a52,DEFAULT,false,__stdcall,1,1,,0,0,1,0,application,recovered
0x00065a80,128,FUN_00065a80,DEFAULT,false,__stdcall,2,4,,1,0,0,0,application,recovered
0x00065b00,50,FUN_00065b00,DEFAULT,false,__stdcall,1,2,,1,0,1,0,application,recovered
0x00065b32,92,FUN_00065b32,DEFAULT,false,__stdcall,1,6,,11,0,0,0,application,recovered
0x00065b8e,56,FUN_00065b8e,DEFAULT,false,__stdcall,10,2,,0,0,0,0,application,recovered
0x00065bc6,104,FUN_00065bc6,DEFAULT,false,__stdcall,1,6,,4,0,0,0,application,recovered
0x00065c2e,50,FUN_00065c2e,DEFAULT,false,__stdcall,1,4,,0,0,0,0,application,recovered
0x00065c60,36,secoc_nvm_cyclic_task,USER_DEFINED,false,__stdcall,1,4,,1,0,0,0,application,annotated
0x00065c84,84,secoc_nvm_restore_request,USER_DEFINED,false,__stdcall,0,4,,3,0,0,0,application,annotated
0x00065cd8,92,secoc_nvm_object_update,USER_DEFINED,false,__stdcall,21,4,,3,0,0,0,application,annotated
0x00065d34,50,FUN_00065d34,DEFAULT,false,__stdcall,10,3,,0,0,0,0,application,recovered
0x00065d66,50,checkpoint_object_restore_read,USER_DEFINED,false,__stdcall,34,3,,0,0,0,0,application,annotated
0x00065d98,34,FUN_00065d98,DEFAULT,false,__stdcall,4,0,,0,0,0,0,application,recovered
0x00065dba,44,FUN_00065dba,DEFAULT,false,__stdcall,2,0,,0,0,0,0,application,recovered
0x00065de6,120,FUN_00065de6,DEFAULT,false,__stdcall,1,1,,0,0,0,0,application,recovered
0x00065e5e,28,FUN_00065e5e,DEFAULT,false,__stdcall,1,3,,1,0,0,0,application,recovered
0x00065e7a,14,FUN_00065e7a,DEFAULT,false,__stdcall,1,0,,1,0,0,0,application,recovered
0x00065e88,74,FUN_00065e88,DEFAULT,false,__stdcall,3,4,,1,0,0,0,application,recovered
0x00065eee,26,FUN_00065eee,DEFAULT,false,__stdcall,1,1,,3,0,0,0,application,recovered
0x00065f24,26,FUN_00065f24,DEFAULT,false,__stdcall,1,1,,3,0,0,0,application,recovered
0x00065f3e,26,FUN_00065f3e,DEFAULT,false,__stdcall,1,1,,3,0,0,0,application,recovered
0x00065f58,4,FUN_00065f58,DEFAULT,false,__stdcall,1,0,,0,0,0,0,application,recovered
0x00065f5c,12,FUN_00065f5c,DEFAULT,false,__stdcall,1,1,,0,0,0,0,application,recovered
0x00065f68,98,FUN_00065f68,DEFAULT,false,__stdcall,1,1,,5,0,3,0,application,recovered
0x00065fca,48,FUN_00065fca,DEFAULT,false,__stdcall,1,0,,0,0,0,0,application,recovered
0x00065ffa,52,FUN_00065ffa,DEFAULT,false,__stdcall,3,1,,0,0,2,0,application,recovered
0x0006602e,104,FUN_0006602e,DEFAULT,false,__stdcall,1,3,,3,0,1,0,application,recovered
0x00066096,74,FUN_00066096,DEFAULT,false,__stdcall,1,2,,0,0,1,0,application,recovered
0x000660e0,90,FUN_000660e0,DEFAULT,false,__stdcall,1,2,,1,0,3,0,application,recovered
0x0006613a,56,FUN_0006613a,DEFAULT,false,__stdcall,1,1,,0,0,1,0,application,recovered
0x00066172,110,FUN_00066172,DEFAULT,false,__stdcall,1,3,,0,0,3,0,application,recovered
0x000661e0,74,FUN_000661e0,DEFAULT,false,__stdcall,1,2,,0,0,0,0,application,recovered
0x0006622a,134,FUN_0006622a,DEFAULT,false,__stdcall,1,0,,15,0,4,0,application,recovered
0x000662b0,10,FUN_000662b0,DEFAULT,false,__stdcall,1,0,,2,0,0,0,application,recovered
0x000662ba,114,FUN_000662ba,DEFAULT,false,__stdcall,3,0,,4,0,1,0,application,recovered
0x0006632c,28,FUN_0006632c,DEFAULT,false,__stdcall,3,0,,0,0,1,0,application,recovered
0x00066348,44,FUN_00066348,DEFAULT,false,__stdcall,2,0,,1,0,1,0,application,recovered
0x00066374,210,secoc_nvm_checkpoint_scheduler,USER_DEFINED,false,__stdcall,1,7,,7,0,1,0,application,annotated
0x00066446,200,FUN_00066446,DEFAULT,false,__stdcall,1,4,,6,0,3,0,application,recovered
0x0006650e,230,FUN_0006650e,DEFAULT,false,__stdcall,1,3,,4,0,4,0,application,recovered
0x000665f4,26,FUN_000665f4,DEFAULT,false,__stdcall,2,0,,0,0,1,0,application,recovered
0x0006660e,22,FUN_0006660e,DEFAULT,false,__stdcall,2,0,,0,0,1,0,application,recovered
0x00066624,128,FUN_00066624,DEFAULT,false,__stdcall,1,4,,4,0,1,0,application,recovered
0x000666a4,314,FUN_000666a4,DEFAULT,false,__stdcall,1,5,,4,0,4,0,application,recovered
0x000667de,32,FUN_000667de,DEFAULT,false,__stdcall,1,0,,2,0,0,0,application,recovered
0x00066896,28,FUN_00066896,DEFAULT,false,__stdcall,1,0,,1,0,1,0,application,recovered
0x000668b2,60,FUN_000668b2,DEFAULT,false,__stdcall,1,1,,1,0,3,0,application,recovered
0x000668ee,46,FUN_000668ee,DEFAULT,false,__stdcall,1,0,,1,0,1,0,application,recovered
0x0006691c,6,FUN_0006691c,DEFAULT,false,__stdcall,1,0,,1,0,0,0,application,recovered
0x00066922,154,FUN_00066922,DEFAULT,false,__stdcall,1,1,,14,0,4,0,application,recovered
0x000669bc,6,FUN_000669bc,DEFAULT,false,__stdcall,1,0,,1,0,0,0,application,recovered
0x000669c2,114,FUN_000669c2,DEFAULT,false,__stdcall,4,0,,4,0,1,0,application,recovered
0x00066a34,28,FUN_00066a34,DEFAULT,false,__stdcall,3,0,,0,0,1,0,application,recovered
0x00066a50,44,FUN_00066a50,DEFAULT,false,__stdcall,2,0,,1,0,1,0,application,recovered
0x00066a7c,70,FUN_00066a7c,DEFAULT,false,__stdcall,2,0,,1,0,2,0,application,recovered
0x00066ac2,308,secoc_nvm_redundancy_scheduler,USER_DEFINED,false,__stdcall,1,10,,10,0,1,0,application,annotated
0x00066bf6,62,FUN_00066bf6,DEFAULT,false,__stdcall,2,0,,1,0,2,0,application,recovered
0x00066c34,204,FUN_00066c34,DEFAULT,false,__stdcall,1,7,,5,0,1,0,application,recovered
0x00066d00,130,FUN_00066d00,DEFAULT,false,__stdcall,1,4,,1,0,2,0,application,recovered
0x00066d82,26,FUN_00066d82,DEFAULT,false,__stdcall,2,0,,0,0,1,0,application,recovered
0x00066d9c,22,FUN_00066d9c,DEFAULT,false,__stdcall,2,0,,0,0,1,0,application,recovered
0x00066db2,150,secoc_nvm_queue_restore,USER_DEFINED,false,__stdcall,1,5,,3,0,1,0,application,annotated
0x00066e48,384,secoc_nvm_redundant_object_update,USER_DEFINED,false,__stdcall,1,7,,5,0,4,0,application,annotated
0x00067076,56,FUN_00067076,DEFAULT,false,__stdcall,1,1,,0,0,1,0,application,recovered
0x000670ae,102,FUN_000670ae,DEFAULT,false,__stdcall,1,3,,0,0,3,0,application,recovered
0x00067114,72,FUN_00067114,DEFAULT,false,__stdcall,1,1,,3,0,1,0,application,recovered
0x0006715c,6,FUN_0006715c,DEFAULT,false,__stdcall,1,0,,1,0,0,0,application,recovered
0x00067162,222,secoc_nvm_state_init,USER_DEFINED,false,__stdcall,1,3,,26,0,2,0,application,annotated
0x00067240,66,FUN_00067240,DEFAULT,false,__stdcall,1,4,,3,0,0,0,application,recovered
0x00067282,12,FUN_00067282,DEFAULT,false,__stdcall,1,1,,0,0,0,0,application,recovered
0x0006728e,264,secoc_nvm_restore_all,USER_DEFINED,false,__stdcall,1,1,,5,0,5,0,application,annotated
0x00067396,92,FUN_00067396,DEFAULT,false,__stdcall,1,0,,2,0,2,0,application,recovered
0x000673f2,62,FUN_000673f2,DEFAULT,false,__stdcall,1,3,,1,0,1,0,application,recovered
0x00067430,10,FUN_00067430,DEFAULT,false,__stdcall,2,0,,1,0,0,0,application,recovered
0x0006743a,110,FUN_0006743a,DEFAULT,false,__stdcall,1,1,,5,0,2,0,application,recovered
0x000674a8,232,secoc_nvm_checkpoint_write_submit,USER_DEFINED,false,__stdcall,1,1,,9,0,4,0,application,annotated
0x00067590,120,secoc_nvm_restore_triplicate,USER_DEFINED,false,__stdcall,1,1,,2,0,1,0,application,annotated
0x00067608,254,secoc_nvm_persist_triplicate,USER_DEFINED,false,__stdcall,2,1,,6,0,3,0,application,annotated
0x00067706,66,FUN_00067706,DEFAULT,false,__stdcall,2,2,,1,0,0,0,application,recovered
0x00067748,188,FUN_00067748,DEFAULT,false,__stdcall,1,2,,1,0,5,0,application,recovered
0x00067804,138,FUN_00067804,DEFAULT,false,__stdcall,1,2,,1,0,2,0,application,recovered
0x0006788e,6,FUN_0006788e,DEFAULT,false,__stdcall,2,0,,1,0,0,0,application,recovered
0x00067894,28,FUN_00067894,DEFAULT,false,__stdcall,4,0,,1,0,1,0,application,recovered
0x000678b0,152,FUN_000678b0,DEFAULT,false,__stdcall,2,3,,1,0,3,0,application,recovered
0x00067948,20,FUN_00067948,DEFAULT,false,__stdcall,2,0,,0,0,0,0,application,recovered
0x0006795c,88,FUN_0006795c,DEFAULT,false,__stdcall,1,3,,1,0,0,0,application,recovered
0x000679b4,6,FUN_000679b4,DEFAULT,false,__stdcall,2,0,,1,0,0,0,application,recovered
0x000679ba,28,FUN_000679ba,DEFAULT,false,__stdcall,4,0,,1,0,1,0,application,recovered
0x000679d6,194,nvm_validate_triplicate_records,USER_DEFINED,false,__stdcall,2,3,,1,0,2,0,application,annotated
0x00067a98,304,checkpoint_restore_complete,USER_DEFINED,false,__stdcall,1,1,,8,0,5,0,application,annotated
0x00067bc8,108,FUN_00067bc8,DEFAULT,false,__stdcall,1,0,,2,0,3,0,application,recovered
0x00067c34,332,secoc_nvm_triplicate_read_complete,USER_DEFINED,false,__stdcall,1,1,,6,0,4,0,application,annotated
0x00067d80,136,FUN_00067d80,DEFAULT,false,__stdcall,1,0,,2,0,2,0,application,recovered
0x00067e08,198,FUN_00067e08,DEFAULT,false,__stdcall,1,6,,3,0,3,0,application,recovered
0x00067ece,6,FUN_00067ece,DEFAULT,false,__stdcall,1,0,,1,0,0,0,application,recovered
0x00067ed4,4,FUN_00067ed4,DEFAULT,false,__stdcall,1,0,,0,0,0,0,application,recovered
0x00067ed8,4,FUN_00067ed8,DEFAULT,false,__stdcall,1,0,,0,0,0,0,application,recovered
0x00067edc,56,FUN_00067edc,DEFAULT,false,__stdcall,2,0,,11,0,0,0,application,recovered
0x00067f14,54,FUN_00067f14,DEFAULT,false,__stdcall,5,0,,4,0,0,0,application,recovered
0x00067f4a,132,FUN_00067f4a,DEFAULT,false,__stdcall,1,0,,26,0,0,0,application,recovered
0x00067fce,232,FUN_00067fce,DEFAULT,false,__stdcall,2,3,,44,0,0,0,application,recovered
0x000680b6,14,FUN_000680b6,DEFAULT,false,__stdcall,1,0,,2,0,0,0,application,recovered
0x000680c4,16,FUN_000680c4,DEFAULT,false,__stdcall,4,0,,0,0,1,0,application,recovered
0x000680d4,36,FUN_000680d4,DEFAULT,false,__stdcall,1,3,,0,0,0,0,application,recovered
0x000680f8,144,secoc_icus_slot4_kat_disabled_sync,USER_DEFINED,false,__stdcall,1,7,,0,0,4,0,application,annotated
0x00068188,16,FUN_00068188,DEFAULT,false,__stdcall,1,1,,1,0,0,0,application,recovered
0x00068198,128,FUN_00068198,DEFAULT,false,__stdcall,1,1,,5,0,1,0,application,recovered
0x00068218,36,secoc_icus_slot4_kat_commit,USER_DEFINED,false,__stdcall,2,1,,1,0,0,0,application,annotated
0x0006823c,106,FUN_0006823c,DEFAULT,false,__stdcall,2,3,,1,0,0,0,application,recovered
0x000682a6,82,secoc_icus_slot4_kat_disabled_async,USER_DEFINED,false,__stdcall,2,1,,1,0,4,0,application,annotated
0x000682f8,112,FUN_000682f8,DEFAULT,false,__stdcall,1,3,,3,0,1,0,application,recovered
0x00068368,898,application_com_opaque_rx_shadow_bank0,USER_DEFINED,false,__stdcall,1,1,,34,0,25,0,application,annotated
0x000686ea,116,FUN_000686ea,DEFAULT,false,__stdcall,1,4,,3,0,1,0,application,recovered
0x0006875e,996,application_com_opaque_rx_shadow_bank1,USER_DEFINED,false,__stdcall,1,2,,40,0,24,0,application,annotated
0x00068b42,128,icus_crypto_test_submit,USER_DEFINED,false,__stdcall,1,2,,7,0,0,0,application,annotated
0x00068bc2,74,FUN_00068bc2,DEFAULT,false,__stdcall,1,2,,2,0,1,0,application,recovered
0x00068c0c,122,FUN_00068c0c,DEFAULT,false,__stdcall,1,7,,8,0,0,0,application,recovered
0x00068c86,76,FUN_00068c86,DEFAULT,false,__stdcall,1,0,,4,0,1,0,application,recovered
0x00068cd2,60,FUN_00068cd2,DEFAULT,false,__stdcall,1,2,,2,0,0,0,application,recovered
0x00068d0e,46,FUN_00068d0e,DEFAULT,false,__stdcall,1,0,,3,0,0,0,application,recovered
0x00068d3c,170,FUN_00068d3c,DEFAULT,false,__stdcall,1,0,,10,0,2,0,application,recovered
0x00068de6,48,FUN_00068de6,DEFAULT,false,__stdcall,1,4,,3,0,0,0,application,recovered
0x00068e16,146,FUN_00068e16,DEFAULT,false,__stdcall,1,1,,5,0,0,0,application,recovered
0x00068ea8,100,FUN_00068ea8,DEFAULT,false,__stdcall,1,1,,2,0,0,0,application,recovered
0x00069068,38,icus_command5_test_result_compare,USER_DEFINED,false,__stdcall,1,0,,4,0,0,0,application,annotated
0x00069094,6,FUN_00069094,DEFAULT,false,__stdcall,1,0,,1,0,0,0,application,recovered
0x0006909a,6,FUN_0006909a,DEFAULT,false,__stdcall,1,0,,1,0,0,0,application,recovered
0x000690a0,14,FUN_000690a0,DEFAULT,false,__stdcall,1,0,,1,0,0,0,application,recovered
0x000690ae,6,FUN_000690ae,DEFAULT,false,__stdcall,1,0,,1,0,0,0,application,recovered
0x000690b4,6,FUN_000690b4,DEFAULT,false,__stdcall,1,0,,1,0,0,0,application,recovered
0x000690ba,6,FUN_000690ba,DEFAULT,false,__stdcall,1,0,,1,0,0,0,application,recovered
0x000690c0,30,FUN_000690c0,DEFAULT,false,__stdcall,1,0,,2,0,0,0,application,recovered
0x000690de,6,FUN_000690de,DEFAULT,false,__stdcall,1,0,,1,0,0,0,application,recovered
0x000690e4,6,FUN_000690e4,DEFAULT,false,__stdcall,3,0,,1,0,0,0,application,recovered
0x000690ea,18,FUN_000690ea,DEFAULT,false,__stdcall,1,0,,1,0,0,0,application,recovered
0x000690fc,26,FUN_000690fc,DEFAULT,false,__stdcall,1,0,,2,0,0,0,application,recovered
0x00069116,6,FUN_00069116,DEFAULT,false,__stdcall,1,0,,1,0,0,0,application,recovered
0x0006911c,102,FUN_0006911c,DEFAULT,false,__stdcall,1,1,,5,0,1,0,application,recovered
0x000691ea,32,FUN_000691ea,DEFAULT,false,__stdcall,1,0,,3,0,0,0,application,recovered
0x00069246,36,icus_command7_test_completion,USER_DEFINED,false,__stdcall,0,0,,4,0,0,0,application,annotated
0x0006926a,26,icus_command5_test_completion,USER_DEFINED,false,__stdcall,0,1,,1,0,0,0,application,annotated
0x00069284,8,FUN_00069284,DEFAULT,false,__stdcall,1,0,,1,0,0,0,application,recovered
0x0006928c,2,FUN_0006928c,DEFAULT,false,__stdcall,1,0,,0,0,0,0,application,recovered
0x00069292,4,FUN_00069292,DEFAULT,false,__stdcall,1,0,,0,0,0,0,application,recovered
0x00069296,146,FUN_00069296,DEFAULT,false,__stdcall,1,1,,0,0,3,0,application,recovered
0x00069328,50,FUN_00069328,DEFAULT,false,__stdcall,1,2,,0,0,2,0,application,recovered
0x0006935a,4,FUN_0006935a,DEFAULT,false,__stdcall,1,0,,0,0,0,0,application,recovered
0x0006935e,28,FUN_0006935e,DEFAULT,false,__stdcall,0,1,,0,0,1,0,application,recovered
0x00069380,16,FUN_00069380,DEFAULT,false,__stdcall,1,2,,0,0,0,0,application,recovered
0x000693a4,2,FUN_000693a4,DEFAULT,false,__stdcall,1,0,,0,0,0,0,application,recovered
0x000693b0,30,FUN_000693b0,DEFAULT,false,__stdcall,1,0,,3,0,0,0,application,recovered
0x000693ce,102,FUN_000693ce,DEFAULT,false,__stdcall,18,0,,2,0,0,0,application,recovered
0x00069434,94,FUN_00069434,DEFAULT,false,__stdcall,18,0,,2,0,0,0,application,recovered
0x00069492,26,FUN_00069492,DEFAULT,false,__stdcall,3,0,,0,0,1,0,application,recovered
0x000694ae,28,FUN_000694ae,DEFAULT,false,__stdcall,0,0,,0,0,0,0,application,recovered
0x000694cc,24,FUN_000694cc,DEFAULT,false,__stdcall,0,0,,0,0,0,0,application,recovered
0x000694e4,12,FUN_000694e4,DEFAULT,false,__stdcall,6,0,,0,0,0,0,application,recovered
0x0006951c,12,FUN_0006951c,DEFAULT,false,__stdcall,0,0,,0,0,0,0,application,recovered
0x0006953c,44,FUN_0006953c,DEFAULT,false,__stdcall,1,0,,0,0,0,0,application,recovered
0x0006956a,40,FUN_0006956a,DEFAULT,false,__stdcall,2,0,,0,0,2,0,application,recovered
0x00069594,24,FUN_00069594,DEFAULT,false,__stdcall,1,0,,0,0,0,0,application,recovered
0x000695ae,56,FUN_000695ae,DEFAULT,false,__stdcall,3,0,,0,0,0,0,application,recovered
0x000695e8,50,FUN_000695e8,DEFAULT,false,__stdcall,5,0,,0,0,0,0,application,recovered
0x0006961c,14,FUN_0006961c,DEFAULT,false,__stdcall,73,0,,0,0,0,0,application,recovered
0x0006962a,138,FUN_0006962a,DEFAULT,false,__stdcall,27,0,,0,0,0,0,application,recovered
0x000696b4,60,FUN_000696b4,DEFAULT,false,__stdcall,27,0,,0,0,0,0,application,recovered
0x000697e4,14,FUN_000697e4,DEFAULT,false,__stdcall,30,0,,0,0,0,0,application,recovered
0x000697f2,50,FUN_000697f2,DEFAULT,false,__stdcall,8,0,,0,0,1,0,application,recovered
0x00069824,1352,com_signal_deadline_monitor_a,USER_DEFINED,false,__stdcall,10,1,,0,0,1,0,application,annotated
0x00069d6c,12,FUN_00069d6c,DEFAULT,false,__stdcall,85,0,,0,0,0,0,application,recovered
0x00069d78,16,FUN_00069d78,DEFAULT,false,__stdcall,40,0,,0,0,0,0,application,recovered
0x00069d88,48,FUN_00069d88,DEFAULT,false,__stdcall,19,0,,0,0,1,0,application,recovered
0x00069db8,52,FUN_00069db8,DEFAULT,false,__stdcall,8,0,,0,0,1,0,application,recovered
0x00069dec,1182,com_signal_deadline_monitor_c,USER_DEFINED,false,__stdcall,28,0,,0,0,1,0,application,annotated
0x0006a28a,1208,com_signal_deadline_monitor_d,USER_DEFINED,false,__stdcall,12,0,,0,0,1,0,application,annotated
0x0006a742,12,FUN_0006a742,DEFAULT,false,__stdcall,3,0,,0,0,0,0,application,recovered
0x0006a760,410,FUN_0006a760,DEFAULT,false,__stdcall,1,0,,0,0,0,0,application,recovered
0x0006a8fa,16,FUN_0006a8fa,DEFAULT,false,__stdcall,30,0,,0,0,0,0,application,recovered
0x0006a9d4,72,FUN_0006a9d4,DEFAULT,false,__stdcall,8,0,,0,0,1,0,application,recovered
0x0006ad24,1444,com_signal_deadline_monitor_b,USER_DEFINED,false,__stdcall,10,1,,0,0,1,0,application,annotated
0x0006ee8c,166,FUN_0006ee8c,DEFAULT,false,__stdcall,6,0,,0,0,0,0,application,recovered
0x0006f080,24,FUN_0006f080,DEFAULT,false,__stdcall,2,0,,0,0,0,0,application,recovered
0x0006f09a,18,FUN_0006f09a,DEFAULT,false,__stdcall,4,0,,0,0,0,0,application,recovered
0x0006f0ae,18,FUN_0006f0ae,DEFAULT,false,__stdcall,1,0,,0,0,0,0,application,recovered
0x0006f0c2,12,FUN_0006f0c2,DEFAULT,false,__stdcall,1,0,,0,0,0,0,application,recovered
0x0006f0d0,12,FUN_0006f0d0,DEFAULT,false,__stdcall,1,0,,0,0,0,0,application,recovered
0x0006f0de,16,FUN_0006f0de,DEFAULT,false,__stdcall,0,0,,0,0,0,0,application,recovered
0x0006f0f0,16,FUN_0006f0f0,DEFAULT,false,__stdcall,0,0,,0,0,0,0,application,recovered
0x0006f110,6,FUN_0006f110,DEFAULT,false,__stdcall,4,0,,0,0,0,0,application,recovered
0x0006f116,30,FUN_0006f116,DEFAULT,false,__stdcall,4,0,,0,0,0,0,application,recovered
0x0006f134,38,FUN_0006f134,DEFAULT,false,__stdcall,55,0,,0,0,0,0,application,recovered
0x0006f15a,30,FUN_0006f15a,DEFAULT,false,__stdcall,55,0,,0,0,0,0,application,recovered
0x0006f178,84,FUN_0006f178,DEFAULT,false,__stdcall,3,0,,0,0,0,0,application,recovered
0x0006f1cc,84,FUN_0006f1cc,DEFAULT,false,__stdcall,8,0,,0,0,0,0,application,recovered
0x0006f220,84,FUN_0006f220,DEFAULT,false,__stdcall,5,0,,0,0,0,0,application,recovered
0x0006f274,84,FUN_0006f274,DEFAULT,false,__stdcall,5,0,,0,0,0,0,application,recovered
0x0006f5e4,56,FUN_0006f5e4,DEFAULT,false,__stdcall,1,0,,0,0,0,0,application,recovered
0x0006f61e,86,FUN_0006f61e,DEFAULT,false,__stdcall,4,0,,0,0,0,0,application,recovered
0x0006f676,46,FUN_0006f676,DEFAULT,false,__stdcall,1,0,,0,0,2,0,application,recovered
0x0006f6a6,118,FUN_0006f6a6,DEFAULT,false,__stdcall,7,2,,0,0,1,0,application,recovered
0x0006f71c,118,FUN_0006f71c,DEFAULT,false,__stdcall,4,2,,0,0,1,0,application,recovered
0x0006f792,126,FUN_0006f792,DEFAULT,false,__stdcall,1,2,,0,0,1,0,application,recovered
0x0006f97a,68,FUN_0006f97a,DEFAULT,false,__stdcall,23,2,,0,0,1,0,application,recovered
0x0006f9be,68,FUN_0006f9be,DEFAULT,false,__stdcall,12,2,,0,0,1,0,application,recovered
0x0006fa02,76,FUN_0006fa02,DEFAULT,false,__stdcall,1,2,,0,0,1,0,application,recovered
0x0006fb22,46,FUN_0006fb22,DEFAULT,false,__stdcall,1,0,,0,0,0,0,application,recovered
0x0006fb50,166,FUN_0006fb50,DEFAULT,false,__stdcall,3,1,,0,0,4,0,application,recovered
0x0006fda2,292,FUN_0006fda2,DEFAULT,false,__stdcall,2,0,,0,0,0,0,application,recovered
0x0006fec6,78,FUN_0006fec6,DEFAULT,false,__stdcall,1,0,,0,0,0,0,application,recovered
0x0006ff14,112,FUN_0006ff14,DEFAULT,false,__stdcall,1,0,,0,0,0,0,application,recovered
0x0007023e,44,FUN_0007023e,DEFAULT,false,__stdcall,6,0,,0,0,0,0,application,recovered
0x00070292,84,FUN_00070292,DEFAULT,false,__stdcall,5,0,,0,0,0,0,application,recovered
0x000702e8,32,FUN_000702e8,DEFAULT,false,__stdcall,2,1,,1,0,2,0,application,recovered
0x00070308,24,FUN_00070308,DEFAULT,false,__stdcall,2,1,,0,0,1,0,application,recovered
0x00070320,170,application_tauj0_ch0_isr,USER_DEFINED,false,__interrupt,0,4,interrupt,2,0,2,0,application,annotated
0x000703ca,172,application_tauj0_ch1_isr,USER_DEFINED,false,__interrupt,0,4,interrupt,2,0,2,0,application,annotated
0x00070476,172,application_tauj0_ch2_isr,USER_DEFINED,false,__interrupt,0,4,interrupt,2,0,2,0,application,annotated
0x00070524,44,application_cpu_context_init,USER_DEFINED,false,__stdcall,1,0,,0,0,0,0,application,annotated
0x00070550,46,FUN_00070550,DEFAULT,false,__stdcall,1,0,,0,0,0,0,application,recovered
0x00070580,30,FUN_00070580,DEFAULT,false,__stdcall,1,0,,1,0,0,0,application,recovered
0x0007059e,1200,boot_shutdown_reset_path,USER_DEFINED,false,__stdcall,0,0,,1,4,0,0,application,annotated
0x00070a54,352,application_ecm_maskable_isr,USER_DEFINED,false,__interrupt,0,4,interrupt,1,0,1,0,application,annotated
0x00070bb8,30,FUN_00070bb8,DEFAULT,false,__stdcall,1,0,,0,0,0,0,application,recovered
0x00070bd8,22,FUN_00070bd8,DEFAULT,false,__stdcall,36,0,,0,0,0,0,application,recovered
0x00070c10,64,FUN_00070c10,DEFAULT,false,__stdcall,1,0,,5,0,2,0,application,recovered
0x00070c50,2,FUN_00070c50,DEFAULT,false,__stdcall,10,0,,0,0,0,0,application,recovered
0x00070c52,18,FUN_00070c52,DEFAULT,false,__stdcall,0,0,,1,0,0,0,application,recovered
0x00070c64,4,FUN_00070c64,DEFAULT,false,__stdcall,1,0,,0,0,0,0,application,recovered
0x00070c68,18,FUN_00070c68,DEFAULT,false,__stdcall,1,0,,1,0,0,0,application,recovered
0x00070c7a,30,FUN_00070c7a,DEFAULT,false,__stdcall,7,1,,1,0,0,0,application,recovered
0x00070c98,22,FUN_00070c98,DEFAULT,false,__stdcall,1,0,,1,0,0,0,application,recovered
0x00070cae,62,FUN_00070cae,DEFAULT,false,__stdcall,1,1,,2,0,0,0,application,recovered
0x00070cec,12,FUN_00070cec,DEFAULT,false,__stdcall,1,0,,1,0,0,0,application,recovered
0x00070cf8,4,FUN_00070cf8,DEFAULT,false,__stdcall,3,0,,0,0,0,0,application,recovered
0x00070cfc,46,FUN_00070cfc,DEFAULT,false,__stdcall,1,1,,0,0,2,0,application,recovered
0x00070d2a,78,FUN_00070d2a,DEFAULT,false,__stdcall,1,3,,0,0,3,0,application,recovered
0x00070d78,30,FUN_00070d78,DEFAULT,false,__stdcall,1,2,,0,0,0,0,application,recovered
0x00070d96,98,FUN_00070d96,DEFAULT,false,__stdcall,1,3,,6,0,1,0,application,recovered
0x00070df8,44,FUN_00070df8,DEFAULT,false,__stdcall,4,1,,1,0,1,0,application,recovered
0x00070e24,116,FUN_00070e24,DEFAULT,false,__stdcall,2,4,,0,0,1,0,application,recovered
0x00070e98,90,FUN_00070e98,DEFAULT,false,__stdcall,2,2,,6,0,1,0,application,recovered
0x00070ef2,98,FUN_00070ef2,DEFAULT,false,__stdcall,4,3,,0,0,1,0,application,recovered
0x00070f54,14,FUN_00070f54,DEFAULT,false,__stdcall,1,1,,0,0,0,0,application,recovered
0x00070f62,30,FUN_00070f62,DEFAULT,false,__stdcall,1,2,,0,0,0,0,application,recovered
0x00070f80,28,FUN_00070f80,DEFAULT,false,__stdcall,7,2,,0,0,0,0,application,recovered
0x00070f9c,14,FUN_00070f9c,DEFAULT,false,__stdcall,0,1,,0,0,0,0,application,recovered
0x00070faa,30,FUN_00070faa,DEFAULT,false,__stdcall,0,2,,0,0,0,0,application,recovered
0x00070fc8,28,FUN_00070fc8,DEFAULT,false,__stdcall,3,2,,0,0,0,0,application,recovered
0x00070fe4,14,FUN_00070fe4,DEFAULT,false,__stdcall,0,1,,0,0,0,0,application,recovered
0x00070ff2,30,FUN_00070ff2,DEFAULT,false,__stdcall,2,2,,0,0,0,0,application,recovered
0x00071010,28,FUN_00071010,DEFAULT,false,__stdcall,2,2,,0,0,0,0,application,recovered
0x0007102c,12,FUN_0007102c,DEFAULT,false,__stdcall,1,0,,1,0,0,0,application,recovered
0x00071038,14,FUN_00071038,DEFAULT,false,__stdcall,1,1,,0,0,0,0,application,recovered
0x00071046,12,FUN_00071046,DEFAULT,false,__stdcall,1,0,,1,0,0,0,application,recovered
0x00071052,14,FUN_00071052,DEFAULT,false,__stdcall,1,1,,0,0,0,0,application,recovered
0x00071060,24,FUN_00071060,DEFAULT,false,__stdcall,4,0,,1,0,0,0,application,recovered
0x00071078,18,FUN_00071078,DEFAULT,false,__stdcall,7,0,,1,0,0,0,application,recovered
0x0007108a,22,FUN_0007108a,DEFAULT,false,__stdcall,8,1,,0,0,1,0,application,recovered
0x000710a0,24,FUN_000710a0,DEFAULT,false,__stdcall,13,1,,1,0,0,0,application,recovered
0x000710b8,18,FUN_000710b8,DEFAULT,false,__stdcall,4,0,,1,0,0,0,application,recovered
0x000710ca,18,FUN_000710ca,DEFAULT,false,__stdcall,1,1,,0,0,1,0,application,recovered
0x000710dc,18,FUN_000710dc,DEFAULT,false,__stdcall,1,1,,0,0,1,0,application,recovered
0x000710ee,60,FUN_000710ee,DEFAULT,false,__stdcall,1,0,,9,0,0,0,application,recovered
0x0007112a,12,FUN_0007112a,DEFAULT,false,__stdcall,1,1,,0,0,0,0,application,recovered
0x00071136,72,FUN_00071136,DEFAULT,false,__stdcall,1,0,,5,0,0,0,application,recovered
0x0007117e,56,FUN_0007117e,DEFAULT,false,__stdcall,1,0,,5,0,0,0,application,recovered
0x000711b8,80,FUN_000711b8,DEFAULT,false,__stdcall,2,1,,2,0,0,0,application,recovered
0x00071208,60,FUN_00071208,DEFAULT,false,__stdcall,1,0,,3,0,2,0,application,recovered
0x00071244,110,FUN_00071244,DEFAULT,false,__stdcall,1,2,,1,0,6,0,application,recovered
0x000712b2,148,FUN_000712b2,DEFAULT,false,__stdcall,1,3,,3,0,4,0,application,recovered
0x00071346,66,FUN_00071346,DEFAULT,false,__stdcall,1,4,,1,0,1,0,application,recovered
0x00071388,36,FUN_00071388,DEFAULT,false,__stdcall,1,2,,0,0,0,0,application,recovered
0x000713ac,56,FUN_000713ac,DEFAULT,false,__stdcall,6,2,,3,0,0,0,application,recovered
0x000713e4,76,FUN_000713e4,DEFAULT,false,__stdcall,0,3,,3,0,0,0,application,recovered
0x0007147e,30,FUN_0007147e,DEFAULT,false,__stdcall,2,2,,0,0,0,0,application,recovered
0x0007149c,96,FUN_0007149c,DEFAULT,false,__stdcall,1,6,,2,0,0,0,application,recovered
0x000714fc,66,FUN_000714fc,DEFAULT,false,__stdcall,0,4,,3,0,0,0,application,recovered
0x000715b6,126,FUN_000715b6,DEFAULT,false,__stdcall,0,7,,3,0,0,0,application,recovered
0x000716ce,84,FUN_000716ce,DEFAULT,false,__stdcall,1,5,,2,0,0,0,application,recovered
0x00071722,32,FUN_00071722,DEFAULT,false,__stdcall,0,2,,2,0,0,0,application,recovered
0x0007179c,48,FUN_0007179c,DEFAULT,false,__stdcall,1,0,,0,0,2,0,application,recovered
0x000717cc,44,FUN_000717cc,DEFAULT,false,__stdcall,1,2,,0,0,0,0,application,recovered
0x000717f8,22,FUN_000717f8,DEFAULT,false,__stdcall,1,0,,1,0,0,0,application,recovered
0x0007180e,52,FUN_0007180e,DEFAULT,false,__stdcall,2,1,,4,0,0,0,application,recovered
0x00071842,78,FUN_00071842,DEFAULT,false,__stdcall,1,3,,4,0,0,0,application,recovered
0x00071890,56,FUN_00071890,DEFAULT,false,__stdcall,3,4,,1,0,0,0,application,recovered
0x000718c8,106,FUN_000718c8,DEFAULT,false,__stdcall,1,6,,3,0,0,0,application,recovered
0x00071932,38,FUN_00071932,DEFAULT,false,__stdcall,0,2,,1,0,0,0,application,recovered
0x000719e6,94,FUN_000719e6,DEFAULT,false,__stdcall,1,6,,1,0,0,0,application,recovered
0x00071a44,56,FUN_00071a44,DEFAULT,false,__stdcall,0,3,,2,0,0,0,application,recovered
0x00071b1e,126,FUN_00071b1e,DEFAULT,false,__stdcall,0,6,,2,0,0,0,application,recovered
0x00071bd2,88,FUN_00071bd2,DEFAULT,false,__stdcall,1,4,,0,0,2,0,application,recovered
0x00071c2a,142,FUN_00071c2a,DEFAULT,false,__stdcall,0,8,,1,0,0,0,application,recovered
0x00071d9c,2,FUN_00071d9c,DEFAULT,false,__stdcall,1,0,,0,0,0,0,application,recovered
0x00071d9e,66,nvm_queue_service_request,USER_DEFINED,false,__stdcall,2,5,,0,0,0,0,application,annotated
0x00071de0,58,FUN_00071de0,DEFAULT,false,__stdcall,1,6,,0,0,0,0,application,recovered
0x00071e1c,40,FUN_00071e1c,DEFAULT,false,__stdcall,1,2,,0,0,0,0,application,recovered
0x00071e44,22,FUN_00071e44,DEFAULT,false,__stdcall,1,2,,0,0,0,0,application,recovered
0x00071e5a,52,FUN_00071e5a,DEFAULT,false,__stdcall,2,6,,0,0,0,0,application,recovered
0x00071ee6,14,FUN_00071ee6,DEFAULT,false,__stdcall,2,1,,0,0,0,0,application,recovered
0x00071f38,22,FUN_00071f38,DEFAULT,false,__stdcall,2,0,,0,0,0,0,application,recovered
0x00071f4e,70,FUN_00071f4e,DEFAULT,false,__stdcall,1,5,,0,0,0,0,application,recovered
0x00071f94,58,FUN_00071f94,DEFAULT,false,__stdcall,1,6,,0,0,0,0,application,recovered
0x00071fce,26,FUN_00071fce,DEFAULT,false,__stdcall,1,1,,0,0,1,0,application,recovered
0x00071fe8,28,FUN_00071fe8,DEFAULT,false,__stdcall,2,1,,1,0,0,0,application,recovered
0x00072004,14,FUN_00072004,DEFAULT,false,__stdcall,1,1,,0,0,0,0,application,recovered
0x00072012,30,FUN_00072012,DEFAULT,false,__stdcall,1,0,,4,0,0,0,application,recovered
0x00072030,8,FUN_00072030,DEFAULT,false,__stdcall,4,0,,0,0,0,0,application,recovered
0x00072038,134,FUN_00072038,DEFAULT,false,__stdcall,1,2,,7,0,1,0,application,recovered
0x000720be,76,FUN_000720be,DEFAULT,false,__stdcall,1,0,,7,0,0,0,application,recovered
0x0007210a,120,FUN_0007210a,DEFAULT,false,__stdcall,1,4,,4,0,0,0,application,recovered
0x00072182,58,FUN_00072182,DEFAULT,false,__stdcall,1,1,,4,0,0,0,application,recovered
0x000721bc,20,FUN_000721bc,DEFAULT,false,__stdcall,1,2,,0,0,0,0,application,recovered
0x000721e4,76,FUN_000721e4,DEFAULT,false,__stdcall,3,1,,4,0,0,0,application,recovered
0x00072230,54,FUN_00072230,DEFAULT,false,__stdcall,2,1,,0,0,0,0,application,recovered
0x00072266,50,FUN_00072266,DEFAULT,false,__stdcall,3,1,,0,0,0,0,application,recovered
0x00072298,12,FUN_00072298,DEFAULT,false,__stdcall,3,0,,0,0,1,0,application,recovered
0x000722a4,76,FUN_000722a4,DEFAULT,false,__stdcall,1,2,,1,0,1,0,application,recovered
0x000722f0,90,FUN_000722f0,DEFAULT,false,__stdcall,1,3,,1,0,0,0,application,recovered
0x0007234a,74,FUN_0007234a,DEFAULT,false,__stdcall,1,2,,0,0,0,0,application,recovered
0x00072394,28,FUN_00072394,DEFAULT,false,__stdcall,2,0,,0,0,0,0,application,recovered
0x000723b0,62,FUN_000723b0,DEFAULT,false,__stdcall,2,3,,0,0,0,0,application,recovered
0x000723ee,112,FUN_000723ee,DEFAULT,false,__stdcall,1,3,,0,0,0,0,application,recovered
0x0007245e,40,FUN_0007245e,DEFAULT,false,__stdcall,4,0,,0,0,1,0,application,recovered
0x00072486,60,FUN_00072486,DEFAULT,false,__stdcall,1,4,,0,0,0,0,application,recovered
0x000724c2,58,FUN_000724c2,DEFAULT,false,__stdcall,1,0,,1,0,0,0,application,recovered
0x000724fc,90,FUN_000724fc,DEFAULT,false,__stdcall,2,3,,1,0,0,0,application,recovered
0x00072556,90,FUN_00072556,DEFAULT,false,__stdcall,2,1,,3,0,0,0,application,recovered
0x000725b0,28,FUN_000725b0,DEFAULT,false,__stdcall,1,0,,0,0,0,0,application,recovered
0x000725cc,42,FUN_000725cc,DEFAULT,false,__stdcall,1,2,,0,0,0,0,application,recovered
0x000725f6,194,FUN_000725f6,DEFAULT,false,__stdcall,1,7,,2,0,0,0,application,recovered
0x000726b8,60,FUN_000726b8,DEFAULT,false,__stdcall,1,2,,0,0,0,0,application,recovered
0x000726f4,164,FUN_000726f4,DEFAULT,false,__stdcall,1,6,,2,0,0,0,application,recovered
0x000728e8,48,FUN_000728e8,DEFAULT,false,__stdcall,2,0,,4,0,0,0,application,recovered
0x00072918,64,FUN_00072918,DEFAULT,false,__stdcall,1,1,,4,0,0,0,application,recovered
0x00072958,24,FUN_00072958,DEFAULT,false,__stdcall,1,0,,4,0,0,0,application,recovered
0x00072976,2,FUN_00072976,DEFAULT,false,__stdcall,1,0,,0,0,0,0,application,recovered
0x000729cc,42,FUN_000729cc,DEFAULT,false,__stdcall,4,0,,0,0,0,0,application,recovered
0x000729f6,42,FUN_000729f6,DEFAULT,false,__stdcall,6,0,,0,0,0,0,application,recovered
0x00072a20,44,FUN_00072a20,DEFAULT,false,__stdcall,1,0,,7,0,0,0,application,recovered
0x00072a4c,32,FUN_00072a4c,DEFAULT,false,__stdcall,1,0,,4,0,0,0,application,recovered
0x00072a6c,48,FUN_00072a6c,DEFAULT,false,__stdcall,3,1,,2,0,0,0,application,recovered
0x00072a9c,14,FUN_00072a9c,DEFAULT,false,__stdcall,2,1,,0,0,0,0,application,recovered
0x00072aaa,12,FUN_00072aaa,DEFAULT,false,__stdcall,1,1,,0,0,0,0,application,recovered
0x00072ab6,90,FUN_00072ab6,DEFAULT,false,__stdcall,1,1,,2,0,3,0,application,recovered
0x00072b10,116,FUN_00072b10,DEFAULT,false,__stdcall,1,2,,3,0,3,0,application,recovered
0x00072b84,54,FUN_00072b84,DEFAULT,false,__stdcall,1,3,,2,0,1,0,application,recovered
0x00072bba,34,FUN_00072bba,DEFAULT,false,__stdcall,1,1,,2,0,0,0,application,recovered
0x00072bdc,10,FUN_00072bdc,DEFAULT,false,__stdcall,0,0,,1,0,0,0,application,recovered
0x00072be6,16,FUN_00072be6,DEFAULT,false,__stdcall,2,0,,1,0,0,0,application,recovered
0x00072bf6,2,FUN_00072bf6,DEFAULT,false,__stdcall,2,0,,0,0,0,0,application,recovered
0x00072c10,2,FUN_00072c10,DEFAULT,false,__stdcall,1,0,,0,0,0,0,application,recovered
0x00072c12,2,FUN_00072c12,DEFAULT,false,__stdcall,1,0,,0,0,0,0,application,recovered
0x00072c14,12,FUN_00072c14,DEFAULT,false,__stdcall,1,0,,0,0,1,0,application,recovered
0x00072c20,44,FUN_00072c20,DEFAULT,false,__stdcall,0,3,,0,0,0,0,application,recovered
0x00072cca,80,FUN_00072cca,DEFAULT,false,__stdcall,0,3,,0,0,0,0,application,recovered
0x00072e4a,20,FUN_00072e4a,DEFAULT,false,__stdcall,1,0,,1,0,0,0,application,recovered
0x00072e5e,26,FUN_00072e5e,DEFAULT,false,__stdcall,1,0,,1,0,2,0,application,recovered
0x00072e7a,60,FUN_00072e7a,DEFAULT,false,__stdcall,1,12,,0,0,0,0,application,recovered
0x00072f58,44,nvm_read_block_submit,USER_DEFINED,false,__stdcall,5,2,,0,0,0,0,application,annotated
0x00072f84,44,nvm_write_block_submit,USER_DEFINED,false,__stdcall,2,2,,0,0,0,0,application,annotated
0x00073084,68,FUN_00073084,DEFAULT,false,__stdcall,1,9,,0,0,0,0,application,recovered
0x000730d4,60,FUN_000730d4,DEFAULT,false,__stdcall,1,8,,0,0,0,0,application,recovered
0x00073110,48,FUN_00073110,DEFAULT,false,__stdcall,1,3,,0,0,0,0,application,recovered
0x00073140,14,FUN_00073140,DEFAULT,false,__stdcall,1,1,,0,0,0,0,application,recovered
0x0007315a,2,FUN_0007315a,DEFAULT,false,__stdcall,1,0,,0,0,0,0,application,recovered
0x0007315c,60,FUN_0007315c,DEFAULT,false,__stdcall,2,1,,0,0,1,0,application,recovered
0x000731aa,58,FUN_000731aa,DEFAULT,false,__stdcall,2,2,,0,0,0,0,application,recovered
0x000732f8,52,FUN_000732f8,DEFAULT,false,__stdcall,2,1,,0,0,1,0,application,recovered
0x0007332c,60,FUN_0007332c,DEFAULT,false,__stdcall,1,3,,0,0,0,0,application,recovered
0x00073368,42,FUN_00073368,DEFAULT,false,__stdcall,1,4,,0,0,0,0,application,recovered
0x00073392,70,FUN_00073392,DEFAULT,false,__stdcall,1,4,,0,0,0,0,application,recovered
0x0007352c,2,FUN_0007352c,DEFAULT,false,__stdcall,1,0,,0,0,0,0,application,recovered
0x0007352e,2,FUN_0007352e,DEFAULT,false,__stdcall,1,0,,0,0,0,0,application,recovered
0x00073530,4,FUN_00073530,DEFAULT,false,__stdcall,3,0,,0,0,0,0,application,recovered
0x00073538,18,FUN_00073538,DEFAULT,false,__stdcall,1,0,,2,0,0,0,application,recovered
0x0007354a,10,FUN_0007354a,DEFAULT,false,__stdcall,2,0,,1,0,0,0,application,recovered
0x00073554,48,FUN_00073554,DEFAULT,false,__stdcall,2,2,,1,0,1,0,application,recovered
0x00073584,42,FUN_00073584,DEFAULT,false,__stdcall,1,0,,2,0,2,0,application,recovered
0x000735ae,28,FUN_000735ae,DEFAULT,false,__stdcall,2,0,,1,0,1,0,application,recovered
0x000735ca,80,FUN_000735ca,DEFAULT,false,__stdcall,3,4,,2,0,1,0,application,recovered
0x0007361a,52,FUN_0007361a,DEFAULT,false,__stdcall,1,2,,1,0,1,0,application,recovered
0x0007364e,42,FUN_0007364e,DEFAULT,false,__stdcall,1,0,,2,0,2,0,application,recovered
0x00073678,82,FUN_00073678,DEFAULT,false,__stdcall,1,4,,2,0,1,0,application,recovered
0x000736ca,16,FUN_000736ca,DEFAULT,false,__stdcall,4,0,,1,0,0,0,application,recovered
0x000736da,16,FUN_000736da,DEFAULT,false,__stdcall,2,0,,1,0,0,0,application,recovered
0x000736ea,22,FUN_000736ea,DEFAULT,false,__stdcall,1,0,,1,0,1,0,application,recovered
0x00073700,56,FUN_00073700,DEFAULT,false,__stdcall,1,1,,1,0,2,0,application,recovered
0x00073738,10,FUN_00073738,DEFAULT,false,__stdcall,2,0,,1,0,0,0,application,recovered
0x00073742,10,FUN_00073742,DEFAULT,false,__stdcall,2,0,,1,0,0,0,application,recovered
0x0007374c,2,FUN_0007374c,DEFAULT,false,__stdcall,1,0,,0,0,0,0,application,recovered
0x0007374e,2,FUN_0007374e,DEFAULT,false,__stdcall,1,0,,0,0,0,0,application,recovered
0x00073750,38,FUN_00073750,DEFAULT,false,__stdcall,4,1,,0,0,1,0,application,recovered
0x000737a0,26,FUN_000737a0,DEFAULT,false,__stdcall,4,0,,0,0,0,0,application,recovered
0x000737ba,40,FUN_000737ba,DEFAULT,false,__stdcall,5,0,,0,0,0,0,application,recovered
0x000737e2,18,FUN_000737e2,DEFAULT,false,__stdcall,3,0,,0,0,0,0,application,recovered
0x000737f4,14,FUN_000737f4,DEFAULT,false,__stdcall,15,0,,0,0,1,0,application,recovered
0x00073802,16,FUN_00073802,DEFAULT,false,__stdcall,5,0,,0,0,1,0,application,recovered
0x00073812,14,FUN_00073812,DEFAULT,false,__stdcall,3,0,,0,0,1,0,application,recovered
0x00073820,52,FUN_00073820,DEFAULT,false,__stdcall,5,2,,0,0,0,0,application,recovered
0x00073854,38,FUN_00073854,DEFAULT,false,__stdcall,12,2,,0,0,0,0,application,recovered
0x0007387a,4,FUN_0007387a,DEFAULT,false,__stdcall,3,0,,0,0,0,0,application,recovered
0x0007387e,4,FUN_0007387e,DEFAULT,false,__stdcall,5,0,,0,0,0,0,application,recovered
0x00073882,32,FUN_00073882,DEFAULT,false,__stdcall,2,0,,0,0,0,0,application,recovered
0x000738a2,26,FUN_000738a2,DEFAULT,false,__stdcall,5,1,,1,0,1,0,application,recovered
0x000738bc,20,FUN_000738bc,DEFAULT,false,__stdcall,2,1,,0,0,1,0,application,recovered
0x000738d0,78,FUN_000738d0,DEFAULT,false,__stdcall,1,1,,1,0,2,0,application,recovered
0x0007391e,14,FUN_0007391e,DEFAULT,false,__stdcall,5,0,,2,0,0,0,application,recovered
0x0007392c,10,FUN_0007392c,DEFAULT,false,__stdcall,4,0,,1,0,0,0,application,recovered
0x00073936,10,FUN_00073936,DEFAULT,false,__stdcall,1,0,,1,0,0,0,application,recovered
0x00073940,20,FUN_00073940,DEFAULT,false,__stdcall,2,0,,5,0,0,0,application,recovered
0x00073954,24,FUN_00073954,DEFAULT,false,__stdcall,3,2,,1,0,0,0,application,recovered
0x0007396c,58,FUN_0007396c,DEFAULT,false,__stdcall,2,1,,5,0,0,0,application,recovered
0x000739a6,36,FUN_000739a6,DEFAULT,false,__stdcall,4,1,,1,0,0,0,application,recovered
0x000739ca,40,FUN_000739ca,DEFAULT,false,__stdcall,3,1,,1,0,1,0,application,recovered
0x000739f2,10,FUN_000739f2,DEFAULT,false,__stdcall,2,0,,1,0,0,0,application,recovered
0x000739fc,62,FUN_000739fc,DEFAULT,false,__stdcall,2,5,,1,0,1,0,application,recovered
0x00073a3a,86,FUN_00073a3a,DEFAULT,false,__stdcall,1,3,,3,0,1,0,application,recovered
0x00073a90,28,FUN_00073a90,DEFAULT,false,__stdcall,1,3,,0,0,0,0,application,recovered
0x00073aac,46,FUN_00073aac,DEFAULT,false,__stdcall,1,5,,1,0,1,0,application,recovered
0x00073ada,12,FUN_00073ada,DEFAULT,false,__stdcall,1,1,,0,0,0,0,application,recovered
0x00073ae6,62,FUN_00073ae6,DEFAULT,false,__stdcall,2,1,,4,0,0,0,application,recovered
0x00073b24,8,FUN_00073b24,DEFAULT,false,__stdcall,1,0,,0,0,0,0,application,recovered
0x00073b2c,54,FUN_00073b2c,DEFAULT,false,__stdcall,2,5,,0,0,1,0,application,recovered
0x00073b62,46,FUN_00073b62,DEFAULT,false,__stdcall,2,0,,3,0,2,0,application,recovered
0x00073b90,52,FUN_00073b90,DEFAULT,false,__stdcall,1,2,,4,0,0,0,application,recovered
0x00073bc4,126,FUN_00073bc4,DEFAULT,false,__stdcall,10,6,,3,0,0,0,application,recovered
0x00073c42,22,FUN_00073c42,DEFAULT,false,__stdcall,2,0,,0,0,0,0,application,recovered
0x00073c58,36,FUN_00073c58,DEFAULT,false,__stdcall,3,1,,1,0,0,0,application,recovered
0x00073c7c,52,FUN_00073c7c,DEFAULT,false,__stdcall,1,4,,0,0,0,0,application,recovered
0x00073cb0,56,FUN_00073cb0,DEFAULT,false,__stdcall,1,4,,0,0,0,0,application,recovered
0x00073ce8,64,FUN_00073ce8,DEFAULT,false,__stdcall,12,4,,0,0,0,0,application,recovered
0x00073d28,100,FUN_00073d28,DEFAULT,false,__stdcall,1,6,,5,0,0,0,application,recovered
0x00073d8c,42,FUN_00073d8c,DEFAULT,false,__stdcall,1,2,,1,0,1,0,application,recovered
0x00073db6,40,FUN_00073db6,DEFAULT,false,__stdcall,1,5,,0,0,0,0,application,recovered
0x00073dde,38,FUN_00073dde,DEFAULT,false,__stdcall,1,2,,0,0,0,0,application,recovered
0x00073e04,46,FUN_00073e04,DEFAULT,false,__stdcall,3,5,,0,0,0,0,application,recovered
0x00073e32,14,FUN_00073e32,DEFAULT,false,__stdcall,1,1,,0,0,0,0,application,recovered
0x00073e40,14,FUN_00073e40,DEFAULT,false,__stdcall,2,1,,0,0,0,0,application,recovered
0x00073e4e,32,FUN_00073e4e,DEFAULT,false,__stdcall,1,0,,0,0,0,0,application,recovered
0x00073e6e,48,FUN_00073e6e,DEFAULT,false,__stdcall,1,4,,0,0,0,0,application,recovered
0x00073e9e,28,FUN_00073e9e,DEFAULT,false,__stdcall,1,1,,0,0,1,0,application,recovered
0x00073eba,40,FUN_00073eba,DEFAULT,false,__stdcall,1,3,,0,0,0,0,application,recovered
0x00073ee2,12,FUN_00073ee2,DEFAULT,false,__stdcall,0,0,,1,0,0,0,application,recovered
0x00073eee,10,FUN_00073eee,DEFAULT,false,__stdcall,0,0,,1,0,0,0,application,recovered
0x00073ef8,26,FUN_00073ef8,DEFAULT,false,__stdcall,6,0,,1,0,0,0,application,recovered
0x00073f12,68,FUN_00073f12,DEFAULT,false,__stdcall,2,0,,8,0,0,0,application,recovered
0x00073f56,22,FUN_00073f56,DEFAULT,false,__stdcall,1,3,,0,0,0,0,application,recovered
0x00073f6c,12,FUN_00073f6c,DEFAULT,false,__stdcall,1,0,,1,0,0,0,application,recovered
0x00073fb2,28,FUN_00073fb2,DEFAULT,false,__stdcall,3,4,,0,0,0,0,application,recovered
0x00073fce,34,FUN_00073fce,DEFAULT,false,__stdcall,2,1,,1,0,0,0,application,recovered
0x00073ff0,50,FUN_00073ff0,DEFAULT,false,__stdcall,0,1,,1,0,1,0,application,recovered
0x00074022,76,FUN_00074022,DEFAULT,false,__stdcall,3,5,,0,0,1,0,application,recovered
0x0007406e,36,FUN_0007406e,DEFAULT,false,__stdcall,0,1,,1,0,1,0,application,recovered
0x00074092,104,FUN_00074092,DEFAULT,false,__stdcall,1,4,,1,0,2,0,application,recovered
0x000740fa,146,FUN_000740fa,DEFAULT,false,__stdcall,0,5,,0,0,2,0,application,recovered
0x000741f2,120,FUN_000741f2,DEFAULT,false,__stdcall,0,4,,1,0,2,0,application,recovered
0x000742e6,86,FUN_000742e6,DEFAULT,false,__stdcall,0,3,,1,0,0,0,application,recovered
0x000743ac,14,FUN_000743ac,DEFAULT,false,__stdcall,2,0,,0,0,0,0,application,recovered
0x0007449e,86,FUN_0007449e,DEFAULT,false,__stdcall,0,3,,1,0,0,0,application,recovered
0x000745b2,54,FUN_000745b2,DEFAULT,false,__stdcall,0,4,,1,0,0,0,application,recovered
0x000745e8,22,FUN_000745e8,DEFAULT,false,__stdcall,1,0,,0,0,0,0,application,recovered
0x000745fe,36,FUN_000745fe,DEFAULT,false,__stdcall,0,2,,1,0,0,0,application,recovered
0x000746d0,68,FUN_000746d0,DEFAULT,false,__stdcall,0,2,,4,0,0,0,application,recovered
0x00074714,116,FUN_00074714,DEFAULT,false,__stdcall,0,4,,4,0,2,0,application,recovered
0x00074898,90,FUN_00074898,DEFAULT,false,__stdcall,0,4,,1,0,0,0,application,recovered
0x00074a48,90,FUN_00074a48,DEFAULT,false,__stdcall,0,4,,1,0,0,0,application,recovered
0x00074abe,104,FUN_00074abe,DEFAULT,false,__stdcall,0,2,,5,0,1,0,application,recovered
0x00074b6e,30,FUN_00074b6e,DEFAULT,false,__stdcall,1,2,,0,0,0,0,application,recovered
0x00074b8c,24,FUN_00074b8c,DEFAULT,false,__stdcall,0,2,,0,0,0,0,application,recovered
0x00074ba4,32,FUN_00074ba4,DEFAULT,false,__stdcall,0,3,,0,0,0,0,application,recovered
0x00074e8e,70,FUN_00074e8e,DEFAULT,false,__stdcall,0,2,,0,0,0,0,application,recovered
0x00074f20,52,FUN_00074f20,DEFAULT,false,__stdcall,0,1,,1,0,1,0,application,recovered
0x00075036,86,FUN_00075036,DEFAULT,false,__stdcall,0,3,,1,0,0,0,application,recovered
0x000750a8,86,FUN_000750a8,DEFAULT,false,__stdcall,0,3,,3,0,2,0,application,recovered
0x00075156,36,FUN_00075156,DEFAULT,false,__stdcall,2,1,,3,0,0,0,application,recovered
0x0007517a,14,FUN_0007517a,DEFAULT,false,__stdcall,1,1,,0,0,0,0,application,recovered
0x00075188,12,FUN_00075188,DEFAULT,false,__stdcall,1,0,,1,0,0,0,application,recovered
0x000751ce,58,FUN_000751ce,DEFAULT,false,__stdcall,0,2,,1,0,1,0,application,recovered
0x00075208,50,FUN_00075208,DEFAULT,false,__stdcall,0,1,,1,0,1,0,application,recovered
0x000752ee,12,FUN_000752ee,DEFAULT,false,__stdcall,0,0,,1,0,0,0,application,recovered
0x000752fa,26,FUN_000752fa,DEFAULT,false,__stdcall,1,0,,1,0,0,0,application,recovered
0x00075314,76,FUN_00075314,DEFAULT,false,__stdcall,0,3,,0,0,0,0,application,recovered
0x0007537c,10,FUN_0007537c,DEFAULT,false,__stdcall,0,0,,1,0,0,0,application,recovered
0x000753c6,52,FUN_000753c6,DEFAULT,false,__stdcall,0,5,,1,0,0,0,application,recovered
0x00075432,12,FUN_00075432,DEFAULT,false,__stdcall,4,0,,1,0,0,0,application,recovered
0x0007543e,20,FUN_0007543e,DEFAULT,false,__stdcall,1,1,,1,0,0,0,application,recovered
0x00075452,40,FUN_00075452,DEFAULT,false,__stdcall,1,8,,0,0,0,0,application,recovered
0x0007547c,6,FUN_0007547c,DEFAULT,false,__stdcall,1,0,,0,0,0,0,application,recovered
0x00075482,66,FUN_00075482,DEFAULT,false,__stdcall,1,5,,0,0,2,0,application,recovered
0x000754c4,30,FUN_000754c4,DEFAULT,false,__stdcall,3,0,,1,0,0,0,application,recovered
0x000754e2,72,FUN_000754e2,DEFAULT,false,__stdcall,1,6,,0,0,0,0,application,recovered
0x000755b4,10,FUN_000755b4,DEFAULT,false,__stdcall,1,0,,1,0,0,0,application,recovered
0x000755be,58,FUN_000755be,DEFAULT,false,__stdcall,1,11,,0,0,0,0,application,recovered
0x000755f8,50,FUN_000755f8,DEFAULT,false,__stdcall,1,2,,1,0,0,0,application,recovered
0x0007562a,12,FUN_0007562a,DEFAULT,false,__stdcall,1,1,,0,0,0,0,application,recovered
0x00075636,10,FUN_00075636,DEFAULT,false,__stdcall,1,0,,1,0,0,0,application,recovered
0x00075692,52,FUN_00075692,DEFAULT,false,__stdcall,1,4,,0,0,0,0,application,recovered
0x000756c6,12,FUN_000756c6,DEFAULT,false,__stdcall,1,1,,0,0,0,0,application,recovered
0x000756d2,16,FUN_000756d2,DEFAULT,false,__stdcall,2,0,,1,0,0,0,application,recovered
0x000756e2,16,FUN_000756e2,DEFAULT,false,__stdcall,2,2,,0,0,0,0,application,recovered
0x000756f2,18,FUN_000756f2,DEFAULT,false,__stdcall,1,0,,2,0,0,0,application,recovered
0x00075704,10,FUN_00075704,DEFAULT,false,__stdcall,1,0,,1,0,0,0,application,recovered
0x0007570e,76,FUN_0007570e,DEFAULT,false,__stdcall,1,4,,3,0,0,0,application,recovered
0x0007577c,34,FUN_0007577c,DEFAULT,false,__stdcall,2,0,,1,0,0,0,application,recovered
0x000757e2,60,FUN_000757e2,DEFAULT,false,__stdcall,1,5,,0,0,0,0,application,recovered
0x0007581e,48,FUN_0007581e,DEFAULT,false,__stdcall,1,7,,0,0,0,0,application,recovered
0x0007584e,10,FUN_0007584e,DEFAULT,false,__stdcall,1,0,,1,0,0,0,application,recovered
0x00075858,72,FUN_00075858,DEFAULT,false,__stdcall,1,4,,0,0,0,0,application,recovered
0x000758a0,78,nvm_read_block_sync,USER_DEFINED,false,__stdcall,1,4,,0,0,0,0,application,annotated
0x000758ee,10,FUN_000758ee,DEFAULT,false,__stdcall,5,0,,1,0,0,0,application,recovered
0x000758f8,10,FUN_000758f8,DEFAULT,false,__stdcall,1,0,,1,0,0,0,application,recovered
0x00075902,10,FUN_00075902,DEFAULT,false,__stdcall,4,0,,1,0,0,0,application,recovered
0x0007590c,10,FUN_0007590c,DEFAULT,false,__stdcall,6,0,,1,0,0,0,application,recovered
0x00075916,46,FUN_00075916,DEFAULT,false,__stdcall,1,0,,4,0,0,0,application,recovered
0x00075966,14,FUN_00075966,DEFAULT,false,__stdcall,1,1,,0,0,0,0,application,recovered
0x00075974,12,FUN_00075974,DEFAULT,false,__stdcall,2,1,,0,0,0,0,application,recovered
0x0007598c,30,FUN_0007598c,DEFAULT,false,__stdcall,1,1,,0,0,0,0,application,recovered
0x000759aa,82,FUN_000759aa,DEFAULT,false,__stdcall,1,1,,0,0,0,0,application,recovered
0x000759fc,22,FUN_000759fc,DEFAULT,false,__stdcall,1,1,,0,0,0,0,application,recovered
0x00075a24,12,FUN_00075a24,DEFAULT,false,__stdcall,1,1,,0,0,0,0,application,recovered
0x00075a30,14,FUN_00075a30,DEFAULT,false,__stdcall,2,1,,0,0,0,0,application,recovered
0x00075a3e,12,FUN_00075a3e,DEFAULT,false,__stdcall,1,1,,0,0,0,0,application,recovered
0x00075a4a,12,FUN_00075a4a,DEFAULT,false,__stdcall,2,1,,0,0,0,0,application,recovered
0x00075a56,14,FUN_00075a56,DEFAULT,false,__stdcall,1,1,,0,0,0,0,application,recovered
0x00075a64,16,FUN_00075a64,DEFAULT,false,__stdcall,1,2,,0,0,0,0,application,recovered
0x00075a74,12,FUN_00075a74,DEFAULT,false,__stdcall,1,1,,0,0,0,0,application,recovered
0x00075a80,12,FUN_00075a80,DEFAULT,false,__stdcall,1,1,,0,0,0,0,application,recovered
0x00075a8c,82,FUN_00075a8c,DEFAULT,false,__stdcall,0,3,,3,0,3,0,application,recovered
0x00075ade,122,FUN_00075ade,DEFAULT,false,__stdcall,0,5,,4,0,3,0,application,recovered
0x00075b58,86,FUN_00075b58,DEFAULT,false,__stdcall,0,4,,2,0,0,0,application,recovered
0x00075bde,68,FUN_00075bde,DEFAULT,false,__stdcall,0,4,,2,0,0,0,application,recovered
0x00075c82,154,FUN_00075c82,DEFAULT,false,__stdcall,0,8,,6,0,0,0,application,recovered
0x00075da6,52,FUN_00075da6,DEFAULT,false,__stdcall,1,3,,0,0,2,0,application,recovered
0x00075dda,90,FUN_00075dda,DEFAULT,false,__stdcall,1,4,,4,0,2,0,application,recovered
0x00075e34,64,FUN_00075e34,DEFAULT,false,__stdcall,1,4,,2,0,0,0,application,recovered
0x00075e74,74,FUN_00075e74,DEFAULT,false,__stdcall,0,3,,3,0,2,0,application,recovered
0x00075ebe,162,FUN_00075ebe,DEFAULT,false,__stdcall,0,8,,4,0,1,0,application,recovered
0x00075f60,156,FUN_00075f60,DEFAULT,false,__stdcall,2,6,,3,0,1,0,application,recovered
0x00075ffc,146,FUN_00075ffc,DEFAULT,false,__stdcall,0,7,,3,0,1,0,application,recovered
0x0007608e,12,FUN_0007608e,DEFAULT,false,__stdcall,0,1,,0,0,0,0,application,recovered
0x0007609a,70,FUN_0007609a,DEFAULT,false,__stdcall,0,3,,3,0,0,0,application,recovered
0x000760e0,204,FUN_000760e0,DEFAULT,false,__stdcall,1,8,,5,0,0,0,application,recovered
0x000761ac,84,FUN_000761ac,DEFAULT,false,__stdcall,0,3,,4,0,2,0,application,recovered
0x00076200,12,FUN_00076200,DEFAULT,false,__stdcall,6,1,,0,0,0,0,application,recovered
0x0007620c,6,FUN_0007620c,DEFAULT,false,__stdcall,1,0,,0,0,0,0,application,recovered
0x00076212,6,FUN_00076212,DEFAULT,false,__stdcall,3,0,,0,0,0,0,application,recovered
0x00076218,6,FUN_00076218,DEFAULT,false,__stdcall,2,0,,0,0,0,0,application,recovered
0x0007621e,6,FUN_0007621e,DEFAULT,false,__stdcall,3,0,,0,0,0,0,application,recovered
0x00076224,6,FUN_00076224,DEFAULT,false,__stdcall,5,0,,0,0,0,0,application,recovered
0x0007622a,6,FUN_0007622a,DEFAULT,false,__stdcall,4,0,,0,0,0,0,application,recovered
0x00076230,24,FUN_00076230,DEFAULT,false,__stdcall,1,1,,0,0,0,0,application,recovered
0x00076248,6,FUN_00076248,DEFAULT,false,__stdcall,2,0,,0,0,0,0,application,recovered
0x0007624e,6,FUN_0007624e,DEFAULT,false,__stdcall,1,0,,0,0,0,0,application,recovered
0x00076254,6,FUN_00076254,DEFAULT,false,__stdcall,2,0,,0,0,0,0,application,recovered
0x0007625a,14,FUN_0007625a,DEFAULT,false,__stdcall,4,1,,0,0,0,0,application,recovered
0x00076268,28,FUN_00076268,DEFAULT,false,__stdcall,3,0,,3,0,0,0,application,recovered
0x00076284,28,FUN_00076284,DEFAULT,false,__stdcall,14,1,,0,0,0,0,application,recovered
0x000762a0,38,FUN_000762a0,DEFAULT,false,__stdcall,7,1,,0,0,0,0,application,recovered
0x000762c6,26,FUN_000762c6,DEFAULT,false,__stdcall,9,0,,0,0,0,0,application,recovered
0x000762f0,126,FUN_000762f0,DEFAULT,false,__stdcall,0,5,,4,0,3,0,application,recovered
0x0007636e,160,FUN_0007636e,DEFAULT,false,__stdcall,0,9,,5,0,0,0,application,recovered
0x0007640e,80,FUN_0007640e,DEFAULT,false,__stdcall,0,4,,3,0,0,0,application,recovered
0x000764b8,82,FUN_000764b8,DEFAULT,false,__stdcall,0,3,,3,0,3,0,application,recovered
0x0007653a,92,FUN_0007653a,DEFAULT,false,__stdcall,0,4,,3,0,3,0,application,recovered
0x000765b0,16,FUN_000765b0,DEFAULT,false,__stdcall,5,2,,0,0,0,0,application,recovered
0x000765c0,16,FUN_000765c0,DEFAULT,false,__stdcall,2,1,,0,0,0,0,application,recovered
0x000765d0,154,FUN_000765d0,DEFAULT,false,__stdcall,2,7,,3,0,0,0,application,recovered
0x0007666a,32,FUN_0007666a,DEFAULT,false,__stdcall,6,1,,0,0,2,0,application,recovered
0x0007668a,176,FUN_0007668a,DEFAULT,false,__stdcall,3,7,,3,0,1,0,application,recovered
0x0007673a,90,FUN_0007673a,DEFAULT,false,__stdcall,5,4,,2,0,1,0,application,recovered
0x00076794,70,FUN_00076794,DEFAULT,false,__stdcall,2,3,,3,0,0,0,application,recovered
0x000767da,92,FUN_000767da,DEFAULT,false,__stdcall,3,5,,2,0,1,0,application,recovered
0x00076836,6,FUN_00076836,DEFAULT,false,__stdcall,3,0,,0,0,0,0,application,recovered
0x0007683c,6,FUN_0007683c,DEFAULT,false,__stdcall,1,0,,0,0,0,0,application,recovered
0x00076842,6,FUN_00076842,DEFAULT,false,__stdcall,1,0,,0,0,0,0,application,recovered
0x00076848,14,FUN_00076848,DEFAULT,false,__stdcall,2,1,,0,0,0,0,application,recovered
0x00076856,12,FUN_00076856,DEFAULT,false,__stdcall,1,1,,0,0,0,0,application,recovered
0x00076862,12,FUN_00076862,DEFAULT,false,__stdcall,1,1,,0,0,0,0,application,recovered
0x0007686e,18,FUN_0007686e,DEFAULT,false,__stdcall,3,1,,0,0,0,0,application,recovered
0x00076880,88,FUN_00076880,DEFAULT,false,__stdcall,0,3,,2,0,3,0,application,recovered
0x000768f2,48,FUN_000768f2,DEFAULT,false,__stdcall,1,3,,0,0,2,0,application,recovered
0x00076922,132,FUN_00076922,DEFAULT,false,__stdcall,0,7,,6,0,2,0,application,recovered
0x000769a6,114,FUN_000769a6,DEFAULT,false,__stdcall,1,6,,4,0,2,0,application,recovered
0x00076a18,106,FUN_00076a18,DEFAULT,false,__stdcall,1,5,,2,0,1,0,application,recovered
0x00076a82,186,FUN_00076a82,DEFAULT,false,__stdcall,0,10,,5,0,1,0,application,recovered
0x00076b3c,12,FUN_00076b3c,DEFAULT,false,__stdcall,0,1,,0,0,0,0,application,recovered
0x00076b48,20,FUN_00076b48,DEFAULT,false,__stdcall,3,0,,2,0,0,0,application,recovered
0x00076b5c,70,FUN_00076b5c,DEFAULT,false,__stdcall,2,2,,6,0,0,0,application,recovered
0x00076ba2,16,FUN_00076ba2,DEFAULT,false,__stdcall,2,2,,0,0,0,0,application,recovered
0x00076bb2,24,FUN_00076bb2,DEFAULT,false,__stdcall,0,1,,1,0,0,0,application,recovered
0x00076bca,10,FUN_00076bca,DEFAULT,false,__stdcall,1,0,,1,0,0,0,application,recovered
0x00076bd4,10,FUN_00076bd4,DEFAULT,false,__stdcall,10,0,,1,0,0,0,application,recovered
0x00076bde,10,FUN_00076bde,DEFAULT,false,__stdcall,1,0,,1,0,0,0,application,recovered
0x00076be8,10,FUN_00076be8,DEFAULT,false,__stdcall,1,0,,1,0,0,0,application,recovered
0x00076bf2,28,FUN_00076bf2,DEFAULT,false,__stdcall,1,0,,1,0,2,0,application,recovered
0x00076c0e,10,FUN_00076c0e,DEFAULT,false,__stdcall,13,0,,1,0,0,0,application,recovered
0x00076c2e,10,FUN_00076c2e,DEFAULT,false,__stdcall,1,0,,1,0,0,0,application,recovered
0x00076c38,22,FUN_00076c38,DEFAULT,false,__stdcall,1,0,,1,0,1,0,application,recovered
0x00076c4e,10,FUN_00076c4e,DEFAULT,false,__stdcall,0,0,,1,0,0,0,application,recovered
0x00076c58,44,FUN_00076c58,DEFAULT,false,__stdcall,4,1,,4,0,0,0,application,recovered
0x00076c84,10,FUN_00076c84,DEFAULT,false,__stdcall,4,0,,1,0,0,0,application,recovered
0x00076c8e,16,FUN_00076c8e,DEFAULT,false,__stdcall,4,0,,1,0,0,0,application,recovered
0x00076c9e,24,FUN_00076c9e,DEFAULT,false,__stdcall,1,1,,1,0,0,0,application,recovered
0x00076cb6,32,FUN_00076cb6,DEFAULT,false,__stdcall,1,1,,1,0,0,0,application,recovered
0x00076cd6,140,FUN_00076cd6,DEFAULT,false,__stdcall,4,5,,5,0,6,0,application,recovered
0x00076d62,12,FUN_00076d62,DEFAULT,false,__stdcall,1,0,,1,0,0,0,application,recovered
0x00076d6e,12,FUN_00076d6e,DEFAULT,false,__stdcall,1,1,,0,0,0,0,application,recovered
0x00076d7a,24,FUN_00076d7a,DEFAULT,false,__stdcall,4,1,,0,0,0,0,application,recovered
0x00076d92,76,FUN_00076d92,DEFAULT,false,__stdcall,1,0,,0,0,5,0,application,recovered
0x00076dde,76,FUN_00076dde,DEFAULT,false,__stdcall,2,1,,0,0,0,0,application,recovered
0x00076e2a,108,FUN_00076e2a,DEFAULT,false,__stdcall,0,4,,0,0,2,0,application,recovered
0x00076e96,88,FUN_00076e96,DEFAULT,false,__stdcall,1,3,,0,0,2,0,application,recovered
0x00076eee,146,FUN_00076eee,DEFAULT,false,__stdcall,1,3,,0,0,9,0,application,recovered
0x00076f80,78,FUN_00076f80,DEFAULT,false,__stdcall,0,1,,0,0,0,0,application,recovered
0x00076ffc,158,FUN_00076ffc,DEFAULT,false,__stdcall,6,4,,1,0,5,0,application,recovered
0x0007709a,20,FUN_0007709a,DEFAULT,false,__stdcall,1,2,,0,0,0,0,application,recovered
0x000770ae,14,FUN_000770ae,DEFAULT,false,__stdcall,1,1,,0,0,0,0,application,recovered
0x000770bc,42,FUN_000770bc,DEFAULT,false,__stdcall,2,3,,1,0,0,0,application,recovered
0x000770e6,42,FUN_000770e6,DEFAULT,false,__stdcall,1,3,,1,0,0,0,application,recovered
0x00077110,10,FUN_00077110,DEFAULT,false,__stdcall,1,0,,1,0,0,0,application,recovered
0x0007711a,10,FUN_0007711a,DEFAULT,false,__stdcall,4,0,,1,0,0,0,application,recovered
0x00077124,10,FUN_00077124,DEFAULT,false,__stdcall,1,0,,1,0,0,0,application,recovered
0x0007712e,28,FUN_0007712e,DEFAULT,false,__stdcall,1,2,,1,0,0,0,application,recovered
0x0007714a,10,FUN_0007714a,DEFAULT,false,__stdcall,1,0,,1,0,0,0,application,recovered
0x00077154,46,FUN_00077154,DEFAULT,false,__stdcall,3,0,,5,0,0,0,application,recovered
0x00077182,100,FUN_00077182,DEFAULT,false,__stdcall,1,0,,0,0,0,0,application,recovered
0x000771e6,60,FUN_000771e6,DEFAULT,false,__stdcall,1,1,,0,0,0,0,application,recovered
0x00077222,10,FUN_00077222,DEFAULT,false,__stdcall,1,0,,1,0,0,0,application,recovered
0x0007722c,34,FUN_0007722c,DEFAULT,false,__stdcall,1,2,,0,0,4,0,application,recovered
0x0007724e,38,FUN_0007724e,DEFAULT,false,__stdcall,4,3,,0,0,4,0,application,recovered
0x00077274,178,FUN_00077274,DEFAULT,false,__stdcall,2,8,,4,0,1,0,application,recovered
0x00077326,10,FUN_00077326,DEFAULT,false,__stdcall,2,0,,1,0,0,0,application,recovered
0x00077330,10,FUN_00077330,DEFAULT,false,__stdcall,0,0,,1,0,0,0,application,recovered
0x0007733a,10,FUN_0007733a,DEFAULT,false,__stdcall,0,0,,1,0,0,0,application,recovered
0x00077344,10,FUN_00077344,DEFAULT,false,__stdcall,5,0,,1,0,0,0,application,recovered
0x0007734e,10,FUN_0007734e,DEFAULT,false,__stdcall,2,0,,1,0,0,0,application,recovered
0x00077358,36,FUN_00077358,DEFAULT,false,__stdcall,2,3,,0,0,0,0,application,recovered
0x0007737c,18,FUN_0007737c,DEFAULT,false,__stdcall,0,2,,0,0,0,0,application,recovered
0x0007738e,72,FUN_0007738e,DEFAULT,false,__stdcall,1,6,,1,0,2,0,application,recovered
0x000773d6,22,FUN_000773d6,DEFAULT,false,__stdcall,0,3,,0,0,0,0,application,recovered
0x000773ec,34,FUN_000773ec,DEFAULT,false,__stdcall,0,0,,1,0,1,0,application,recovered
0x0007740e,34,FUN_0007740e,DEFAULT,false,__stdcall,0,0,,1,0,1,0,application,recovered
0x00077430,34,FUN_00077430,DEFAULT,false,__stdcall,1,0,,1,0,1,0,application,recovered
0x00077452,20,FUN_00077452,DEFAULT,false,__stdcall,1,0,,0,0,1,0,application,recovered
0x00077470,102,FUN_00077470,DEFAULT,false,__stdcall,1,10,,1,0,0,0,application,recovered
0x000774d6,276,FUN_000774d6,DEFAULT,false,__stdcall,1,12,,9,0,0,0,application,recovered
0x000775ea,236,FUN_000775ea,DEFAULT,false,__stdcall,1,11,,6,0,0,0,application,recovered
0x000776d6,148,FUN_000776d6,DEFAULT,false,__stdcall,4,10,,4,0,0,0,application,recovered
0x0007776a,146,FUN_0007776a,DEFAULT,false,__stdcall,1,7,,3,0,0,0,application,recovered
0x000777fc,10,FUN_000777fc,DEFAULT,false,__stdcall,1,0,,1,0,0,0,application,recovered
0x00077806,10,FUN_00077806,DEFAULT,false,__stdcall,1,0,,1,0,0,0,application,recovered
0x00077826,116,FUN_00077826,DEFAULT,false,__stdcall,1,5,,2,0,0,0,application,recovered
0x0007789a,184,FUN_0007789a,DEFAULT,false,__stdcall,1,11,,3,0,0,0,application,recovered
0x00077952,116,FUN_00077952,DEFAULT,false,__stdcall,1,7,,2,0,0,0,application,recovered
0x000779c6,116,FUN_000779c6,DEFAULT,false,__stdcall,1,8,,3,0,0,0,application,recovered
0x00077a3a,10,FUN_00077a3a,DEFAULT,false,__stdcall,1,0,,1,0,0,0,application,recovered
0x00077a44,6,FUN_00077a44,DEFAULT,false,__stdcall,6,0,,0,0,0,0,application,recovered
0x00077a4a,6,FUN_00077a4a,DEFAULT,false,__stdcall,3,0,,0,0,0,0,application,recovered
0x00077a50,6,FUN_00077a50,DEFAULT,false,__stdcall,14,0,,0,0,0,0,application,recovered
0x00077a56,6,FUN_00077a56,DEFAULT,false,__stdcall,12,0,,0,0,0,0,application,recovered
0x00077a5c,6,FUN_00077a5c,DEFAULT,false,__stdcall,7,0,,0,0,0,0,application,recovered
0x00077a62,6,FUN_00077a62,DEFAULT,false,__stdcall,4,0,,0,0,0,0,application,recovered
0x00077a68,36,FUN_00077a68,DEFAULT,false,__stdcall,4,0,,6,0,0,0,application,recovered
0x00077a8c,30,FUN_00077a8c,DEFAULT,false,__stdcall,1,1,,4,0,0,0,application,recovered
0x00077aaa,38,FUN_00077aaa,DEFAULT,false,__stdcall,8,3,,0,0,0,0,application,recovered
0x00077ad0,48,FUN_00077ad0,DEFAULT,false,__stdcall,1,3,,0,0,0,0,application,recovered
0x00077b00,32,FUN_00077b00,DEFAULT,false,__stdcall,4,3,,0,1,0,0,application,recovered
0x00077b20,22,FUN_00077b20,DEFAULT,false,__stdcall,2,1,,0,0,1,0,application,recovered
0x00077b36,52,FUN_00077b36,DEFAULT,false,__stdcall,4,4,,0,0,1,0,application,recovered
0x00077b6a,24,FUN_00077b6a,DEFAULT,false,__stdcall,4,1,,0,0,0,0,application,recovered
0x00077b82,30,FUN_00077b82,DEFAULT,false,__stdcall,1,2,,0,0,0,0,application,recovered
0x00077ba0,64,FUN_00077ba0,DEFAULT,false,__stdcall,3,3,,0,0,0,0,application,recovered
0x00077be0,118,FUN_00077be0,DEFAULT,false,__stdcall,12,5,,0,0,2,0,application,recovered
0x00077c56,88,FUN_00077c56,DEFAULT,false,__stdcall,4,4,,0,0,1,0,application,recovered
0x00077cae,66,FUN_00077cae,DEFAULT,false,__stdcall,3,4,,0,0,0,0,application,recovered
0x00077cf0,8,FUN_00077cf0,DEFAULT,false,__stdcall,2,0,,0,0,0,0,application,recovered
0x00077cf8,22,FUN_00077cf8,DEFAULT,false,__stdcall,4,0,,0,0,0,0,application,recovered
0x00077d0e,44,FUN_00077d0e,DEFAULT,false,__stdcall,3,0,,0,0,0,0,application,recovered
0x00077d3a,24,FUN_00077d3a,DEFAULT,false,__stdcall,1,0,,0,0,0,0,application,recovered
0x00077d52,46,FUN_00077d52,DEFAULT,false,__stdcall,2,1,,0,0,0,0,application,recovered
0x00077d80,26,FUN_00077d80,DEFAULT,false,__stdcall,2,3,,0,1,0,0,application,recovered
0x00077d9a,156,FUN_00077d9a,DEFAULT,false,__stdcall,2,6,,0,0,0,0,application,recovered
0x00077e36,98,FUN_00077e36,DEFAULT,false,__stdcall,3,5,,0,0,0,0,application,recovered
0x00077e98,82,FUN_00077e98,DEFAULT,false,__stdcall,1,2,,0,0,0,0,application,recovered
0x00077eea,24,FUN_00077eea,DEFAULT,false,__stdcall,4,2,,0,0,0,0,application,recovered
0x00077f02,148,FUN_00077f02,DEFAULT,false,__stdcall,1,6,,4,0,0,0,application,recovered
0x00077f96,30,FUN_00077f96,DEFAULT,false,__stdcall,2,1,,0,0,0,0,application,recovered
0x00077fb4,64,FUN_00077fb4,DEFAULT,false,__stdcall,2,2,,1,0,0,0,application,recovered
0x00077ff4,42,FUN_00077ff4,DEFAULT,false,__stdcall,2,3,,0,0,0,0,application,recovered
0x0007801e,40,FUN_0007801e,DEFAULT,false,__stdcall,2,3,,0,0,0,0,application,recovered
0x00078046,52,FUN_00078046,DEFAULT,false,__stdcall,1,3,,0,0,0,0,application,recovered
0x0007807a,90,FUN_0007807a,DEFAULT,false,__stdcall,1,6,,0,0,1,0,application,recovered
0x000780d4,78,FUN_000780d4,DEFAULT,false,__stdcall,1,4,,4,0,0,0,application,recovered
0x00078122,48,FUN_00078122,DEFAULT,false,__stdcall,1,2,,0,0,0,0,application,recovered
0x00078152,74,FUN_00078152,DEFAULT,false,__stdcall,1,3,,0,0,1,0,application,recovered
0x0007819c,36,FUN_0007819c,DEFAULT,false,__stdcall,1,2,,0,0,0,0,application,recovered
0x000781c0,46,FUN_000781c0,DEFAULT,false,__stdcall,1,3,,0,0,0,0,application,recovered
0x000781ee,40,FUN_000781ee,DEFAULT,false,__stdcall,2,3,,1,0,0,0,application,recovered
0x00078216,26,FUN_00078216,DEFAULT,false,__stdcall,2,1,,0,0,0,0,application,recovered
0x00078230,28,FUN_00078230,DEFAULT,false,__stdcall,1,2,,0,0,0,0,application,recovered
0x0007824c,32,FUN_0007824c,DEFAULT,false,__stdcall,1,3,,0,1,0,0,application,recovered
0x0007826c,26,FUN_0007826c,DEFAULT,false,__stdcall,10,1,,0,1,0,0,application,recovered
0x00078286,86,FUN_00078286,DEFAULT,false,__stdcall,1,5,,1,0,0,0,application,recovered
0x000782dc,2,FUN_000782dc,DEFAULT,false,__stdcall,1,0,,0,0,0,0,application,recovered
0x000782de,26,FUN_000782de,DEFAULT,false,__stdcall,2,0,,0,0,1,0,application,recovered
0x000782f8,12,FUN_000782f8,DEFAULT,false,__stdcall,1,1,,0,0,0,0,application,recovered
0x0007830c,20,FUN_0007830c,DEFAULT,false,__stdcall,5,1,,0,0,0,0,application,recovered
0x00078320,12,FUN_00078320,DEFAULT,false,__stdcall,8,1,,0,0,0,0,application,recovered
0x0007832c,12,FUN_0007832c,DEFAULT,false,__stdcall,8,1,,0,0,0,0,application,recovered
0x00078338,20,FUN_00078338,DEFAULT,false,__stdcall,1,1,,0,0,0,0,application,recovered
0x0007834c,16,FUN_0007834c,DEFAULT,false,__stdcall,2,1,,0,0,0,0,application,recovered
0x00078360,30,FUN_00078360,DEFAULT,false,__stdcall,3,0,,0,0,0,0,application,recovered
0x0007837e,4,FUN_0007837e,DEFAULT,false,__stdcall,4,0,,0,0,0,0,application,recovered
0x00078390,18,FUN_00078390,DEFAULT,false,__stdcall,1,1,,0,0,0,0,application,recovered
0x000783a2,18,FUN_000783a2,DEFAULT,false,__stdcall,1,1,,0,0,0,0,application,recovered
0x000783d2,14,FUN_000783d2,DEFAULT,false,__stdcall,1,1,,0,0,0,0,application,recovered
0x000783e0,20,FUN_000783e0,DEFAULT,false,__stdcall,2,1,,0,0,0,0,application,recovered
0x000783f4,12,FUN_000783f4,DEFAULT,false,__stdcall,1,1,,0,0,0,0,application,recovered
0x00078400,12,FUN_00078400,DEFAULT,false,__stdcall,1,1,,0,0,0,0,application,recovered
0x0007844a,66,FUN_0007844a,DEFAULT,false,__stdcall,1,3,,0,0,0,0,application,recovered
0x0007848c,20,FUN_0007848c,DEFAULT,false,__stdcall,1,2,,0,0,0,0,application,recovered
0x000784a0,36,FUN_000784a0,DEFAULT,false,__stdcall,2,1,,0,0,0,0,application,recovered
0x000784c4,64,FUN_000784c4,DEFAULT,false,__stdcall,1,3,,0,0,0,0,application,recovered
0x00078504,64,FUN_00078504,DEFAULT,false,__stdcall,3,3,,0,0,0,0,application,recovered
0x00078544,52,FUN_00078544,DEFAULT,false,__stdcall,2,0,,0,0,2,0,application,recovered
0x00078578,48,FUN_00078578,DEFAULT,false,__stdcall,1,0,,0,0,2,0,application,recovered
0x000785a8,42,FUN_000785a8,DEFAULT,false,__stdcall,1,0,,7,0,0,0,application,recovered
0x000785d2,56,nvm_set_current_service_id,USER_DEFINED,false,__stdcall,1,1,,3,0,0,0,application,annotated
0x0007860a,32,FUN_0007860a,DEFAULT,false,__stdcall,1,0,,3,0,0,0,application,recovered
0x0007862a,2,FUN_0007862a,DEFAULT,false,__stdcall,1,0,,0,0,0,0,application,recovered
0x0007862c,2,FUN_0007862c,DEFAULT,false,__stdcall,1,0,,0,0,0,0,application,recovered
0x0007862e,54,FUN_0007862e,DEFAULT,false,__stdcall,2,2,,1,0,1,0,application,recovered
0x0007868c,70,FUN_0007868c,DEFAULT,false,__stdcall,3,1,,3,0,0,0,application,recovered
0x00078766,48,FUN_00078766,DEFAULT,false,__stdcall,1,0,,2,0,4,0,application,recovered
0x00078796,34,FUN_00078796,DEFAULT,false,__stdcall,1,0,,0,0,4,0,application,recovered
0x000787d2,28,FUN_000787d2,DEFAULT,false,__stdcall,1,0,,3,0,0,0,application,recovered
0x000787ee,12,FUN_000787ee,DEFAULT,false,__stdcall,7,0,,2,0,0,0,application,recovered
0x000787fa,32,FUN_000787fa,DEFAULT,false,__stdcall,1,2,,1,0,0,0,application,recovered
0x0007881a,32,FUN_0007881a,DEFAULT,false,__stdcall,1,2,,1,0,0,0,application,recovered
0x0007883a,28,FUN_0007883a,DEFAULT,false,__stdcall,2,2,,0,0,0,0,application,recovered
0x00078856,40,FUN_00078856,DEFAULT,false,__stdcall,1,1,,3,0,0,0,application,recovered
0x0007887e,78,FUN_0007887e,DEFAULT,false,__stdcall,2,5,,1,0,0,0,application,recovered
0x000788cc,46,FUN_000788cc,DEFAULT,false,__stdcall,1,2,,3,0,0,0,application,recovered
0x000788fa,38,FUN_000788fa,DEFAULT,false,__stdcall,1,1,,3,0,0,0,application,recovered
0x00078920,30,FUN_00078920,DEFAULT,false,__stdcall,1,2,,1,0,0,0,application,recovered
0x0007893e,12,FUN_0007893e,DEFAULT,false,__stdcall,1,1,,0,0,0,0,application,recovered
0x0007894a,40,FUN_0007894a,DEFAULT,false,__stdcall,1,3,,1,0,0,0,application,recovered
0x00078972,12,FUN_00078972,DEFAULT,false,__stdcall,1,1,,0,0,0,0,application,recovered
0x0007897e,36,FUN_0007897e,DEFAULT,false,__stdcall,1,1,,6,0,0,0,application,recovered
0x000789a2,30,FUN_000789a2,DEFAULT,false,__stdcall,2,0,,3,0,0,0,application,recovered
0x000789c0,20,FUN_000789c0,DEFAULT,false,__stdcall,2,1,,1,0,0,0,application,recovered
0x000789d4,48,FUN_000789d4,DEFAULT,false,__stdcall,2,1,,3,0,0,0,application,recovered
0x00078a04,22,FUN_00078a04,DEFAULT,false,__stdcall,2,1,,1,0,0,0,application,recovered
0x00078a1a,20,FUN_00078a1a,DEFAULT,false,__stdcall,5,1,,1,0,0,0,application,recovered
0x00078a2e,22,FUN_00078a2e,DEFAULT,false,__stdcall,5,1,,1,0,0,0,application,recovered
0x00078a44,28,FUN_00078a44,DEFAULT,false,__stdcall,1,0,,2,0,0,0,application,recovered
0x00078a60,30,FUN_00078a60,DEFAULT,false,__stdcall,2,2,,1,0,0,0,application,recovered
0x00078a7e,16,FUN_00078a7e,DEFAULT,false,__stdcall,5,0,,1,0,0,0,application,recovered
0x00078a8e,62,FUN_00078a8e,DEFAULT,false,__stdcall,1,3,,5,0,0,0,application,recovered
0x00078ad6,10,FUN_00078ad6,DEFAULT,false,__stdcall,1,0,,1,0,0,0,application,recovered
0x00078ae0,50,FUN_00078ae0,DEFAULT,false,__stdcall,1,3,,0,0,0,0,application,recovered
0x00078b30,40,FUN_00078b30,DEFAULT,false,__stdcall,2,1,,2,0,0,0,application,recovered
0x00078b58,22,FUN_00078b58,DEFAULT,false,__stdcall,1,1,,1,0,0,0,application,recovered
0x00078b6e,44,FUN_00078b6e,DEFAULT,false,__stdcall,2,1,,2,0,0,0,application,recovered
0x00078b9a,24,FUN_00078b9a,DEFAULT,false,__stdcall,1,1,,1,0,0,0,application,recovered
0x00078bb2,10,FUN_00078bb2,DEFAULT,false,__stdcall,1,0,,1,0,0,0,application,recovered
0x00078bbc,10,FUN_00078bbc,DEFAULT,false,__stdcall,1,0,,1,0,0,0,application,recovered
0x00078bc6,10,FUN_00078bc6,DEFAULT,false,__stdcall,1,0,,1,0,0,0,application,recovered
0x00078bd0,12,FUN_00078bd0,DEFAULT,false,__stdcall,2,1,,0,0,0,0,application,recovered
0x00078bdc,10,FUN_00078bdc,DEFAULT,false,__stdcall,1,0,,1,0,0,0,application,recovered
0x00078be6,30,FUN_00078be6,DEFAULT,false,__stdcall,0,1,,1,0,0,0,application,recovered
0x00078c04,10,FUN_00078c04,DEFAULT,false,__stdcall,5,0,,1,0,0,0,application,recovered
0x00078c0e,26,FUN_00078c0e,DEFAULT,false,__stdcall,3,2,,0,0,0,0,application,recovered
0x00078c28,12,FUN_00078c28,DEFAULT,false,__stdcall,5,1,,0,0,0,0,application,recovered
0x00078c52,48,FUN_00078c52,DEFAULT,false,__stdcall,1,2,,1,0,0,0,application,recovered
0x00078c82,18,FUN_00078c82,DEFAULT,false,__stdcall,1,1,,0,0,0,0,application,recovered
0x00078c94,4,FUN_00078c94,DEFAULT,false,__stdcall,1,0,,0,0,0,0,application,recovered
0x00078c9c,2,FUN_00078c9c,DEFAULT,false,__stdcall,1,0,,0,0,0,0,application,recovered
0x00078c9e,4,FUN_00078c9e,DEFAULT,false,__stdcall,1,0,,0,0,0,0,application,recovered
0x00078ca2,2,FUN_00078ca2,DEFAULT,false,__stdcall,1,0,,0,0,0,0,application,recovered
0x00078ca4,2,FUN_00078ca4,DEFAULT,false,__stdcall,1,0,,0,0,0,0,application,recovered
0x00078ca6,2,FUN_00078ca6,DEFAULT,false,__stdcall,1,0,,0,0,0,0,application,recovered
0x00078ca8,14,FUN_00078ca8,DEFAULT,false,__stdcall,4,1,,0,0,0,0,application,recovered
0x00078cb6,20,FUN_00078cb6,DEFAULT,false,__stdcall,1,1,,0,0,0,0,application,recovered
0x00078cd0,14,FUN_00078cd0,DEFAULT,false,__stdcall,1,1,,0,0,0,0,application,recovered
0x00078cea,12,FUN_00078cea,DEFAULT,false,__stdcall,1,1,,0,0,0,0,application,recovered
0x00078cf6,14,FUN_00078cf6,DEFAULT,false,__stdcall,1,1,,0,0,0,0,application,recovered
0x00078d04,14,FUN_00078d04,DEFAULT,false,__stdcall,1,1,,0,0,0,0,application,recovered
0x00078d12,14,FUN_00078d12,DEFAULT,false,__stdcall,1,1,,0,0,0,0,application,recovered
0x00078d20,14,FUN_00078d20,DEFAULT,false,__stdcall,1,1,,0,0,0,0,application,recovered
0x00078d6a,50,FUN_00078d6a,DEFAULT,false,__stdcall,1,8,,0,0,0,0,application,recovered
0x00078e2a,16,FUN_00078e2a,DEFAULT,false,__stdcall,1,2,,0,0,0,0,application,recovered
0x00078e3a,20,FUN_00078e3a,DEFAULT,false,__stdcall,1,3,,0,0,0,0,application,recovered
0x00078e4e,56,FUN_00078e4e,DEFAULT,false,__stdcall,1,4,,0,0,2,0,application,recovered
0x00078e86,32,FUN_00078e86,DEFAULT,false,__stdcall,1,6,,0,0,0,0,application,recovered
0x00078ea6,12,FUN_00078ea6,DEFAULT,false,__stdcall,1,1,,0,0,0,0,application,recovered
0x00078eb2,26,FUN_00078eb2,DEFAULT,false,__stdcall,1,0,,1,0,1,0,application,recovered
0x00078f0a,32,FUN_00078f0a,DEFAULT,false,__stdcall,1,1,,1,0,1,0,application,recovered
0x00078f2a,32,FUN_00078f2a,DEFAULT,false,__stdcall,1,1,,1,0,1,0,application,recovered
0x00078f4a,40,FUN_00078f4a,DEFAULT,false,__stdcall,1,2,,1,0,1,0,application,recovered
0x00078f72,42,FUN_00078f72,DEFAULT,false,__stdcall,1,2,,1,0,1,0,application,recovered
0x00078f9c,36,FUN_00078f9c,DEFAULT,false,__stdcall,1,2,,0,0,1,0,application,recovered
0x00078fc0,36,FUN_00078fc0,DEFAULT,false,__stdcall,1,2,,0,0,1,0,application,recovered
0x00078fe4,40,FUN_00078fe4,DEFAULT,false,__stdcall,1,1,,0,0,1,0,application,recovered
0x0007900c,24,FUN_0007900c,DEFAULT,false,__stdcall,1,1,,0,0,1,0,application,recovered
0x0007902a,34,FUN_0007902a,DEFAULT,false,__stdcall,1,1,,0,0,1,0,application,recovered
0x0007904c,34,FUN_0007904c,DEFAULT,false,__stdcall,1,0,,3,0,1,0,application,recovered
0x0007906e,52,FUN_0007906e,DEFAULT,false,__stdcall,1,2,,0,0,2,0,application,recovered
0x000790a2,90,FUN_000790a2,DEFAULT,false,__stdcall,1,13,,2,0,2,0,application,recovered
0x000791a2,34,FUN_000791a2,DEFAULT,false,__stdcall,1,4,,1,0,0,0,application,recovered
0x000791c4,116,FUN_000791c4,DEFAULT,false,__stdcall,1,21,,4,0,0,0,application,recovered
0x0007924a,14,FUN_0007924a,DEFAULT,false,__stdcall,48,1,,0,0,0,0,application,recovered
0x00079258,12,FUN_00079258,DEFAULT,false,__stdcall,48,1,,0,0,0,0,application,recovered
0x00079264,14,FUN_00079264,DEFAULT,false,__stdcall,1,1,,0,0,0,0,application,recovered
0x00079272,12,FUN_00079272,DEFAULT,false,__stdcall,1,1,,0,0,0,0,application,recovered
0x0007927e,20,FUN_0007927e,DEFAULT,false,__stdcall,1,2,,0,0,1,0,application,recovered
0x0007929e,6,FUN_0007929e,DEFAULT,false,__stdcall,9,0,,0,0,1,0,application,recovered
0x000792a4,66,FUN_000792a4,DEFAULT,false,__stdcall,1,2,,1,0,0,0,application,recovered
0x000792e6,18,FUN_000792e6,DEFAULT,false,__stdcall,0,1,,0,0,0,0,application,recovered
0x000792fc,62,FUN_000792fc,DEFAULT,false,__stdcall,0,2,,1,0,0,0,application,recovered
0x0007933a,62,FUN_0007933a,DEFAULT,false,__stdcall,0,2,,1,0,0,0,application,recovered
0x00079378,20,FUN_00079378,DEFAULT,false,__stdcall,1,3,,0,0,0,0,application,recovered
0x0007938c,100,FUN_0007938c,DEFAULT,false,__stdcall,1,0,,0,0,0,0,application,recovered
0x000793f0,100,FUN_000793f0,DEFAULT,false,__stdcall,1,0,,0,0,0,0,application,recovered
0x00079454,150,FUN_00079454,DEFAULT,false,__stdcall,1,6,,0,0,1,0,application,recovered
0x000794ea,72,FUN_000794ea,DEFAULT,false,__stdcall,1,2,,1,0,0,0,application,recovered
0x00079532,94,FUN_00079532,DEFAULT,false,__stdcall,1,0,,1,0,0,0,application,recovered
0x00079590,94,FUN_00079590,DEFAULT,false,__stdcall,1,0,,1,0,0,0,application,recovered
0x000795ee,84,FUN_000795ee,DEFAULT,false,__stdcall,1,5,,1,0,0,0,application,recovered
0x00079642,86,FUN_00079642,DEFAULT,false,__stdcall,4,0,,0,0,0,0,application,recovered
0x00079698,86,FUN_00079698,DEFAULT,false,__stdcall,4,0,,0,0,0,0,application,recovered
0x000796ee,32,FUN_000796ee,DEFAULT,false,__stdcall,9,0,,0,0,0,0,application,recovered
0x0007970e,16,FUN_0007970e,DEFAULT,false,__stdcall,4,1,,0,0,0,0,application,recovered
0x0007971e,28,FUN_0007971e,DEFAULT,false,__stdcall,6,2,,0,0,0,0,application,recovered
0x0007973a,130,FUN_0007973a,DEFAULT,false,__stdcall,1,4,,4,0,1,0,application,recovered
0x000797bc,22,FUN_000797bc,DEFAULT,false,__stdcall,3,0,,1,0,0,0,application,recovered
0x000797d2,56,FUN_000797d2,DEFAULT,false,__stdcall,2,1,,2,0,0,0,application,recovered
0x0007980a,22,FUN_0007980a,DEFAULT,false,__stdcall,3,0,,1,0,0,0,application,recovered
0x00079820,56,FUN_00079820,DEFAULT,false,__stdcall,1,1,,2,0,0,0,application,recovered
0x00079858,52,FUN_00079858,DEFAULT,false,__stdcall,4,1,,0,0,0,0,application,recovered
0x0007988c,34,FUN_0007988c,DEFAULT,false,__stdcall,1,0,,0,0,0,0,application,recovered
0x000798ae,46,FUN_000798ae,DEFAULT,false,__stdcall,1,1,,0,0,0,0,application,recovered
0x000798dc,114,FUN_000798dc,DEFAULT,false,__stdcall,1,1,,8,0,2,0,application,recovered
0x0007994e,196,FUN_0007994e,DEFAULT,false,__stdcall,1,7,,1,0,1,0,application,recovered
0x00079a12,44,FUN_00079a12,DEFAULT,false,__stdcall,1,3,,0,0,0,0,application,recovered
0x00079a3e,36,FUN_00079a3e,DEFAULT,false,__stdcall,1,2,,0,0,0,0,application,recovered
0x00079a62,176,FUN_00079a62,DEFAULT,false,__stdcall,1,6,,7,0,0,0,application,recovered
0x00079b12,68,FUN_00079b12,DEFAULT,false,__stdcall,1,0,,0,0,1,0,application,recovered
0x00079b56,182,FUN_00079b56,DEFAULT,false,__stdcall,2,4,,4,0,0,0,application,recovered
0x00079c0c,200,FUN_00079c0c,DEFAULT,false,__stdcall,2,4,,4,0,0,0,application,recovered
0x00079cd4,50,FUN_00079cd4,DEFAULT,false,__stdcall,2,1,,0,0,0,0,application,recovered
0x00079d06,98,FUN_00079d06,DEFAULT,false,__stdcall,1,3,,0,0,1,0,application,recovered
0x00079d68,126,FUN_00079d68,DEFAULT,false,__stdcall,1,5,,2,0,0,0,application,recovered
0x00079de6,72,FUN_00079de6,DEFAULT,false,__stdcall,1,0,,0,0,2,0,application,recovered
0x00079e2e,184,FUN_00079e2e,DEFAULT,false,__stdcall,1,4,,0,0,1,0,application,recovered
0x00079ee6,130,FUN_00079ee6,DEFAULT,false,__stdcall,1,5,,2,0,0,0,application,recovered
0x00079f68,114,FUN_00079f68,DEFAULT,false,__stdcall,1,1,,0,0,1,0,application,recovered
0x00079fda,188,FUN_00079fda,DEFAULT,false,__stdcall,1,3,,0,0,1,0,application,recovered
0x0007a096,100,FUN_0007a096,DEFAULT,false,__stdcall,1,3,,3,0,0,0,application,recovered
0x0007a0fa,122,FUN_0007a0fa,DEFAULT,false,__stdcall,1,1,,4,0,0,0,application,recovered
0x0007a174,2,FUN_0007a174,DEFAULT,false,__stdcall,1,0,,0,0,0,0,application,recovered
0x0007a176,2,FUN_0007a176,DEFAULT,false,__stdcall,1,0,,0,0,0,0,application,recovered
0x0007a178,2,FUN_0007a178,DEFAULT,false,__stdcall,1,0,,0,0,0,0,application,recovered
0x0007a17c,58,FUN_0007a17c,DEFAULT,false,__stdcall,4,2,,0,0,0,0,application,recovered
0x0007a1b6,2,FUN_0007a1b6,DEFAULT,false,__stdcall,8,0,,0,0,0,0,application,recovered
0x0007a1b8,124,FUN_0007a1b8,DEFAULT,false,__stdcall,1,1,,4,0,1,0,application,recovered
0x0007a234,226,FUN_0007a234,DEFAULT,false,__stdcall,1,3,,27,0,2,0,application,recovered
0x0007a316,16,FUN_0007a316,DEFAULT,false,__stdcall,1,0,,2,0,0,0,application,recovered
0x0007a326,26,FUN_0007a326,DEFAULT,false,__stdcall,3,0,,0,0,1,0,application,recovered
0x0007a340,130,FUN_0007a340,DEFAULT,false,__stdcall,1,2,,4,0,1,0,application,recovered
0x0007a3c2,28,FUN_0007a3c2,DEFAULT,false,__stdcall,9,0,,0,0,0,0,application,recovered
0x0007a3de,16,FUN_0007a3de,DEFAULT,false,__stdcall,6,1,,0,0,0,0,application,recovered
0x0007a3ee,166,FUN_0007a3ee,DEFAULT,false,__stdcall,1,5,,4,0,0,0,application,recovered
0x0007a494,28,FUN_0007a494,DEFAULT,false,__stdcall,3,0,,0,0,0,0,application,recovered
0x0007a4b0,50,FUN_0007a4b0,DEFAULT,false,__stdcall,3,1,,0,0,0,0,application,recovered
0x0007a4e2,36,FUN_0007a4e2,DEFAULT,false,__stdcall,3,2,,0,0,0,0,application,recovered
0x0007a506,184,FUN_0007a506,DEFAULT,false,__stdcall,1,4,,1,0,2,0,application,recovered
0x0007a5be,164,FUN_0007a5be,DEFAULT,false,__stdcall,1,4,,2,0,1,0,application,recovered
0x0007a662,56,FUN_0007a662,DEFAULT,false,__stdcall,1,3,,0,0,0,0,application,recovered
0x0007a69a,36,FUN_0007a69a,DEFAULT,false,__stdcall,1,2,,0,0,0,0,application,recovered
0x0007a6be,250,FUN_0007a6be,DEFAULT,false,__stdcall,1,4,,1,0,2,0,application,recovered
0x0007a7b8,36,FUN_0007a7b8,DEFAULT,false,__stdcall,1,2,,0,0,0,0,application,recovered
0x0007a7dc,40,FUN_0007a7dc,DEFAULT,false,__stdcall,1,0,,0,0,0,0,application,recovered
0x0007a804,280,FUN_0007a804,DEFAULT,false,__stdcall,1,11,,6,0,0,0,application,recovered
0x0007a91c,28,FUN_0007a91c,DEFAULT,false,__stdcall,4,2,,0,0,0,0,application,recovered
0x0007a938,82,FUN_0007a938,DEFAULT,false,__stdcall,1,1,,0,0,1,0,application,recovered
0x0007a98a,24,FUN_0007a98a,DEFAULT,false,__stdcall,1,0,,0,0,1,0,application,recovered
0x0007a9a2,108,FUN_0007a9a2,DEFAULT,false,__stdcall,1,2,,4,0,1,0,application,recovered
0x0007aa0e,112,FUN_0007aa0e,DEFAULT,false,__stdcall,1,3,,5,0,0,0,application,recovered
0x0007aa7e,142,FUN_0007aa7e,DEFAULT,false,__stdcall,1,2,,7,0,0,0,application,recovered
0x0007ab0c,38,FUN_0007ab0c,DEFAULT,false,__stdcall,1,1,,4,0,1,0,application,recovered
0x0007ab32,80,FUN_0007ab32,DEFAULT,false,__stdcall,1,3,,4,0,0,0,application,recovered
0x0007abb2,20,FUN_0007abb2,DEFAULT,false,__stdcall,1,0,,2,0,0,0,application,recovered
0x0007abc6,52,FUN_0007abc6,DEFAULT,false,__stdcall,1,0,,0,0,4,0,application,recovered
0x0007abfa,52,FUN_0007abfa,DEFAULT,false,__stdcall,1,0,,0,0,4,0,application,recovered
0x0007ac2e,32,FUN_0007ac2e,DEFAULT,false,__stdcall,0,2,,0,0,1,0,application,recovered
0x0007ac4e,22,FUN_0007ac4e,DEFAULT,false,__stdcall,2,0,,0,0,2,0,application,recovered
0x0007ac64,22,FUN_0007ac64,DEFAULT,false,__stdcall,1,1,,0,0,1,0,application,recovered
0x0007ac7a,22,FUN_0007ac7a,DEFAULT,false,__stdcall,1,1,,0,0,1,0,application,recovered
0x0007acaa,30,FUN_0007acaa,DEFAULT,false,__stdcall,1,0,,1,0,1,0,application,recovered
0x0007ad52,76,FUN_0007ad52,DEFAULT,false,__stdcall,2,0,,0,0,1,0,application,recovered
0x0007ad9e,6,FUN_0007ad9e,DEFAULT,false,__stdcall,1,0,,0,0,0,0,application,recovered
0x0007ada4,2,FUN_0007ada4,DEFAULT,false,__stdcall,1,0,,0,0,0,0,application,recovered
0x0007ada6,2,FUN_0007ada6,DEFAULT,false,__stdcall,1,0,,0,0,0,0,application,recovered
0x0007ada8,2,FUN_0007ada8,DEFAULT,false,__stdcall,1,0,,0,0,0,0,application,recovered
0x0007adaa,2,FUN_0007adaa,DEFAULT,false,__stdcall,1,0,,0,0,0,0,application,recovered
0x0007adac,2,FUN_0007adac,DEFAULT,false,__stdcall,1,0,,0,0,0,0,application,recovered
0x0007adae,2,FUN_0007adae,DEFAULT,false,__stdcall,1,0,,0,0,0,0,application,recovered
0x0007adb0,2,FUN_0007adb0,DEFAULT,false,__stdcall,1,0,,0,0,0,0,application,recovered
0x0007adb2,4,FUN_0007adb2,DEFAULT,false,__stdcall,1,0,,0,0,0,0,application,recovered
0x0007adb6,2,FUN_0007adb6,DEFAULT,false,__stdcall,1,0,,0,0,0,0,application,recovered
0x0007adb8,2,FUN_0007adb8,DEFAULT,false,__stdcall,1,0,,0,0,0,0,application,recovered
0x0007adba,2,FUN_0007adba,DEFAULT,false,__stdcall,1,0,,0,0,0,0,application,recovered
0x0007adbc,2,FUN_0007adbc,DEFAULT,false,__stdcall,1,0,,0,0,0,0,application,recovered
0x0007adbe,2,FUN_0007adbe,DEFAULT,false,__stdcall,1,0,,0,0,0,0,application,recovered
0x0007adc0,2,FUN_0007adc0,DEFAULT,false,__stdcall,1,0,,0,0,0,0,application,recovered
0x0007adc2,2,FUN_0007adc2,DEFAULT,false,__stdcall,1,0,,0,0,0,0,application,recovered
0x0007adc6,2,FUN_0007adc6,DEFAULT,false,__stdcall,1,0,,0,0,0,0,application,recovered
0x0007ae40,64,FUN_0007ae40,DEFAULT,false,__stdcall,2,4,,0,0,1,0,application,recovered
0x0007ae80,80,FUN_0007ae80,DEFAULT,false,__stdcall,4,3,,1,0,1,0,application,recovered
0x0007aed0,176,FUN_0007aed0,DEFAULT,false,__stdcall,1,10,,1,0,4,0,application,recovered
0x0007af80,80,FUN_0007af80,DEFAULT,false,__stdcall,3,4,,1,0,3,0,application,recovered
0x0007afd0,34,FUN_0007afd0,DEFAULT,false,__stdcall,2,3,,0,0,0,0,application,recovered
0x0007aff2,50,FUN_0007aff2,DEFAULT,false,__stdcall,1,3,,1,0,1,0,application,recovered
0x0007b024,52,FUN_0007b024,DEFAULT,false,__stdcall,1,3,,1,0,1,0,application,recovered
0x0007b058,40,FUN_0007b058,DEFAULT,false,__stdcall,1,0,,3,0,1,0,application,recovered
0x0007b0e8,60,FUN_0007b0e8,DEFAULT,false,__stdcall,1,2,,0,0,1,0,application,recovered
0x0007b124,32,FUN_0007b124,DEFAULT,false,__stdcall,1,1,,0,0,0,0,application,recovered
0x0007b144,258,FUN_0007b144,DEFAULT,false,__stdcall,1,7,,3,0,1,0,application,recovered
0x0007b246,24,FUN_0007b246,DEFAULT,false,__stdcall,1,0,,1,0,0,0,application,recovered
0x0007b25e,100,FUN_0007b25e,DEFAULT,false,__stdcall,1,3,,7,0,5,0,application,recovered
0x0007b2c2,234,FUN_0007b2c2,DEFAULT,false,__stdcall,1,6,,3,0,3,0,application,recovered
0x0007b3ac,60,FUN_0007b3ac,DEFAULT,false,__stdcall,2,2,,1,0,0,0,application,recovered
0x0007b3e8,42,FUN_0007b3e8,DEFAULT,false,__stdcall,1,3,,0,0,1,0,application,recovered
0x0007b570,2,FUN_0007b570,DEFAULT,false,__stdcall,1,0,,0,0,0,0,application,recovered
0x0007b572,2,FUN_0007b572,DEFAULT,false,__stdcall,1,0,,0,0,0,0,application,recovered
0x0007b574,6,FUN_0007b574,DEFAULT,false,__stdcall,1,0,,0,0,0,0,application,recovered
0x0007b57a,2,FUN_0007b57a,DEFAULT,false,__stdcall,1,0,,0,0,0,0,application,recovered
0x0007b57c,2,FUN_0007b57c,DEFAULT,false,__stdcall,1,0,,0,0,0,0,application,recovered
0x0007b57e,68,FUN_0007b57e,DEFAULT,false,__stdcall,1,0,,0,0,0,0,application,recovered
0x0007b5c2,114,FUN_0007b5c2,DEFAULT,false,__stdcall,1,2,,3,0,2,0,application,recovered
0x0007b634,36,FUN_0007b634,DEFAULT,false,__stdcall,0,1,,0,0,2,0,application,recovered
0x0007b658,38,FUN_0007b658,DEFAULT,false,__stdcall,0,1,,0,0,2,0,application,recovered
0x0007b67e,2,FUN_0007b67e,DEFAULT,false,__stdcall,1,0,,0,0,0,0,application,recovered
0x0007b680,56,FUN_0007b680,DEFAULT,false,__stdcall,1,2,,3,0,2,0,application,recovered
0x0007b6ea,36,FUN_0007b6ea,DEFAULT,false,__stdcall,1,0,,1,0,1,0,application,recovered
0x0007b70e,94,FUN_0007b70e,DEFAULT,false,__stdcall,1,4,,2,0,2,0,application,recovered
0x0007b76c,52,FUN_0007b76c,DEFAULT,false,__stdcall,1,1,,2,0,1,0,application,recovered
0x0007b7a0,40,FUN_0007b7a0,DEFAULT,false,__stdcall,2,3,,0,0,1,0,application,recovered
0x0007b7c8,40,FUN_0007b7c8,DEFAULT,false,__stdcall,1,1,,2,0,0,0,application,recovered
0x0007b7f0,40,FUN_0007b7f0,DEFAULT,false,__stdcall,2,3,,0,0,1,0,application,recovered
0x0007b818,84,FUN_0007b818,DEFAULT,false,__stdcall,1,3,,3,0,1,0,application,recovered
0x0007b86c,66,FUN_0007b86c,DEFAULT,false,__stdcall,1,4,,1,0,0,0,application,recovered
0x0007b8ae,46,FUN_0007b8ae,DEFAULT,false,__stdcall,1,4,,0,0,2,0,application,recovered
0x0007b8dc,32,FUN_0007b8dc,DEFAULT,false,__stdcall,1,2,,0,0,0,0,application,recovered
0x0007b8fc,178,FUN_0007b8fc,DEFAULT,false,__stdcall,0,5,,2,0,2,0,application,recovered
0x0007b9ae,156,FUN_0007b9ae,DEFAULT,false,__stdcall,0,5,,2,0,2,0,application,recovered
0x0007ba4a,178,FUN_0007ba4a,DEFAULT,false,__stdcall,0,4,,3,0,2,0,application,recovered
0x0007bb8e,66,FUN_0007bb8e,DEFAULT,false,__stdcall,1,4,,1,0,1,0,application,recovered
0x0007bbd0,94,FUN_0007bbd0,DEFAULT,false,__stdcall,1,5,,2,0,1,0,application,recovered
0x0007bc2e,38,FUN_0007bc2e,DEFAULT,false,__stdcall,1,1,,1,0,0,0,application,recovered
0x0007bc54,46,FUN_0007bc54,DEFAULT,false,__stdcall,1,3,,0,0,1,0,application,recovered
0x0007bc82,44,FUN_0007bc82,DEFAULT,false,__stdcall,1,0,,5,0,1,0,application,recovered
0x0007bcd0,28,FUN_0007bcd0,DEFAULT,false,__stdcall,1,1,,1,0,0,0,application,recovered
0x0007bcec,36,FUN_0007bcec,DEFAULT,false,__stdcall,1,0,,1,0,0,0,application,recovered
0x0007bd10,34,FUN_0007bd10,DEFAULT,false,__stdcall,1,1,,0,0,1,0,application,recovered
0x0007bd32,24,FUN_0007bd32,DEFAULT,false,__stdcall,1,0,,1,0,0,0,application,recovered
0x0007bd4a,74,FUN_0007bd4a,DEFAULT,false,__stdcall,2,5,,0,0,0,0,application,recovered
0x0007bd94,238,FUN_0007bd94,DEFAULT,false,__stdcall,1,10,,4,0,5,0,application,recovered
0x0007be82,50,FUN_0007be82,DEFAULT,false,__stdcall,1,1,,2,0,0,0,application,recovered
0x0007beb4,40,FUN_0007beb4,DEFAULT,false,__stdcall,1,3,,0,0,1,0,application,recovered
0x0007bedc,2,FUN_0007bedc,DEFAULT,false,__stdcall,1,0,,0,0,0,0,application,recovered
0x0007bede,2,FUN_0007bede,DEFAULT,false,__stdcall,1,0,,0,0,0,0,application,recovered
0x0007bee0,2,FUN_0007bee0,DEFAULT,false,__stdcall,1,0,,0,0,0,0,application,recovered
0x0007bee2,2,FUN_0007bee2,DEFAULT,false,__stdcall,1,0,,0,0,0,0,application,recovered
0x0007bee4,4,FUN_0007bee4,DEFAULT,false,__stdcall,1,0,,0,0,0,0,application,recovered
0x0007bee8,6,FUN_0007bee8,DEFAULT,false,__stdcall,1,0,,0,0,0,0,application,recovered
0x0007beee,4,FUN_0007beee,DEFAULT,false,__stdcall,1,0,,0,0,0,0,application,recovered
0x0007bef6,92,FUN_0007bef6,DEFAULT,false,__stdcall,1,0,,0,0,0,0,application,recovered
0x0007bf52,50,FUN_0007bf52,DEFAULT,false,__stdcall,1,1,,2,0,0,0,application,recovered
0x0007bf84,2,FUN_0007bf84,DEFAULT,false,__stdcall,1,0,,0,0,0,0,application,recovered
0x0007bf86,2,FUN_0007bf86,DEFAULT,false,__stdcall,1,0,,0,0,0,0,application,recovered
0x0007bf88,2,FUN_0007bf88,DEFAULT,false,__stdcall,1,0,,0,0,0,0,application,recovered
0x0007bf8a,66,FUN_0007bf8a,DEFAULT,false,__stdcall,1,2,,2,0,1,0,application,recovered
0x0007bffe,64,FUN_0007bffe,DEFAULT,false,__stdcall,6,0,,3,0,3,0,application,recovered
0x0007c03e,178,application_com_receive_signal,USER_DEFINED,false,__stdcall,33,2,,5,0,1,0,application,annotated
0x0007c0f0,322,application_com_send_signal,USER_DEFINED,false,__stdcall,2,3,,5,0,2,0,application,annotated
0x0007c232,184,application_com_pack_big_endian_signal,USER_DEFINED,false,__stdcall,4,2,,5,0,1,0,application,annotated
0x0007c304,316,FUN_0007c304,DEFAULT,false,__stdcall,1,4,,8,0,7,0,application,recovered
0x0007c440,220,FUN_0007c440,DEFAULT,false,__stdcall,1,4,,4,0,6,0,application,recovered
0x0007c51c,52,FUN_0007c51c,DEFAULT,false,__stdcall,1,0,,2,0,3,0,application,recovered
0x0007c55a,54,FUN_0007c55a,DEFAULT,false,__stdcall,1,0,,6,0,1,0,application,recovered
0x0007c5b2,36,FUN_0007c5b2,DEFAULT,false,__stdcall,1,0,,1,0,1,0,application,recovered
0x0007c5d6,36,FUN_0007c5d6,DEFAULT,false,__stdcall,1,0,,1,0,1,0,application,recovered
0x0007c5fa,70,FUN_0007c5fa,DEFAULT,false,__stdcall,1,2,,1,0,2,0,application,recovered
0x0007c640,212,application_com_rx_indication,USER_DEFINED,false,__stdcall,0,8,,2,0,5,0,application,annotated
0x0007c714,4,FUN_0007c714,DEFAULT,false,__stdcall,1,0,,0,0,0,0,application,recovered
0x0007c718,124,FUN_0007c718,DEFAULT,false,__stdcall,1,13,,0,0,4,0,application,recovered
0x0007c794,14,FUN_0007c794,DEFAULT,false,__stdcall,1,1,,0,0,0,0,application,recovered
0x0007c7c2,520,FUN_0007c7c2,DEFAULT,false,__stdcall,1,6,,9,0,9,0,application,recovered
0x0007c9ca,42,FUN_0007c9ca,DEFAULT,false,__stdcall,2,0,,2,0,0,0,application,recovered
0x0007c9f4,44,FUN_0007c9f4,DEFAULT,false,__stdcall,3,1,,1,0,1,0,application,recovered
0x0007ca20,404,FUN_0007ca20,DEFAULT,false,__stdcall,1,8,,6,0,14,0,application,recovered
0x0007cbb4,196,FUN_0007cbb4,DEFAULT,false,__stdcall,1,1,,9,0,3,0,application,recovered
0x0007cc78,116,FUN_0007cc78,DEFAULT,false,__stdcall,1,0,,1,0,9,0,application,recovered
0x0007ccec,122,FUN_0007ccec,DEFAULT,false,__stdcall,1,3,,3,0,4,0,application,recovered
0x0007cd66,76,FUN_0007cd66,DEFAULT,false,__stdcall,1,1,,0,0,4,0,application,recovered
0x0007cdb2,72,FUN_0007cdb2,DEFAULT,false,__stdcall,1,4,,0,0,3,0,application,recovered
0x0007cdfa,46,FUN_0007cdfa,DEFAULT,false,__stdcall,1,0,,2,0,0,0,application,recovered
0x0007ce28,306,application_com_transmit_pending_pdu,USER_DEFINED,false,__stdcall,1,12,,3,0,7,0,application,annotated
0x0007cf5a,244,FUN_0007cf5a,DEFAULT,false,__stdcall,2,3,,2,0,2,0,application,recovered
0x0007d04e,92,application_com_tx_main,USER_DEFINED,false,__stdcall,1,4,,0,0,2,0,application,annotated
0x0007d0aa,262,FUN_0007d0aa,DEFAULT,false,__stdcall,1,8,,5,0,11,0,application,recovered
0x0007d1b0,78,FUN_0007d1b0,DEFAULT,false,__stdcall,3,3,,0,0,3,0,application,recovered
0x0007d1fe,40,FUN_0007d1fe,DEFAULT,false,__stdcall,1,0,,1,0,2,0,application,recovered
0x0007d226,44,FUN_0007d226,DEFAULT,false,__stdcall,1,0,,5,0,1,0,application,recovered
0x0007d252,38,FUN_0007d252,DEFAULT,false,__stdcall,1,0,,1,0,2,0,application,recovered
0x0007d278,28,FUN_0007d278,DEFAULT,false,__stdcall,1,0,,1,0,1,0,application,recovered
0x0007d294,60,FUN_0007d294,DEFAULT,false,__stdcall,1,0,,6,0,1,0,application,recovered
0x0007d2f4,50,FUN_0007d2f4,DEFAULT,false,__stdcall,2,2,,2,0,0,0,application,recovered
0x0007d326,42,FUN_0007d326,DEFAULT,false,__stdcall,2,2,,2,0,0,0,application,recovered
0x0007d37e,114,FUN_0007d37e,DEFAULT,false,__stdcall,6,3,,2,0,3,0,application,recovered
0x0007d3f0,4,FUN_0007d3f0,DEFAULT,false,__stdcall,1,0,,0,0,0,0,application,recovered
0x0007d3f4,6,FUN_0007d3f4,DEFAULT,false,__stdcall,1,0,,0,0,0,0,application,recovered
0x0007d3fa,2,FUN_0007d3fa,DEFAULT,false,__stdcall,1,0,,0,0,0,0,application,recovered
0x0007d3fc,2,FUN_0007d3fc,DEFAULT,false,__stdcall,1,0,,0,0,0,0,application,recovered
0x0007d3fe,20,FUN_0007d3fe,DEFAULT,false,__stdcall,1,0,,1,0,1,0,application,recovered
0x0007d412,138,FUN_0007d412,DEFAULT,false,__stdcall,1,2,,4,0,6,0,application,recovered
0x0007d49c,2,FUN_0007d49c,DEFAULT,false,__stdcall,1,0,,0,0,0,0,application,recovered
0x0007d49e,2,FUN_0007d49e,DEFAULT,false,__stdcall,1,0,,0,0,0,0,application,recovered
0x0007d4a2,2,FUN_0007d4a2,DEFAULT,false,__stdcall,1,0,,0,0,0,0,application,recovered
0x0007d4a4,4,FUN_0007d4a4,DEFAULT,false,__stdcall,2,0,,0,0,0,0,application,recovered
0x0007d4a8,2,FUN_0007d4a8,DEFAULT,false,__stdcall,1,0,,0,0,0,0,application,recovered
0x0007d4aa,2,FUN_0007d4aa,DEFAULT,false,__stdcall,1,0,,0,0,0,0,application,recovered
0x0007d4ac,2,FUN_0007d4ac,DEFAULT,false,__stdcall,1,0,,0,0,0,0,application,recovered
0x0007d4b0,2,FUN_0007d4b0,DEFAULT,false,__stdcall,1,0,,0,0,0,0,application,recovered
0x0007d4b2,2,FUN_0007d4b2,DEFAULT,false,__stdcall,2,0,,0,0,0,0,application,recovered
0x0007d4b4,2,FUN_0007d4b4,DEFAULT,false,__stdcall,1,0,,0,0,0,0,application,recovered
0x0007d4b6,2,FUN_0007d4b6,DEFAULT,false,__stdcall,2,0,,0,0,0,0,application,recovered
0x0007d526,132,FUN_0007d526,DEFAULT,false,__stdcall,6,3,,3,0,1,0,application,recovered
0x0007d5aa,130,FUN_0007d5aa,DEFAULT,false,__stdcall,6,3,,3,0,1,0,application,recovered
0x0007d62c,2,FUN_0007d62c,DEFAULT,false,__stdcall,1,0,,0,0,0,0,application,recovered
0x0007d62e,2,FUN_0007d62e,DEFAULT,false,__stdcall,1,0,,0,0,0,0,application,recovered
0x0007d630,2,FUN_0007d630,DEFAULT,false,__stdcall,1,0,,0,0,0,0,application,recovered
0x0007d632,2,FUN_0007d632,DEFAULT,false,__stdcall,1,0,,0,0,0,0,application,recovered
0x0007d634,2,FUN_0007d634,DEFAULT,false,__stdcall,0,0,,0,0,0,0,application,recovered
0x0007d636,4,FUN_0007d636,DEFAULT,false,__stdcall,1,0,,0,0,0,0,application,recovered
0x0007d63a,4,FUN_0007d63a,DEFAULT,false,__stdcall,1,0,,0,0,0,0,application,recovered
0x0007d63e,84,application_com_receive_signal_group_bytes,USER_DEFINED,false,__stdcall,2,2,,2,0,1,0,application,annotated
0x0007d692,4,FUN_0007d692,DEFAULT,false,__stdcall,1,0,,0,0,0,0,application,recovered
0x0007d696,88,FUN_0007d696,DEFAULT,false,__stdcall,1,1,,13,0,2,0,application,recovered
0x0007d6f8,32,FUN_0007d6f8,DEFAULT,false,__stdcall,4,0,,1,0,2,0,application,recovered
0x0007d718,136,FUN_0007d718,DEFAULT,false,__stdcall,1,2,,8,0,3,0,application,recovered
0x0007d7a0,134,FUN_0007d7a0,DEFAULT,false,__stdcall,1,2,,3,0,1,0,application,recovered
0x0007d826,134,FUN_0007d826,DEFAULT,false,__stdcall,2,2,,7,0,3,0,application,recovered
0x0007d8ac,122,FUN_0007d8ac,DEFAULT,false,__stdcall,1,2,,3,0,1,0,application,recovered
0x0007d93a,106,FUN_0007d93a,DEFAULT,false,__stdcall,1,3,,3,0,1,0,application,recovered
0x0007d9e4,34,FUN_0007d9e4,DEFAULT,false,__stdcall,1,0,,1,0,1,0,application,recovered
0x0007da06,64,FUN_0007da06,DEFAULT,false,__stdcall,10,4,,0,0,1,0,application,recovered
0x0007da46,26,FUN_0007da46,DEFAULT,false,__stdcall,1,1,,1,0,1,0,application,recovered
0x0007da76,26,FUN_0007da76,DEFAULT,false,__stdcall,2,0,,0,0,2,0,application,recovered
0x0007dac2,146,FUN_0007dac2,DEFAULT,false,__stdcall,1,2,,4,0,3,0,application,recovered
0x0007db54,48,FUN_0007db54,DEFAULT,false,__stdcall,1,2,,0,0,1,0,application,recovered
0x0007db84,38,FUN_0007db84,DEFAULT,false,__stdcall,1,2,,0,0,0,0,application,recovered
0x0007dbaa,34,FUN_0007dbaa,DEFAULT,false,__stdcall,1,1,,0,0,0,0,application,recovered
0x0007dbcc,94,FUN_0007dbcc,DEFAULT,false,__stdcall,1,2,,1,0,2,0,application,recovered
0x0007dc2a,24,FUN_0007dc2a,DEFAULT,false,__stdcall,1,0,,1,0,1,0,application,recovered
0x0007dc42,24,FUN_0007dc42,DEFAULT,false,__stdcall,1,0,,1,0,1,0,application,recovered
0x0007dc62,24,FUN_0007dc62,DEFAULT,false,__stdcall,1,0,,1,0,1,0,application,recovered
0x0007dc7a,2,FUN_0007dc7a,DEFAULT,false,__stdcall,1,0,,0,0,0,0,application,recovered
0x0007dc7c,4,FUN_0007dc7c,DEFAULT,false,__stdcall,2,0,,0,0,0,0,application,recovered
0x0007dc80,4,FUN_0007dc80,DEFAULT,false,__stdcall,1,0,,0,0,0,0,application,recovered
0x0007dc84,4,FUN_0007dc84,DEFAULT,false,__stdcall,1,0,,0,0,0,0,application,recovered
0x0007dc88,2,FUN_0007dc88,DEFAULT,false,__stdcall,1,0,,0,0,0,0,application,recovered
0x0007dc8e,2,FUN_0007dc8e,DEFAULT,false,__stdcall,1,0,,0,0,0,0,application,recovered
0x0007dc90,4,FUN_0007dc90,DEFAULT,false,__stdcall,1,0,,0,0,0,0,application,recovered
0x0007dc94,56,FUN_0007dc94,DEFAULT,false,__stdcall,1,0,,1,0,2,0,application,recovered
0x0007dccc,182,FUN_0007dccc,DEFAULT,false,__stdcall,1,7,,4,0,1,0,application,recovered
0x0007dd82,16,FUN_0007dd82,DEFAULT,false,__stdcall,1,2,,0,0,0,0,application,recovered
0x0007dd92,2,FUN_0007dd92,DEFAULT,false,__stdcall,1,0,,0,0,0,0,application,recovered
0x0007dd96,12,FUN_0007dd96,DEFAULT,false,__stdcall,1,1,,0,0,0,0,application,recovered
0x0007dda2,32,FUN_0007dda2,DEFAULT,false,__stdcall,2,0,,0,0,2,0,application,recovered
0x0007ddc2,32,FUN_0007ddc2,DEFAULT,false,__stdcall,4,0,,0,0,2,0,application,recovered
0x0007dde2,32,FUN_0007dde2,DEFAULT,false,__stdcall,2,0,,0,0,2,0,application,recovered
0x0007de44,22,FUN_0007de44,DEFAULT,false,__stdcall,1,1,,0,0,1,0,application,recovered
0x0007de70,22,FUN_0007de70,DEFAULT,false,__stdcall,1,1,,0,0,1,0,application,recovered
0x0007deb0,16,FUN_0007deb0,DEFAULT,false,__stdcall,1,2,,0,0,0,0,application,recovered
0x0007dec0,12,FUN_0007dec0,DEFAULT,false,__stdcall,3,1,,0,0,0,0,application,recovered
0x0007decc,12,FUN_0007decc,DEFAULT,false,__stdcall,3,1,,0,0,0,0,application,recovered
0x0007dfac,46,FUN_0007dfac,DEFAULT,false,__stdcall,1,0,,1,0,1,0,application,recovered
0x0007dfda,58,FUN_0007dfda,DEFAULT,false,__stdcall,2,2,,3,0,0,0,application,recovered
0x0007e014,94,FUN_0007e014,DEFAULT,false,__stdcall,1,5,,6,0,1,0,application,recovered
0x0007e072,132,FUN_0007e072,DEFAULT,false,__stdcall,1,4,,6,0,2,0,application,recovered
0x0007e0f6,42,FUN_0007e0f6,DEFAULT,false,__stdcall,1,2,,1,0,0,0,application,recovered
0x0007e120,48,FUN_0007e120,DEFAULT,false,__stdcall,1,2,,0,0,2,0,application,recovered
0x0007e164,44,FUN_0007e164,DEFAULT,false,__stdcall,1,1,,0,0,3,0,application,recovered
0x0007e22a,38,FUN_0007e22a,DEFAULT,false,__stdcall,1,0,,0,0,3,0,application,recovered
0x0007e250,40,FUN_0007e250,DEFAULT,false,__stdcall,1,1,,0,0,3,0,application,recovered
0x0007e278,2,FUN_0007e278,DEFAULT,false,__stdcall,1,0,,0,0,0,0,application,recovered
0x0007e29a,32,FUN_0007e29a,DEFAULT,false,__stdcall,1,0,,0,0,2,0,application,recovered
0x0007e2ba,32,FUN_0007e2ba,DEFAULT,false,__stdcall,5,0,,0,0,2,0,application,recovered
0x0007e2da,2,FUN_0007e2da,DEFAULT,false,__stdcall,1,0,,0,0,0,0,application,recovered
0x0007e30c,76,application_pdur_tx_confirmation_router,USER_DEFINED,false,__stdcall,1,2,,0,0,4,0,application,annotated
0x0007e39a,42,FUN_0007e39a,DEFAULT,false,__stdcall,1,1,,1,0,1,0,application,recovered
0x0007e3c4,44,FUN_0007e3c4,DEFAULT,false,__stdcall,1,1,,1,0,0,0,application,recovered
0x0007e3f0,34,FUN_0007e3f0,DEFAULT,false,__stdcall,6,2,,0,0,0,0,application,recovered
0x0007e412,108,FUN_0007e412,DEFAULT,false,__stdcall,4,5,,1,0,0,0,application,recovered
0x0007e47e,80,FUN_0007e47e,DEFAULT,false,__stdcall,2,1,,1,0,2,0,application,recovered
0x0007e4ce,32,FUN_0007e4ce,DEFAULT,false,__stdcall,1,0,,0,0,2,0,application,recovered
0x0007e4ee,22,FUN_0007e4ee,DEFAULT,false,__stdcall,6,0,,0,0,1,0,application,recovered
0x0007e504,180,FUN_0007e504,DEFAULT,false,__stdcall,1,2,,2,0,5,0,application,recovered
0x0007e5b8,58,FUN_0007e5b8,DEFAULT,false,__stdcall,2,1,,0,0,2,0,application,recovered
0x0007e5f2,124,application_canif_get_tx_can_id,USER_DEFINED,false,__stdcall,0,0,,0,0,12,0,application,annotated
0x0007e66e,138,FUN_0007e66e,DEFAULT,false,__stdcall,1,4,,5,0,6,0,application,recovered
0x0007e6f8,84,FUN_0007e6f8,DEFAULT,false,__stdcall,1,1,,0,0,2,0,application,recovered
0x0007e74c,74,FUN_0007e74c,DEFAULT,false,__stdcall,1,1,,0,0,0,0,application,recovered
0x0007e796,70,FUN_0007e796,DEFAULT,false,__stdcall,2,2,,1,0,3,0,application,recovered
0x0007e7dc,370,FUN_0007e7dc,DEFAULT,false,__stdcall,1,8,,6,0,3,0,application,recovered
0x0007e94e,70,FUN_0007e94e,DEFAULT,false,__stdcall,1,1,,1,0,0,0,application,recovered
0x0007ea0e,98,FUN_0007ea0e,DEFAULT,false,__stdcall,2,4,,2,0,3,0,application,recovered
0x0007ea70,2,FUN_0007ea70,DEFAULT,false,__stdcall,2,0,,0,0,0,0,application,recovered
0x0007ea74,80,FUN_0007ea74,DEFAULT,false,__stdcall,1,5,,0,0,4,0,application,recovered
0x0007eac4,44,FUN_0007eac4,DEFAULT,false,__stdcall,1,0,,1,0,0,0,application,recovered
0x0007eaf0,50,FUN_0007eaf0,DEFAULT,false,__stdcall,2,0,,0,0,2,0,application,recovered
0x0007eb22,312,FUN_0007eb22,DEFAULT,false,__stdcall,1,0,,2,0,4,0,application,recovered
0x0007ec5a,434,application_canif_enqueue_tx,USER_DEFINED,false,__stdcall,1,4,,6,0,4,0,application,annotated
0x0007ee0c,160,application_canif_transmit,USER_DEFINED,false,__stdcall,3,1,,0,0,19,0,application,annotated
0x0007eeac,206,FUN_0007eeac,DEFAULT,false,__stdcall,2,5,,6,0,3,0,application,recovered
0x0007ef7a,28,FUN_0007ef7a,DEFAULT,false,__stdcall,1,1,,0,0,1,0,application,recovered
0x0007f002,110,application_canif_tx_confirmation,USER_DEFINED,false,__stdcall,0,1,,0,0,22,0,application,annotated
0x0007f070,254,application_can_queue_to_rscfd,USER_DEFINED,false,__stdcall,2,3,,1,0,3,0,application,annotated
0x0007f16e,148,FUN_0007f16e,DEFAULT,false,__stdcall,1,3,,4,0,3,0,application,recovered
0x0007f202,140,FUN_0007f202,DEFAULT,false,__stdcall,1,3,,3,0,4,0,application,recovered
0x0007f28e,54,FUN_0007f28e,DEFAULT,false,__stdcall,1,0,,2,0,2,0,application,recovered
0x0007f2c4,140,FUN_0007f2c4,DEFAULT,false,__stdcall,1,1,,4,0,2,0,application,recovered
0x0007f350,394,FUN_0007f350,DEFAULT,false,__stdcall,2,8,,4,0,3,0,application,recovered
0x0007f4da,222,FUN_0007f4da,DEFAULT,false,__stdcall,1,1,,11,0,8,0,application,recovered
0x0007f5b8,156,FUN_0007f5b8,DEFAULT,false,__stdcall,1,3,,5,0,4,0,application,recovered
0x0007f654,152,FUN_0007f654,DEFAULT,false,__stdcall,1,3,,4,0,4,0,application,recovered
0x0007f6ec,172,FUN_0007f6ec,DEFAULT,false,__stdcall,2,3,,5,0,4,0,application,recovered
0x0007f798,82,FUN_0007f798,DEFAULT,false,__stdcall,1,0,,2,0,1,0,application,recovered
0x0007f7ea,296,FUN_0007f7ea,DEFAULT,false,__stdcall,1,5,,2,0,2,0,application,recovered
0x0007f912,76,FUN_0007f912,DEFAULT,false,__stdcall,1,1,,2,0,2,0,application,recovered
0x0007f95e,248,FUN_0007f95e,DEFAULT,false,__stdcall,2,2,,2,0,2,0,application,recovered
0x0007fa56,128,application_can_rx_queue_ingress,USER_DEFINED,false,__stdcall,1,3,,2,0,4,0,application,annotated
0x0007fad6,94,FUN_0007fad6,DEFAULT,false,__stdcall,1,0,,6,0,3,0,application,recovered
0x0007fb34,52,FUN_0007fb34,DEFAULT,false,__stdcall,3,2,,3,0,1,0,application,recovered
0x0007fb68,52,FUN_0007fb68,DEFAULT,false,__stdcall,1,3,,1,0,0,0,application,recovered
0x0007fb9c,74,FUN_0007fb9c,DEFAULT,false,__stdcall,1,3,,1,0,3,0,application,recovered
0x0007fbe6,88,FUN_0007fbe6,DEFAULT,false,__stdcall,1,3,,2,0,2,0,application,recovered
0x0007fc3e,42,FUN_0007fc3e,DEFAULT,false,__stdcall,4,2,,1,0,0,0,application,recovered
0x0007fc68,34,FUN_0007fc68,DEFAULT,false,__stdcall,1,1,,0,0,2,0,application,recovered
0x0007fc8a,74,FUN_0007fc8a,DEFAULT,false,__stdcall,1,0,,0,0,0,0,application,recovered
0x0007fcd4,114,FUN_0007fcd4,DEFAULT,false,__stdcall,2,3,,4,0,0,0,application,recovered
0x0007fd46,126,FUN_0007fd46,DEFAULT,false,__stdcall,4,2,,4,0,1,0,application,recovered
0x0007fdc4,102,FUN_0007fdc4,DEFAULT,false,__stdcall,1,1,,0,0,3,0,application,recovered
0x0007fe6e,10,FUN_0007fe6e,DEFAULT,false,__stdcall,1,0,,1,0,0,0,application,recovered
0x0007fe78,2,FUN_0007fe78,DEFAULT,false,__stdcall,1,0,,0,0,0,0,application,recovered
0x0007fe7a,2,FUN_0007fe7a,DEFAULT,false,__stdcall,1,0,,0,0,0,0,application,recovered
0x0007fe7c,2,FUN_0007fe7c,DEFAULT,false,__stdcall,2,0,,0,0,0,0,application,recovered
0x0007fe7e,2,FUN_0007fe7e,DEFAULT,false,__stdcall,1,0,,0,0,0,0,application,recovered
0x0007fe80,38,FUN_0007fe80,DEFAULT,false,__stdcall,3,0,,1,0,1,0,application,recovered
0x0007ff86,128,application_can_special_rx_demux,USER_DEFINED,false,__stdcall,0,0,,0,0,3,0,application,annotated
0x00080006,204,application_can_normal_rx_demux,USER_DEFINED,false,__stdcall,0,5,,0,0,10,0,application,annotated
0x00080114,144,application_can_diagnostic_rx_demux,USER_DEFINED,false,__stdcall,0,2,,0,0,9,0,application,annotated
0x000801a4,46,FUN_000801a4,DEFAULT,false,__stdcall,1,1,,0,0,2,0,application,recovered
0x000801d2,46,FUN_000801d2,DEFAULT,false,__stdcall,3,1,,0,0,2,0,application,recovered
0x00080242,46,FUN_00080242,DEFAULT,false,__stdcall,2,1,,0,0,2,0,application,recovered
0x00080270,2,FUN_00080270,DEFAULT,false,__stdcall,1,0,,0,0,0,0,application,recovered
0x00080272,2,FUN_00080272,DEFAULT,false,__stdcall,1,0,,0,0,0,0,application,recovered
0x00080274,2,FUN_00080274,DEFAULT,false,__stdcall,1,0,,0,0,0,0,application,recovered
0x00080276,130,FUN_00080276,DEFAULT,false,__stdcall,1,4,,3,0,13,0,application,recovered
0x000802f8,106,FUN_000802f8,DEFAULT,false,__stdcall,1,0,,0,0,21,0,application,recovered
0x00080362,92,FUN_00080362,DEFAULT,false,__stdcall,2,0,,0,0,17,0,application,recovered
0x000803be,2,FUN_000803be,DEFAULT,false,__stdcall,1,0,,0,0,0,0,application,recovered
0x000803c2,4,FUN_000803c2,DEFAULT,false,__stdcall,1,0,,0,0,0,0,application,recovered
0x00080442,2,FUN_00080442,DEFAULT,false,__stdcall,1,0,,0,0,0,0,application,recovered
0x00080480,14,FUN_00080480,DEFAULT,false,__stdcall,1,0,,1,0,0,0,application,recovered
0x0008048e,14,FUN_0008048e,DEFAULT,false,__stdcall,1,1,,0,0,0,0,application,recovered
0x0008049c,2,FUN_0008049c,DEFAULT,false,__stdcall,1,0,,0,0,0,0,application,recovered
0x0008049e,4,FUN_0008049e,DEFAULT,false,__stdcall,1,0,,0,0,0,0,application,recovered
0x000804a4,2,FUN_000804a4,DEFAULT,false,__stdcall,1,0,,0,0,0,0,application,recovered
0x000805c4,4,FUN_000805c4,DEFAULT,false,__stdcall,2,0,,0,0,0,0,application,recovered
0x000805c8,4,FUN_000805c8,DEFAULT,false,__stdcall,2,0,,0,0,0,0,application,recovered
0x000805cc,4,FUN_000805cc,DEFAULT,false,__stdcall,0,0,,0,0,0,0,application,recovered
0x00080680,2,FUN_00080680,DEFAULT,false,__stdcall,1,0,,0,0,0,0,application,recovered
0x00080682,2,FUN_00080682,DEFAULT,false,__stdcall,1,0,,0,0,0,0,application,recovered
0x00080684,174,FUN_00080684,DEFAULT,false,__stdcall,0,2,,0,0,11,0,application,recovered
0x00080742,88,FUN_00080742,DEFAULT,false,__stdcall,1,1,,0,0,5,0,application,recovered
0x0008079a,90,FUN_0008079a,DEFAULT,false,__stdcall,1,1,,0,0,5,0,application,recovered
0x000807f4,88,FUN_000807f4,DEFAULT,false,__stdcall,1,1,,0,0,5,0,application,recovered
0x0008084c,88,FUN_0008084c,DEFAULT,false,__stdcall,1,1,,0,0,5,0,application,recovered
0x000808a4,88,FUN_000808a4,DEFAULT,false,__stdcall,1,1,,0,0,5,0,application,recovered
0x00080914,26,FUN_00080914,DEFAULT,false,__stdcall,1,1,,0,0,2,0,application,recovered
0x0008092e,26,FUN_0008092e,DEFAULT,false,__stdcall,1,1,,0,0,2,0,application,recovered
0x00080948,24,FUN_00080948,DEFAULT,false,__stdcall,1,1,,0,0,2,0,application,recovered
0x00080960,26,FUN_00080960,DEFAULT,false,__stdcall,1,1,,0,0,2,0,application,recovered
0x0008097a,24,FUN_0008097a,DEFAULT,false,__stdcall,1,1,,0,0,2,0,application,recovered
0x00080992,26,application_pdur_com_transmit,USER_DEFINED,false,__stdcall,1,1,,0,0,2,0,application,annotated
0x000809ac,26,FUN_000809ac,DEFAULT,false,__stdcall,1,1,,0,0,2,0,application,recovered
0x000809c6,112,application_pdu_transmit_router,USER_DEFINED,false,__stdcall,1,2,,0,0,9,0,application,annotated
0x00080a36,112,FUN_00080a36,DEFAULT,false,__stdcall,1,2,,0,0,9,0,application,recovered
0x00080aa6,26,FUN_00080aa6,DEFAULT,false,__stdcall,1,1,,0,0,2,0,application,recovered
0x00080ac0,26,FUN_00080ac0,DEFAULT,false,__stdcall,1,1,,0,0,2,0,application,recovered
0x00080ada,112,FUN_00080ada,DEFAULT,false,__stdcall,1,2,,0,0,9,0,application,recovered
0x00080b4a,112,FUN_00080b4a,DEFAULT,false,__stdcall,1,2,,0,0,9,0,application,recovered
0x00080bba,112,FUN_00080bba,DEFAULT,false,__stdcall,1,1,,0,0,6,0,application,recovered
0x00080c2a,24,FUN_00080c2a,DEFAULT,false,__stdcall,1,1,,0,0,2,0,application,recovered
0x00080c42,2,FUN_00080c42,DEFAULT,false,__stdcall,2,0,,0,0,0,0,application,recovered
0x00080c44,172,application_pdu_rx_router,USER_DEFINED,false,__stdcall,1,1,,0,0,11,0,application,annotated
0x00080da4,26,FUN_00080da4,DEFAULT,false,__stdcall,1,1,,0,0,2,0,application,recovered
0x00080dfa,48,FUN_00080dfa,DEFAULT,false,__stdcall,1,0,,0,0,3,0,application,recovered
0x00080e44,44,FUN_00080e44,DEFAULT,false,__stdcall,0,0,,0,0,2,0,application,recovered
0x00080e76,4,FUN_00080e76,DEFAULT,false,__stdcall,2,0,,0,0,0,0,application,recovered
0x00080e7a,64,FUN_00080e7a,DEFAULT,false,__stdcall,1,3,,1,0,0,0,application,recovered
0x00080eba,84,FUN_00080eba,DEFAULT,false,__stdcall,0,2,,1,0,0,0,application,recovered
0x00080f0e,4,FUN_00080f0e,DEFAULT,false,__stdcall,1,0,,0,0,0,0,application,recovered
0x0008107a,28,FUN_0008107a,DEFAULT,false,__stdcall,1,1,,3,0,1,0,application,recovered
0x000810aa,16,FUN_000810aa,DEFAULT,false,__stdcall,1,1,,0,0,1,0,application,recovered
0x000810ba,12,FUN_000810ba,DEFAULT,false,__stdcall,1,0,,2,0,0,0,application,recovered
0x000810c6,24,FUN_000810c6,DEFAULT,false,__stdcall,2,2,,1,0,1,0,application,recovered
0x000810de,6,FUN_000810de,DEFAULT,false,__stdcall,1,0,,1,0,0,0,application,recovered
0x000810e4,6,FUN_000810e4,DEFAULT,false,__stdcall,2,0,,1,0,0,0,application,recovered
0x000810ea,178,FUN_000810ea,DEFAULT,false,__stdcall,1,4,,2,0,5,0,application,recovered
0x0008119c,6,FUN_0008119c,DEFAULT,false,__stdcall,0,0,,1,0,0,0,application,recovered
0x000811a2,6,FUN_000811a2,DEFAULT,false,__stdcall,0,0,,1,0,0,0,application,recovered
0x000811a8,156,FUN_000811a8,DEFAULT,false,__stdcall,1,0,,16,0,4,0,application,recovered
0x00081244,56,FUN_00081244,DEFAULT,false,__stdcall,1,2,,3,0,1,0,application,recovered
0x0008127c,122,FUN_0008127c,DEFAULT,false,__stdcall,1,3,,4,0,3,0,application,recovered
0x000812f6,98,FUN_000812f6,DEFAULT,false,__stdcall,1,1,,6,0,2,0,application,recovered
0x00081358,80,FUN_00081358,DEFAULT,false,__stdcall,1,1,,2,0,3,0,application,recovered
0x000813a8,36,FUN_000813a8,DEFAULT,false,__stdcall,0,0,,1,0,1,0,application,recovered
0x000815a0,74,FUN_000815a0,DEFAULT,false,__stdcall,0,2,,3,0,2,0,application,recovered
0x0008168e,58,FUN_0008168e,DEFAULT,false,__stdcall,0,0,,3,0,2,0,application,recovered
0x00081950,32,FUN_00081950,DEFAULT,false,__stdcall,0,0,,0,0,0,0,application,recovered
0x00081970,18,FUN_00081970,DEFAULT,false,__stdcall,1,0,,0,0,0,0,application,recovered
0x00081ae6,144,FUN_00081ae6,DEFAULT,false,__stdcall,1,3,,2,0,5,0,application,recovered
0x00081bb2,154,FUN_00081bb2,DEFAULT,false,__stdcall,1,1,,10,0,4,0,application,recovered
0x00081c80,44,FUN_00081c80,DEFAULT,false,__stdcall,2,1,,1,0,2,0,application,recovered
0x00081cac,102,FUN_00081cac,DEFAULT,false,__stdcall,1,1,,4,0,3,0,application,recovered
0x00081d12,52,FUN_00081d12,DEFAULT,false,__stdcall,1,3,,3,0,1,0,application,recovered
0x00081d46,34,FUN_00081d46,DEFAULT,false,__stdcall,1,3,,1,0,1,0,application,recovered
0x00081d68,32,FUN_00081d68,DEFAULT,false,__stdcall,4,0,,0,0,2,0,application,recovered
0x00081d88,32,FUN_00081d88,DEFAULT,false,__stdcall,2,2,,0,0,2,0,application,recovered
0x00081da8,28,FUN_00081da8,DEFAULT,false,__stdcall,1,2,,0,0,1,0,application,recovered
0x00081dc4,38,FUN_00081dc4,DEFAULT,false,__stdcall,1,2,,1,0,1,0,application,recovered
0x00081dea,26,FUN_00081dea,DEFAULT,false,__stdcall,2,2,,2,0,0,0,application,recovered
0x00081e04,40,FUN_00081e04,DEFAULT,false,__stdcall,2,3,,0,0,2,0,application,recovered
0x00081e2c,44,FUN_00081e2c,DEFAULT,false,__stdcall,1,1,,1,0,1,0,application,recovered
0x00081e58,124,FUN_00081e58,DEFAULT,false,__stdcall,2,0,,6,0,2,0,application,recovered
0x00081ed4,44,FUN_00081ed4,DEFAULT,false,__stdcall,2,2,,1,0,0,0,application,recovered
0x00081f00,34,FUN_00081f00,DEFAULT,false,__stdcall,1,1,,1,0,1,0,application,recovered
0x00081f22,100,FUN_00081f22,DEFAULT,false,__stdcall,1,1,,2,0,3,0,application,recovered
0x00081f86,14,FUN_00081f86,DEFAULT,false,__stdcall,1,1,,0,0,0,0,application,recovered
0x00081fac,14,FUN_00081fac,DEFAULT,false,__stdcall,0,1,,0,0,0,0,application,recovered
0x00081fba,14,FUN_00081fba,DEFAULT,false,__stdcall,0,1,,0,0,0,0,application,recovered
0x00081fc8,12,FUN_00081fc8,DEFAULT,false,__stdcall,1,1,,0,0,0,0,application,recovered
0x00081fd4,16,FUN_00081fd4,DEFAULT,false,__stdcall,1,1,,0,0,0,0,application,recovered
0x00081fe4,94,FUN_00081fe4,DEFAULT,false,__stdcall,0,1,,2,0,2,0,application,recovered
0x0008206a,2,FUN_0008206a,DEFAULT,false,__stdcall,1,0,,0,0,0,0,application,recovered
0x0008206c,26,FUN_0008206c,DEFAULT,false,__stdcall,1,1,,0,0,0,0,application,recovered
0x00082086,12,FUN_00082086,DEFAULT,false,__stdcall,1,0,,1,0,0,0,application,recovered
0x00082092,64,FUN_00082092,DEFAULT,false,__stdcall,1,2,,1,0,1,0,application,recovered
0x000820d2,30,FUN_000820d2,DEFAULT,false,__stdcall,2,0,,2,0,1,0,application,recovered
0x000820f0,20,FUN_000820f0,DEFAULT,false,__stdcall,1,0,,1,0,1,0,application,recovered
0x00082104,20,FUN_00082104,DEFAULT,false,__stdcall,1,0,,1,0,1,0,application,recovered
0x00082118,50,FUN_00082118,DEFAULT,false,__stdcall,1,1,,0,0,1,0,application,recovered
0x0008214a,20,FUN_0008214a,DEFAULT,false,__stdcall,1,1,,0,0,1,0,application,recovered
0x0008215e,18,FUN_0008215e,DEFAULT,false,__stdcall,1,1,,0,0,1,0,application,recovered
0x00082170,18,FUN_00082170,DEFAULT,false,__stdcall,1,1,,0,0,1,0,application,recovered
0x00082182,18,FUN_00082182,DEFAULT,false,__stdcall,1,1,,0,0,1,0,application,recovered
0x00082194,2,FUN_00082194,DEFAULT,false,__stdcall,1,0,,0,0,0,0,application,recovered
0x00082196,22,FUN_00082196,DEFAULT,false,__stdcall,1,1,,0,0,1,0,application,recovered
0x000821ac,22,FUN_000821ac,DEFAULT,false,__stdcall,1,1,,0,0,1,0,application,recovered
0x000821c2,22,FUN_000821c2,DEFAULT,false,__stdcall,1,1,,0,0,1,0,application,recovered
0x000821d8,22,FUN_000821d8,DEFAULT,false,__stdcall,1,1,,0,0,1,0,application,recovered
0x000821ee,20,FUN_000821ee,DEFAULT,false,__stdcall,6,1,,0,0,1,0,application,recovered
0x00082202,2,FUN_00082202,DEFAULT,false,__stdcall,1,0,,0,0,0,0,application,recovered
0x00082204,2,FUN_00082204,DEFAULT,false,__stdcall,2,0,,0,0,0,0,application,recovered
0x00082206,2,FUN_00082206,DEFAULT,false,__stdcall,2,0,,0,0,0,0,application,recovered
0x00082208,216,FUN_00082208,DEFAULT,false,__stdcall,1,0,,8,0,10,0,application,recovered
0x000822e0,10,FUN_000822e0,DEFAULT,false,__stdcall,1,0,,1,0,0,0,application,recovered
0x000822ea,10,FUN_000822ea,DEFAULT,false,__stdcall,3,0,,1,0,0,0,application,recovered
0x000822f4,4,FUN_000822f4,DEFAULT,false,__stdcall,1,0,,0,0,0,0,application,recovered
0x000822f8,106,FUN_000822f8,DEFAULT,false,__stdcall,1,0,,2,0,2,0,application,recovered
0x00082372,68,FUN_00082372,DEFAULT,false,__stdcall,1,0,,2,0,2,0,application,recovered
0x00082456,42,FUN_00082456,DEFAULT,false,__stdcall,1,1,,1,0,2,0,application,recovered
0x00082480,2,FUN_00082480,DEFAULT,false,__stdcall,1,0,,0,0,0,0,application,recovered
0x00082482,2,FUN_00082482,DEFAULT,false,__stdcall,1,0,,0,0,0,0,application,recovered
0x00082484,26,FUN_00082484,DEFAULT,false,__stdcall,1,0,,2,0,0,0,application,recovered
0x000824a0,2,FUN_000824a0,DEFAULT,false,__stdcall,1,0,,0,0,0,0,application,recovered
0x000824a4,2,FUN_000824a4,DEFAULT,false,__stdcall,1,0,,0,0,0,0,application,recovered
0x000824a6,2,FUN_000824a6,DEFAULT,false,__stdcall,1,0,,0,0,0,0,application,recovered
0x000824a8,4,FUN_000824a8,DEFAULT,false,__stdcall,1,0,,0,0,0,0,application,recovered
0x000824ac,42,FUN_000824ac,DEFAULT,false,__stdcall,1,0,,3,0,1,0,application,recovered
0x000824d6,14,FUN_000824d6,DEFAULT,false,__stdcall,4,0,,1,0,0,0,application,recovered
0x000824e4,154,FUN_000824e4,DEFAULT,false,__stdcall,1,4,,2,0,5,0,application,recovered
0x0008257e,14,FUN_0008257e,DEFAULT,false,__stdcall,1,0,,1,0,0,0,application,recovered
0x0008258c,134,FUN_0008258c,DEFAULT,false,__stdcall,1,2,,3,0,1,0,application,recovered
0x00082620,20,FUN_00082620,DEFAULT,false,__stdcall,1,0,,0,0,0,0,application,recovered
0x00082634,90,FUN_00082634,DEFAULT,false,__stdcall,1,4,,1,0,3,0,application,recovered
0x000826bc,42,FUN_000826bc,DEFAULT,false,__stdcall,1,1,,2,0,0,0,application,recovered
0x000826e6,48,FUN_000826e6,DEFAULT,false,__stdcall,3,1,,0,0,2,0,application,recovered
0x00082716,2,FUN_00082716,DEFAULT,false,__stdcall,1,0,,0,0,0,0,application,recovered
0x00082718,90,FUN_00082718,DEFAULT,false,__stdcall,1,2,,0,3,4,0,application,recovered
0x00082772,88,FUN_00082772,DEFAULT,false,__stdcall,1,0,,0,2,2,0,application,recovered
0x000827ca,34,FUN_000827ca,DEFAULT,false,__stdcall,1,1,,0,2,2,0,application,recovered
0x000827ec,122,FUN_000827ec,DEFAULT,false,__stdcall,1,3,,0,0,4,0,application,recovered
0x00082866,174,FUN_00082866,DEFAULT,false,__stdcall,1,1,,1,0,1,0,application,recovered
0x00082914,48,FUN_00082914,DEFAULT,false,__stdcall,1,0,,2,0,0,0,application,recovered
0x00082944,84,FUN_00082944,DEFAULT,false,__stdcall,2,0,,1,0,6,0,application,recovered
0x00082a24,316,FUN_00082a24,DEFAULT,false,__stdcall,2,0,,1,0,21,0,application,recovered
0x00082b82,38,FUN_00082b82,DEFAULT,false,__stdcall,1,0,,2,0,1,0,application,recovered
0x00082ba8,4,FUN_00082ba8,DEFAULT,false,__stdcall,1,0,,0,0,0,0,application,recovered
0x00082bac,58,FUN_00082bac,DEFAULT,false,__stdcall,1,0,,1,0,1,0,application,recovered
0x00082be6,14,FUN_00082be6,DEFAULT,false,__stdcall,2,0,,1,0,0,0,application,recovered
0x00082bf4,48,FUN_00082bf4,DEFAULT,false,__stdcall,1,1,,1,0,1,0,application,recovered
0x00082c24,44,FUN_00082c24,DEFAULT,false,__stdcall,2,1,,0,0,2,0,application,recovered
0x00082c50,204,FUN_00082c50,DEFAULT,false,__stdcall,1,1,,0,0,5,0,application,recovered
0x00082d1c,206,FUN_00082d1c,DEFAULT,false,__stdcall,1,1,,0,7,5,0,application,recovered
0x00082dea,24,FUN_00082dea,DEFAULT,false,__stdcall,2,2,,0,0,0,0,application,recovered
0x00082e02,62,FUN_00082e02,DEFAULT,false,__stdcall,1,4,,0,1,2,0,application,recovered
0x00082e40,14,application_can1_rx_interrupt_body,USER_DEFINED,false,__stdcall,1,1,,0,0,0,0,application,annotated
0x00082e4e,92,FUN_00082e4e,DEFAULT,false,__stdcall,1,3,,1,0,3,0,application,recovered
0x00082eaa,96,FUN_00082eaa,DEFAULT,false,__stdcall,1,5,,1,0,0,0,application,recovered
0x00082f0a,200,FUN_00082f0a,DEFAULT,false,__stdcall,2,5,,1,0,4,0,application,recovered
0x00082fd2,158,FUN_00082fd2,DEFAULT,false,__stdcall,1,7,,1,0,3,0,application,recovered
0x000830b6,64,FUN_000830b6,DEFAULT,false,__stdcall,1,4,,1,0,0,0,application,recovered
0x0008310c,30,FUN_0008310c,DEFAULT,false,__stdcall,1,0,,1,0,0,0,application,recovered
0x00083184,44,FUN_00083184,DEFAULT,false,__stdcall,2,1,,1,0,1,0,application,recovered
0x000831b0,46,FUN_000831b0,DEFAULT,false,__stdcall,2,0,,1,0,0,0,application,recovered
0x000831de,14,FUN_000831de,DEFAULT,false,__stdcall,1,1,,0,0,0,0,application,recovered
0x000831ec,34,FUN_000831ec,DEFAULT,false,__stdcall,1,0,,1,0,2,0,application,recovered
0x0008320e,62,FUN_0008320e,DEFAULT,false,__stdcall,4,2,,0,2,4,0,application,recovered
0x0008324c,228,FUN_0008324c,DEFAULT,false,__stdcall,1,0,,0,20,15,0,application,recovered
0x00083330,84,FUN_00083330,DEFAULT,false,__stdcall,3,2,,0,0,3,0,application,recovered
0x00083384,192,FUN_00083384,DEFAULT,false,__stdcall,1,0,,0,0,9,0,application,recovered
0x00083444,60,FUN_00083444,DEFAULT,false,__stdcall,1,0,,0,0,3,0,application,recovered
0x00083480,226,FUN_00083480,DEFAULT,false,__stdcall,3,0,,0,11,18,0,application,recovered
0x00083562,160,FUN_00083562,DEFAULT,false,__stdcall,1,8,,0,2,6,0,application,recovered
0x00083602,110,FUN_00083602,DEFAULT,false,__stdcall,2,0,,0,3,15,0,application,recovered
0x00083670,68,FUN_00083670,DEFAULT,false,__stdcall,1,1,,1,1,3,0,application,recovered
0x000836b4,120,FUN_000836b4,DEFAULT,false,__stdcall,3,0,,0,6,11,0,application,recovered
0x0008372c,34,FUN_0008372c,DEFAULT,false,__stdcall,1,0,,0,2,3,0,application,recovered
0x0008374e,20,FUN_0008374e,DEFAULT,false,__stdcall,2,3,,0,0,0,0,application,recovered
0x00083762,58,FUN_00083762,DEFAULT,false,__stdcall,1,0,,0,0,4,0,application,recovered
0x0008379c,466,FUN_0008379c,DEFAULT,false,__stdcall,2,3,,0,3,23,0,application,recovered
0x0008396e,52,FUN_0008396e,DEFAULT,false,__stdcall,1,2,,0,1,1,0,application,recovered
0x000839a2,226,FUN_000839a2,DEFAULT,false,__stdcall,3,1,,0,2,12,0,application,recovered
0x00083a84,184,FUN_00083a84,DEFAULT,false,__stdcall,2,2,,0,2,10,0,application,recovered
0x00083b3c,442,FUN_00083b3c,DEFAULT,false,__stdcall,1,0,,0,17,29,0,application,recovered
0x00083cf6,48,FUN_00083cf6,DEFAULT,false,__stdcall,2,2,,1,0,1,0,application,recovered
0x00083d26,46,FUN_00083d26,DEFAULT,false,__stdcall,2,3,,0,2,2,0,application,recovered
0x00083d54,72,FUN_00083d54,DEFAULT,false,__stdcall,1,5,,0,0,1,0,application,recovered
0x00083d9c,52,FUN_00083d9c,DEFAULT,false,__stdcall,1,2,,0,1,1,0,application,recovered
0x00083dd0,70,FUN_00083dd0,DEFAULT,false,__stdcall,1,1,,0,0,4,0,application,recovered
0x00083e16,64,FUN_00083e16,DEFAULT,false,__stdcall,1,4,,0,0,1,0,application,recovered
0x00083efa,40,FUN_00083efa,DEFAULT,false,__stdcall,4,1,,0,2,3,0,application,recovered
0x00083faa,40,FUN_00083faa,DEFAULT,false,__stdcall,1,0,,0,2,3,0,application,recovered
0x00083fd2,30,FUN_00083fd2,DEFAULT,false,__stdcall,1,0,,1,0,1,0,application,recovered
0x00083ff0,50,FUN_00083ff0,DEFAULT,false,__stdcall,1,0,,1,0,3,0,application,recovered
0x00084022,166,application_rscfd_write_dispatch,USER_DEFINED,false,__stdcall,1,4,,2,0,4,0,application,annotated
0x000840c8,54,FUN_000840c8,DEFAULT,false,__stdcall,1,2,,1,0,1,0,application,recovered
0x000840fe,82,FUN_000840fe,DEFAULT,false,__stdcall,1,2,,2,0,4,0,application,recovered
0x00084150,70,FUN_00084150,DEFAULT,false,__stdcall,2,1,,1,0,4,0,application,recovered
0x00084196,120,FUN_00084196,DEFAULT,false,__stdcall,2,0,,0,0,3,0,application,recovered
0x0008420e,172,FUN_0008420e,DEFAULT,false,__stdcall,2,0,,0,0,4,0,application,recovered
0x000842ba,244,application_rscfd_write_classic,USER_DEFINED,false,__stdcall,1,2,,0,0,5,0,application,annotated
0x000843ae,342,FUN_000843ae,DEFAULT,false,__stdcall,1,2,,1,0,9,0,application,recovered
0x00084504,166,FUN_00084504,DEFAULT,false,__stdcall,1,0,,0,0,8,0,application,recovered
0x000845aa,122,FUN_000845aa,DEFAULT,false,__stdcall,1,0,,0,0,8,0,application,recovered
0x00084624,236,FUN_00084624,DEFAULT,false,__stdcall,2,1,,0,0,11,0,application,recovered
0x00084710,62,application_rscfd_tx_confirmation_dispatch,USER_DEFINED,false,__stdcall,1,4,,0,1,2,0,application,annotated
0x0008474e,14,application_can1_tx_interrupt_body,USER_DEFINED,false,__stdcall,1,1,,0,0,0,0,application,annotated
0x0008475c,236,FUN_0008475c,DEFAULT,false,__stdcall,1,1,,0,0,11,0,application,recovered
0x00084848,4,FUN_00084848,DEFAULT,false,__stdcall,2,0,,0,0,0,0,application,recovered
0x00084850,36,FUN_00084850,DEFAULT,false,__stdcall,1,1,,0,0,1,0,application,recovered
0x00084874,24,FUN_00084874,DEFAULT,false,__stdcall,1,1,,0,0,1,0,application,recovered
0x0008488c,44,FUN_0008488c,DEFAULT,false,__stdcall,1,1,,0,0,0,0,application,recovered
0x000848b8,180,FUN_000848b8,DEFAULT,false,__stdcall,1,0,,0,0,0,0,application,recovered
0x0008496c,2372,app_aes128_encrypt_round,USER_DEFINED,false,__stdcall,1,0,,0,0,4,0,application,annotated
0x000852b0,318,FUN_000852b0,DEFAULT,false,__stdcall,2,1,,0,0,0,0,application,recovered
0x000853ee,4582,app_aes128_ecb_decrypt_block,USER_DEFINED,false,__stdcall,1,0,,0,0,5,0,application,annotated
0x000865d4,1022,FUN_000865d4,DEFAULT,false,__stdcall,3,0,,0,0,11,0,application,recovered
0x000869d2,178,FUN_000869d2,DEFAULT,false,__stdcall,2,0,,0,0,0,0,application,recovered
0x00086a84,204,FUN_00086a84,DEFAULT,false,__stdcall,2,1,,0,0,0,0,application,recovered
0x00086b50,420,FUN_00086b50,DEFAULT,false,__stdcall,1,1,,0,0,0,0,application,recovered
0x00086db0,12,FUN_00086db0,DEFAULT,false,__stdcall,1,1,,0,0,0,0,application,recovered
0x00086dc8,12,FUN_00086dc8,DEFAULT,false,__stdcall,1,1,,0,0,0,0,application,recovered
0x00086dd4,12,FUN_00086dd4,DEFAULT,false,__stdcall,2,1,,0,0,0,0,application,recovered
0x00086de0,12,FUN_00086de0,DEFAULT,false,__stdcall,3,1,,0,0,0,0,application,recovered
0x00086dec,26,FUN_00086dec,DEFAULT,false,__stdcall,13,2,,1,0,0,0,application,recovered
0x00086e06,44,FUN_00086e06,DEFAULT,false,__stdcall,1,2,,2,0,0,0,application,recovered
0x00086e32,48,FUN_00086e32,DEFAULT,false,__stdcall,1,1,,5,0,0,0,application,recovered
0x00086e62,134,FUN_00086e62,DEFAULT,false,__stdcall,0,1,,10,0,0,0,application,recovered
0x00086ee8,174,FUN_00086ee8,DEFAULT,false,__stdcall,1,4,,9,0,0,0,application,recovered
0x00086f96,90,FUN_00086f96,DEFAULT,false,__stdcall,0,2,,6,0,0,0,application,recovered
0x0008704c,92,FUN_0008704c,DEFAULT,false,__stdcall,0,2,,6,0,1,0,application,recovered
0x0008725a,24,FUN_0008725a,DEFAULT,false,__stdcall,1,0,,1,0,0,0,application,recovered
0x00087272,40,FUN_00087272,DEFAULT,false,__stdcall,3,2,,1,0,0,0,application,recovered
0x0008729a,24,FUN_0008729a,DEFAULT,false,__stdcall,2,4,,0,0,0,0,application,recovered
0x000872b2,42,FUN_000872b2,DEFAULT,false,__stdcall,1,2,,1,0,0,0,application,recovered
0x000872dc,28,FUN_000872dc,DEFAULT,false,__stdcall,1,2,,0,0,0,0,application,recovered
0x000872f8,78,FUN_000872f8,DEFAULT,false,__stdcall,1,1,,0,0,1,0,application,recovered
0x00087346,24,FUN_00087346,DEFAULT,false,__stdcall,3,2,,1,0,0,0,application,recovered
0x0008735e,156,FUN_0008735e,DEFAULT,false,__stdcall,1,7,,11,0,0,0,application,recovered
0x00087484,62,FUN_00087484,DEFAULT,false,__stdcall,2,4,,0,0,0,0,application,recovered
0x000874c2,156,FUN_000874c2,DEFAULT,false,__stdcall,1,0,,8,0,0,0,application,recovered
0x0008755e,146,FUN_0008755e,DEFAULT,false,__stdcall,1,4,,5,0,0,0,application,recovered
0x000875f0,32,FUN_000875f0,DEFAULT,false,__stdcall,1,2,,0,0,0,0,application,recovered
0x00087610,38,icus_interrupt_channel292_dispatch,USER_DEFINED,false,__stdcall,1,0,,3,0,0,0,application,annotated
0x00087636,38,icus_interrupt_channel293_dispatch,USER_DEFINED,false,__stdcall,1,0,,3,0,0,0,application,annotated
0x0008765c,50,FUN_0008765c,DEFAULT,false,__stdcall,1,1,,5,0,0,0,application,recovered
0x0008768e,132,FUN_0008768e,DEFAULT,false,__stdcall,0,1,,13,0,0,0,application,recovered
0x00087712,116,FUN_00087712,DEFAULT,false,__stdcall,1,3,,7,0,0,0,application,recovered
0x00087786,90,FUN_00087786,DEFAULT,false,__stdcall,0,2,,6,0,0,0,application,recovered
0x0008783c,92,FUN_0008783c,DEFAULT,false,__stdcall,0,2,,6,0,1,0,application,recovered
0x00087a4a,24,FUN_00087a4a,DEFAULT,false,__stdcall,1,0,,1,0,0,0,application,recovered
0x00087a62,50,FUN_00087a62,DEFAULT,false,__stdcall,1,1,,5,0,0,0,application,recovered
0x00087a94,178,icus_command5_mac_generate_prepare,USER_DEFINED,false,__stdcall,1,2,,12,0,0,0,application,annotated
0x00087b46,116,icus_command5_mac_generate_copy_result,USER_DEFINED,false,__stdcall,2,3,,7,0,0,0,application,annotated
0x00087bba,90,icus_command5_mac_generate_finish,USER_DEFINED,false,__stdcall,1,2,,6,0,0,0,application,annotated
0x00087c70,92,icus_command5_mac_generate_start,USER_DEFINED,false,__stdcall,1,2,,6,0,1,0,application,annotated
0x00087ccc,260,icus_command5_mac_generate_adapter,USER_DEFINED,false,__stdcall,0,6,,7,0,0,0,application,annotated
0x00087dd0,186,icus_command5_mac_generate_completion,USER_DEFINED,false,__stdcall,0,5,,8,0,0,0,application,annotated
0x00087e8a,24,FUN_00087e8a,DEFAULT,false,__stdcall,1,0,,1,0,0,0,application,recovered
0x00087ea2,46,FUN_00087ea2,DEFAULT,false,__stdcall,1,1,,4,0,0,0,application,recovered
0x00087ed0,172,icus_cmac_verify_prepare,USER_DEFINED,false,__stdcall,1,2,,12,0,0,0,application,annotated
0x00087f7c,78,FUN_00087f7c,DEFAULT,false,__stdcall,2,2,,5,0,0,0,application,recovered
0x00087fca,90,FUN_00087fca,DEFAULT,false,__stdcall,1,2,,6,0,0,0,application,recovered
0x00088080,92,icus_cmac_verify_start,USER_DEFINED,false,__stdcall,1,2,,6,0,1,0,application,annotated
0x000880dc,256,icus_cmac_verify_adapter,USER_DEFINED,false,__stdcall,0,6,,7,0,0,0,application,annotated
0x000881dc,186,icus_cmac_verify_completion,USER_DEFINED,false,__stdcall,0,5,,8,0,0,0,application,annotated
0x00088296,24,FUN_00088296,DEFAULT,false,__stdcall,1,0,,1,0,0,0,application,recovered
0x000882ae,44,FUN_000882ae,DEFAULT,false,__stdcall,1,2,,5,0,0,0,application,recovered
0x000882da,40,FUN_000882da,DEFAULT,false,__stdcall,1,2,,1,0,0,0,application,recovered
0x00088302,34,crypto_generate_driver_record_lookup,USER_DEFINED,false,__stdcall,1,0,,0,0,2,0,application,annotated
0x00088324,20,FUN_00088324,DEFAULT,false,__stdcall,3,0,,3,0,0,0,application,recovered
0x00088338,24,FUN_00088338,DEFAULT,false,__stdcall,1,2,,1,0,0,0,application,recovered
0x00088350,150,crypto_generate_driver_dispatch,USER_DEFINED,false,__stdcall,1,4,,3,0,0,0,application,annotated
0x000883e6,6,FUN_000883e6,DEFAULT,false,__stdcall,1,0,,1,0,0,0,application,recovered
0x000883ec,74,FUN_000883ec,DEFAULT,false,__stdcall,1,1,,4,0,0,0,application,recovered
0x00088436,70,FUN_00088436,DEFAULT,false,__stdcall,1,3,,4,0,0,0,application,recovered
0x0008847c,56,FUN_0008847c,DEFAULT,false,__stdcall,1,0,,3,0,0,0,application,recovered
0x000884e0,40,FUN_000884e0,DEFAULT,false,__stdcall,1,2,,1,0,0,0,application,recovered
0x00088508,34,crypto_driver_record_lookup,USER_DEFINED,false,__stdcall,1,0,,0,0,2,0,application,annotated
0x0008852a,20,FUN_0008852a,DEFAULT,false,__stdcall,2,0,,3,0,0,0,application,recovered
0x0008853e,24,FUN_0008853e,DEFAULT,false,__stdcall,1,2,,1,0,0,0,application,recovered
0x00088556,148,crypto_driver_dispatch,USER_DEFINED,false,__stdcall,2,4,,3,0,0,0,application,annotated
0x000885f0,74,FUN_000885f0,DEFAULT,false,__stdcall,1,1,,4,0,0,0,application,recovered
0x000886e4,40,FUN_000886e4,DEFAULT,false,__stdcall,1,2,,1,0,0,0,application,recovered
0x0008870c,16,FUN_0008870c,DEFAULT,false,__stdcall,1,0,,0,0,1,0,application,recovered
0x0008871c,20,FUN_0008871c,DEFAULT,false,__stdcall,2,0,,3,0,0,0,application,recovered
0x00088730,24,FUN_00088730,DEFAULT,false,__stdcall,1,2,,1,0,0,0,application,recovered
0x00088748,144,FUN_00088748,DEFAULT,false,__stdcall,1,4,,3,0,0,0,application,recovered
0x000887de,74,FUN_000887de,DEFAULT,false,__stdcall,1,1,,4,0,0,0,application,recovered
0x000888d2,40,FUN_000888d2,DEFAULT,false,__stdcall,1,2,,1,0,0,0,application,recovered
0x000888fa,16,FUN_000888fa,DEFAULT,false,__stdcall,1,0,,0,0,1,0,application,recovered
0x0008890a,20,FUN_0008890a,DEFAULT,false,__stdcall,2,0,,3,0,0,0,application,recovered
0x0008891e,24,FUN_0008891e,DEFAULT,false,__stdcall,1,2,,1,0,0,0,application,recovered
0x00088936,144,FUN_00088936,DEFAULT,false,__stdcall,1,4,,3,0,0,0,application,recovered
0x000889cc,74,FUN_000889cc,DEFAULT,false,__stdcall,1,1,,4,0,0,0,application,recovered
0x00088b5c,14,cryptoif_generate_completion,USER_DEFINED,false,__stdcall,0,0,,2,0,0,0,application,annotated
0x00088b6a,50,cryptoif_job_begin,USER_DEFINED,false,__stdcall,2,1,,1,0,0,0,application,annotated
0x00088b9c,12,cryptoif_job_update,USER_DEFINED,false,__stdcall,2,0,,2,0,0,0,application,annotated
0x00088ba8,98,cryptoif_job_finish,USER_DEFINED,false,__stdcall,2,1,,5,0,0,0,application,annotated
0x00088c0a,14,cryptoif_job_completion,USER_DEFINED,false,__stdcall,0,0,,2,0,0,0,application,annotated
0x00088c18,16,FUN_00088c18,DEFAULT,false,__stdcall,1,0,,0,0,0,0,application,recovered
0x00088c28,36,FUN_00088c28,DEFAULT,false,__stdcall,1,1,,0,0,2,0,application,recovered
0x00088c4c,34,FUN_00088c4c,DEFAULT,false,__stdcall,1,2,,3,0,0,0,application,recovered
0x00088c90,86,FUN_00088c90,DEFAULT,false,__stdcall,1,1,,3,0,2,0,application,recovered
0x00088ce6,22,FUN_00088ce6,DEFAULT,false,__stdcall,1,1,,0,0,1,0,application,recovered
0x00088cfc,64,FUN_00088cfc,DEFAULT,false,__stdcall,1,4,,1,0,2,0,application,recovered
0x00088d3c,70,FUN_00088d3c,DEFAULT,false,__stdcall,1,0,,0,0,0,0,application,recovered
0x00088d82,118,FUN_00088d82,DEFAULT,false,__stdcall,1,2,,0,0,2,0,application,recovered
0x00088e3e,166,FUN_00088e3e,DEFAULT,false,__stdcall,15,0,,0,0,0,0,application,recovered
0x00089044,228,FUN_00089044,DEFAULT,false,__stdcall,14,0,,0,0,0,0,application,recovered
0x00089130,12,FUN_00089130,DEFAULT,false,__stdcall,4,1,,0,0,0,0,application,recovered
0x0008913c,62,icus_interrupt_pair_set_enabled,USER_DEFINED,false,__stdcall,2,1,,0,2,0,0,application,annotated
0x0008917a,122,FUN_0008917a,DEFAULT,false,__stdcall,1,2,,0,6,0,0,application,recovered
0x000891f4,78,FUN_000891f4,DEFAULT,false,__stdcall,1,0,,0,5,0,0,application,recovered
0x00089242,70,FUN_00089242,DEFAULT,false,__stdcall,1,0,,0,5,0,0,application,recovered
0x00089288,106,FUN_00089288,DEFAULT,false,__stdcall,1,0,,0,8,0,0,application,recovered
0x000892f2,110,FUN_000892f2,DEFAULT,false,__stdcall,1,3,,0,5,0,0,application,recovered
0x00089360,88,FUN_00089360,DEFAULT,false,__stdcall,1,0,,21,0,0,0,application,recovered
0x000893b8,38,FUN_000893b8,DEFAULT,false,__stdcall,1,0,,0,8,0,0,application,recovered
0x000893de,70,FUN_000893de,DEFAULT,false,__stdcall,1,4,,1,1,0,0,application,recovered
0x00089424,36,FUN_00089424,DEFAULT,false,__stdcall,0,0,,0,1,0,0,application,recovered
0x0008949a,36,FUN_0008949a,DEFAULT,false,__stdcall,0,0,,0,1,0,0,application,recovered
0x0008954c,228,FUN_0008954c,DEFAULT,false,__stdcall,1,0,,16,4,3,0,application,recovered
0x00089630,274,icus_command5_mac_generate,USER_DEFINED,false,__stdcall,1,0,,16,4,3,0,application,annotated
0x000897f4,288,icus_command7_cmac_verify,USER_DEFINED,false,__stdcall,1,0,,18,4,3,0,application,annotated
0x00089914,24,FUN_00089914,DEFAULT,false,__stdcall,2,0,,0,0,0,0,application,recovered
0x0008992c,46,FUN_0008992c,DEFAULT,false,__stdcall,2,1,,0,0,0,0,application,recovered
0x0008995a,32,FUN_0008995a,DEFAULT,false,__stdcall,1,2,,0,0,0,0,application,recovered
0x0008997a,188,FUN_0008997a,DEFAULT,false,__stdcall,1,1,,16,3,3,0,application,recovered
0x00089bb8,110,FUN_00089bb8,DEFAULT,false,__stdcall,1,0,,8,2,1,0,application,recovered
0x00089c26,100,FUN_00089c26,DEFAULT,false,__stdcall,1,0,,0,12,0,0,application,recovered
0x00089c8a,46,FUN_00089c8a,DEFAULT,false,__stdcall,2,0,,0,1,0,0,application,recovered
0x00089d12,44,FUN_00089d12,DEFAULT,false,__stdcall,1,0,,7,0,1,0,application,recovered
0x00089d3e,168,FUN_00089d3e,DEFAULT,false,__stdcall,1,2,,2,3,2,0,application,recovered
0x00089de6,58,FUN_00089de6,DEFAULT,false,__stdcall,1,0,,1,1,0,0,application,recovered
0x00089e20,218,FUN_00089e20,DEFAULT,false,__stdcall,2,3,,8,5,0,0,application,recovered
0x00089efa,24,FUN_00089efa,DEFAULT,false,__stdcall,4,1,,1,0,0,0,application,recovered
0x00089f28,14,FUN_00089f28,DEFAULT,false,__stdcall,1,0,,0,1,0,0,application,recovered
0x00089f36,50,FUN_00089f36,DEFAULT,false,__stdcall,1,0,,2,0,1,0,application,recovered
0x00089f70,4,FUN_00089f70,DEFAULT,false,__stdcall,1,0,,0,0,0,0,application,recovered
0x00089f80,110,FUN_00089f80,DEFAULT,false,__stdcall,2,0,,13,0,0,0,application,recovered
0x00089fee,30,FUN_00089fee,DEFAULT,false,__stdcall,1,2,,0,0,0,0,application,recovered
0x0008a00c,16,FUN_0008a00c,DEFAULT,false,__stdcall,1,1,,0,0,0,0,application,recovered
0x0008a01c,4,application_programming_lower_request_stub,USER_DEFINED,false,__stdcall,23,0,,0,0,0,0,application,annotated
0x0008a020,4,FUN_0008a020,DEFAULT,false,__stdcall,23,0,,0,0,0,0,application,recovered
0x0008a024,12,FUN_0008a024,DEFAULT,false,__stdcall,1,1,,0,0,0,0,application,recovered
0x0008a030,20,FUN_0008a030,DEFAULT,false,__stdcall,4,1,,0,0,0,0,application,recovered
0x0008a044,62,FUN_0008a044,DEFAULT,false,__stdcall,4,0,,7,0,0,0,application,recovered
0x0008a082,12,application_session_transition_state_reset,USER_DEFINED,false,__stdcall,1,1,,0,0,0,0,application,annotated
0x0008a08e,52,application_programming_readiness_check_adapter,USER_DEFINED,false,__stdcall,1,2,,1,0,0,0,application,annotated
0x0008a0c2,176,application_programming_prepare_handoff,USER_DEFINED,false,__stdcall,1,5,,4,0,0,0,application,annotated
0x0008a172,210,application_programming_commit_handoff,USER_DEFINED,false,__stdcall,1,5,,4,0,0,0,application,annotated
0x0008a244,58,application_session_transition_async_worker,USER_DEFINED,false,__stdcall,1,2,,2,0,0,0,application,annotated
0x0008a27e,40,application_session_transition_check_adapter,USER_DEFINED,false,__stdcall,1,3,,0,0,0,0,application,annotated
0x0008a2a6,62,FUN_0008a2a6,DEFAULT,false,__stdcall,3,0,,7,0,0,0,application,recovered
0x0008a2e4,20,FUN_0008a2e4,DEFAULT,false,__stdcall,3,0,,4,0,0,0,application,recovered
0x0008a2f8,12,FUN_0008a2f8,DEFAULT,false,__stdcall,0,1,,0,0,0,0,application,recovered
0x0008a304,12,FUN_0008a304,DEFAULT,false,__stdcall,0,1,,0,0,0,0,application,recovered
0x0008a310,14,FUN_0008a310,DEFAULT,false,__stdcall,0,1,,0,0,0,0,application,recovered
0x0008a31e,12,FUN_0008a31e,DEFAULT,false,__stdcall,1,1,,0,0,0,0,application,recovered
0x0008a32a,74,FUN_0008a32a,DEFAULT,false,__stdcall,1,1,,0,0,0,0,application,recovered
0x0008a374,270,FUN_0008a374,DEFAULT,false,__stdcall,0,6,,5,0,0,0,application,recovered
0x0008a482,192,FUN_0008a482,DEFAULT,false,__stdcall,1,5,,4,0,0,0,application,recovered
0x0008a542,238,FUN_0008a542,DEFAULT,false,__stdcall,1,5,,5,0,0,0,application,recovered
0x0008a630,90,FUN_0008a630,DEFAULT,false,__stdcall,0,3,,2,0,0,0,application,recovered
0x0008a6aa,10,FUN_0008a6aa,DEFAULT,false,__stdcall,1,0,,1,0,0,0,application,recovered
0x0008a6b4,10,FUN_0008a6b4,DEFAULT,false,__stdcall,1,0,,1,0,0,0,application,recovered
0x0008a6be,10,FUN_0008a6be,DEFAULT,false,__stdcall,1,0,,1,0,0,0,application,recovered
0x0008a6c8,132,FUN_0008a6c8,DEFAULT,false,__stdcall,3,0,,14,0,0,0,application,recovered
0x0008a74c,12,FUN_0008a74c,DEFAULT,false,__stdcall,38,1,,0,0,0,0,application,recovered
0x0008a764,4,FUN_0008a764,DEFAULT,false,__stdcall,2,0,,0,0,0,0,application,recovered
0x0008a790,176,FUN_0008a790,DEFAULT,false,__stdcall,1,5,,4,0,0,0,application,recovered
0x0008a840,32,FUN_0008a840,DEFAULT,false,__stdcall,1,0,,0,0,0,0,application,recovered
0x0008a860,220,FUN_0008a860,DEFAULT,false,__stdcall,1,6,,7,0,0,0,application,recovered
0x0008a93c,50,FUN_0008a93c,DEFAULT,false,__stdcall,1,3,,0,0,0,0,application,recovered
0x0008a96e,176,FUN_0008a96e,DEFAULT,false,__stdcall,1,5,,4,0,0,0,application,recovered
0x0008aa1e,316,FUN_0008aa1e,DEFAULT,false,__stdcall,1,5,,12,0,0,0,application,recovered
0x0008ab5a,60,FUN_0008ab5a,DEFAULT,false,__stdcall,1,3,,0,0,0,0,application,recovered
0x0008ab96,236,FUN_0008ab96,DEFAULT,false,__stdcall,1,5,,4,0,0,0,application,recovered
0x0008ac82,4,FUN_0008ac82,DEFAULT,false,__stdcall,1,0,,0,0,0,0,application,recovered
0x0008ac86,6,FUN_0008ac86,DEFAULT,false,__stdcall,1,0,,0,0,0,0,application,recovered
0x0008ac8c,484,FUN_0008ac8c,DEFAULT,false,__stdcall,1,7,,8,0,0,0,application,recovered
0x0008ae70,132,FUN_0008ae70,DEFAULT,false,__stdcall,36,3,,1,0,1,0,application,recovered
0x0008aefa,46,FUN_0008aefa,DEFAULT,false,__stdcall,3,0,,5,0,0,0,application,recovered
0x0008af28,236,application_ecu_reset_prepare_stage,USER_DEFINED,false,__stdcall,1,7,,4,0,0,0,application,annotated
0x0008b014,272,application_ecu_reset_commit_stage,USER_DEFINED,false,__stdcall,1,8,,4,0,0,0,application,annotated
0x0008b124,32,FUN_0008b124,DEFAULT,false,__stdcall,1,2,,0,0,0,0,application,recovered
0x0008b144,144,application_ecu_reset_request_start,USER_DEFINED,false,__stdcall,1,3,,10,0,0,0,application,annotated
0x0008b1d4,28,FUN_0008b1d4,DEFAULT,false,__stdcall,1,3,,0,0,0,0,application,recovered
0x0008b1f0,30,application_ecu_reset_callback,USER_DEFINED,false,__stdcall,0,2,,0,0,0,0,application,annotated
0x0008b228,80,FUN_0008b228,DEFAULT,false,__stdcall,3,0,,9,0,0,0,application,recovered
0x0008b278,28,FUN_0008b278,DEFAULT,false,__stdcall,1,3,,0,0,0,0,application,recovered
0x0008b294,36,FUN_0008b294,DEFAULT,false,__stdcall,1,0,,2,0,0,0,application,recovered
0x0008b2b8,24,FUN_0008b2b8,DEFAULT,false,__stdcall,1,1,,1,0,0,0,application,recovered
0x0008b2d0,98,FUN_0008b2d0,DEFAULT,false,__stdcall,1,1,,0,0,0,0,application,recovered
0x0008b332,38,FUN_0008b332,DEFAULT,false,__stdcall,2,0,,2,0,0,0,application,recovered
0x0008b358,176,FUN_0008b358,DEFAULT,false,__stdcall,1,1,,0,0,0,0,application,recovered
0x0008b408,298,FUN_0008b408,DEFAULT,false,__stdcall,1,6,,9,0,0,0,application,recovered
0x0008b532,120,FUN_0008b532,DEFAULT,false,__stdcall,1,8,,3,0,0,0,application,recovered
0x0008b5aa,96,application_read_dtc_subfunction_01,USER_DEFINED,false,__stdcall,0,2,,9,0,0,0,application,annotated
0x0008b61c,80,FUN_0008b61c,DEFAULT,false,__stdcall,3,0,,9,0,0,0,application,recovered
0x0008b66c,28,FUN_0008b66c,DEFAULT,false,__stdcall,1,0,,2,0,0,0,application,recovered
0x0008b688,24,FUN_0008b688,DEFAULT,false,__stdcall,1,1,,1,0,0,0,application,recovered
0x0008b6a0,98,FUN_0008b6a0,DEFAULT,false,__stdcall,1,1,,0,0,0,0,application,recovered
0x0008b702,102,FUN_0008b702,DEFAULT,false,__stdcall,1,0,,3,0,0,0,application,recovered
0x0008b768,264,FUN_0008b768,DEFAULT,false,__stdcall,1,1,,0,0,0,0,application,recovered
0x0008b870,298,FUN_0008b870,DEFAULT,false,__stdcall,1,6,,9,0,0,0,application,recovered
0x0008b99a,116,FUN_0008b99a,DEFAULT,false,__stdcall,1,7,,3,0,0,0,application,recovered
0x0008ba0e,28,FUN_0008ba0e,DEFAULT,false,__stdcall,1,3,,0,0,0,0,application,recovered
0x0008ba2a,96,application_read_dtc_subfunction_02,USER_DEFINED,false,__stdcall,0,2,,9,0,0,0,application,annotated
0x0008ba9c,52,FUN_0008ba9c,DEFAULT,false,__stdcall,3,0,,6,0,0,0,application,recovered
0x0008bad0,4,FUN_0008bad0,DEFAULT,false,__stdcall,1,0,,0,0,0,0,application,recovered
0x0008bad4,80,FUN_0008bad4,DEFAULT,false,__stdcall,1,1,,0,0,0,0,application,recovered
0x0008bb24,164,FUN_0008bb24,DEFAULT,false,__stdcall,1,0,,0,0,0,0,application,recovered
0x0008bbc8,360,FUN_0008bbc8,DEFAULT,false,__stdcall,1,6,,11,0,0,0,application,recovered
0x0008bd30,72,FUN_0008bd30,DEFAULT,false,__stdcall,1,4,,3,0,0,0,application,recovered
0x0008bd78,28,FUN_0008bd78,DEFAULT,false,__stdcall,1,3,,0,0,0,0,application,recovered
0x0008bd94,96,application_read_dtc_subfunction_03,USER_DEFINED,false,__stdcall,0,2,,9,0,0,0,application,annotated
0x0008be00,158,FUN_0008be00,DEFAULT,false,__stdcall,4,0,,19,0,0,0,application,recovered
0x0008be9e,90,FUN_0008be9e,DEFAULT,false,__stdcall,1,1,,0,0,0,0,application,recovered
0x0008bef8,56,FUN_0008bef8,DEFAULT,false,__stdcall,1,0,,0,0,0,0,application,recovered
0x0008bf30,198,FUN_0008bf30,DEFAULT,false,__stdcall,1,2,,6,0,0,0,application,recovered
0x0008bff6,120,FUN_0008bff6,DEFAULT,false,__stdcall,1,0,,0,0,0,0,application,recovered
0x0008c06e,520,FUN_0008c06e,DEFAULT,false,__stdcall,1,8,,20,0,0,0,application,recovered
0x0008c276,148,FUN_0008c276,DEFAULT,false,__stdcall,1,5,,6,0,0,0,application,recovered
0x0008c30a,28,FUN_0008c30a,DEFAULT,false,__stdcall,1,3,,0,0,0,0,application,recovered
0x0008c326,96,application_read_dtc_subfunction_04,USER_DEFINED,false,__stdcall,0,2,,9,0,0,0,application,annotated
0x0008c3be,38,FUN_0008c3be,DEFAULT,false,__stdcall,3,0,,4,0,0,0,application,recovered
0x0008c3e4,12,FUN_0008c3e4,DEFAULT,false,__stdcall,1,1,,0,0,0,0,application,recovered
0x0008c3f0,22,FUN_0008c3f0,DEFAULT,false,__stdcall,1,0,,0,0,0,0,application,recovered
0x0008c406,80,FUN_0008c406,DEFAULT,false,__stdcall,1,1,,0,0,0,0,application,recovered
0x0008c456,292,FUN_0008c456,DEFAULT,false,__stdcall,1,4,,5,0,0,0,application,recovered
0x0008c57a,58,FUN_0008c57a,DEFAULT,false,__stdcall,3,0,,8,0,0,0,application,recovered
0x0008c5c0,38,FUN_0008c5c0,DEFAULT,false,__stdcall,1,1,,0,0,0,0,application,recovered
0x0008c5e6,116,FUN_0008c5e6,DEFAULT,false,__stdcall,1,0,,1,0,5,0,application,recovered
0x0008c65a,218,FUN_0008c65a,DEFAULT,false,__stdcall,1,6,,6,0,0,0,application,recovered
0x0008c734,136,FUN_0008c734,DEFAULT,false,__stdcall,1,1,,5,0,0,0,application,recovered
0x0008c7bc,58,FUN_0008c7bc,DEFAULT,false,__stdcall,1,3,,1,0,1,0,application,recovered
0x0008c7f6,52,FUN_0008c7f6,DEFAULT,false,__stdcall,1,3,,1,0,0,0,application,recovered
0x0008c82a,136,FUN_0008c82a,DEFAULT,false,__stdcall,1,2,,7,0,0,0,application,recovered
0x0008c8b2,10,FUN_0008c8b2,DEFAULT,false,__stdcall,1,0,,1,0,0,0,application,recovered
0x0008c8bc,10,FUN_0008c8bc,DEFAULT,false,__stdcall,1,0,,1,0,0,0,application,recovered
0x0008c8da,70,FUN_0008c8da,DEFAULT,false,__stdcall,2,0,,8,0,0,0,application,recovered
0x0008c920,78,FUN_0008c920,DEFAULT,false,__stdcall,1,1,,3,0,0,0,application,recovered
0x0008c96e,196,FUN_0008c96e,DEFAULT,false,__stdcall,1,5,,7,0,0,0,application,recovered
0x0008ca32,78,FUN_0008ca32,DEFAULT,false,__stdcall,3,0,,9,0,0,0,application,recovered
0x0008ca80,28,FUN_0008ca80,DEFAULT,false,__stdcall,2,3,,0,0,0,0,application,recovered
0x0008ca9c,212,FUN_0008ca9c,DEFAULT,false,__stdcall,1,7,,7,0,0,0,application,recovered
0x0008cb70,28,FUN_0008cb70,DEFAULT,false,__stdcall,1,1,,1,0,0,0,application,recovered
0x0008cb8c,216,FUN_0008cb8c,DEFAULT,false,__stdcall,1,8,,6,0,0,0,application,recovered
0x0008cc64,24,FUN_0008cc64,DEFAULT,false,__stdcall,1,2,,0,0,0,0,application,recovered
0x0008cc7c,96,FUN_0008cc7c,DEFAULT,false,__stdcall,2,2,,3,0,0,0,application,recovered
0x0008ccdc,30,application_control_dtc_setting_subfunction_01,USER_DEFINED,false,__stdcall,0,2,,0,0,0,0,application,annotated
0x0008ccfa,30,application_control_dtc_setting_subfunction_02,USER_DEFINED,false,__stdcall,0,2,,0,0,0,0,application,annotated
0x0008cd2a,114,FUN_0008cd2a,DEFAULT,false,__stdcall,3,0,,13,0,0,0,application,recovered
0x0008cd9c,12,FUN_0008cd9c,DEFAULT,false,__stdcall,1,1,,0,0,0,0,application,recovered
0x0008cda8,38,FUN_0008cda8,DEFAULT,false,__stdcall,1,1,,3,0,0,0,application,recovered
0x0008cdce,36,FUN_0008cdce,DEFAULT,false,__stdcall,1,0,,0,0,0,0,application,recovered
0x0008cdf2,276,FUN_0008cdf2,DEFAULT,false,__stdcall,1,0,,0,0,0,0,application,recovered
0x0008cf06,126,FUN_0008cf06,DEFAULT,false,__stdcall,1,0,,0,0,0,0,application,recovered
0x0008cf84,364,FUN_0008cf84,DEFAULT,false,__stdcall,1,4,,14,0,0,0,application,recovered
0x0008d0f0,46,FUN_0008d0f0,DEFAULT,false,__stdcall,3,0,,5,0,0,0,application,recovered
0x0008d11e,208,FUN_0008d11e,DEFAULT,false,__stdcall,1,5,,6,0,0,0,application,recovered
0x0008d1ee,196,FUN_0008d1ee,DEFAULT,false,__stdcall,1,5,,6,0,0,0,application,recovered
0x0008d2b2,124,FUN_0008d2b2,DEFAULT,false,__stdcall,1,5,,2,0,1,0,application,recovered
0x0008d32e,22,FUN_0008d32e,DEFAULT,false,__stdcall,1,2,,0,0,0,0,application,recovered
0x0008d344,118,application_proprietary_ab_callback,USER_DEFINED,false,__stdcall,0,2,,13,0,0,0,application,annotated
0x0008d3cc,74,application_routine_id_lookup,USER_DEFINED,false,__stdcall,1,1,,0,0,2,0,application,annotated
0x0008d416,92,FUN_0008d416,DEFAULT,false,__stdcall,1,2,,0,0,1,0,application,recovered
0x0008d472,90,FUN_0008d472,DEFAULT,false,__stdcall,1,1,,0,0,2,0,application,recovered
0x0008d4cc,70,FUN_0008d4cc,DEFAULT,false,__stdcall,1,0,,0,0,1,0,application,recovered
0x0008d512,34,FUN_0008d512,DEFAULT,false,__stdcall,17,0,,0,0,0,0,application,recovered
0x0008d534,6,FUN_0008d534,DEFAULT,false,__stdcall,17,0,,0,0,0,0,application,recovered
0x0008d53a,72,FUN_0008d53a,DEFAULT,false,__stdcall,3,16,,0,0,0,0,application,recovered
0x0008d5ca,24,FUN_0008d5ca,DEFAULT,false,__stdcall,2,1,,2,0,0,0,application,recovered
0x0008d5e2,26,FUN_0008d5e2,DEFAULT,false,__stdcall,1,2,,1,0,0,0,application,recovered
0x0008d5fc,74,application_internal_result_to_nrc,USER_DEFINED,false,__stdcall,6,0,,0,0,1,0,application,annotated
0x0008d65e,36,application_com_rx_timeout_init,USER_DEFINED,false,__stdcall,1,0,,8,0,0,0,application,annotated
0x0008d682,30,application_com_rx_timeout_on_indication,USER_DEFINED,false,__stdcall,1,0,,2,0,0,0,application,annotated
0x0008d6a0,20,FUN_0008d6a0,DEFAULT,false,__stdcall,1,0,,1,0,0,0,application,recovered
0x0008d6b4,22,FUN_0008d6b4,DEFAULT,false,__stdcall,0,0,,1,0,0,0,application,recovered
0x0008d6ca,22,FUN_0008d6ca,DEFAULT,false,__stdcall,2,0,,1,0,0,0,application,recovered
0x0008d6e0,16,FUN_0008d6e0,DEFAULT,false,__stdcall,1,0,,1,0,0,0,application,recovered
0x0008d6f0,2,FUN_0008d6f0,DEFAULT,false,__stdcall,1,0,,0,0,0,0,application,recovered
0x0008d6f2,44,FUN_0008d6f2,DEFAULT,false,__stdcall,1,1,,5,0,0,0,application,recovered
0x0008d71e,46,FUN_0008d71e,DEFAULT,false,__stdcall,1,1,,4,0,0,0,application,recovered
0x0008d74c,38,FUN_0008d74c,DEFAULT,false,__stdcall,5,0,,3,0,0,0,application,recovered
0x0008d772,114,FUN_0008d772,DEFAULT,false,__stdcall,1,3,,1,0,0,0,application,recovered
0x0008d7e4,40,FUN_0008d7e4,DEFAULT,false,__stdcall,4,0,,0,0,2,0,application,recovered
0x0008d80c,42,FUN_0008d80c,DEFAULT,false,__stdcall,2,0,,3,0,0,0,application,recovered
0x0008d836,24,FUN_0008d836,DEFAULT,false,__stdcall,2,0,,2,0,0,0,application,recovered
0x0008d84e,218,FUN_0008d84e,DEFAULT,false,__stdcall,1,7,,1,0,0,0,application,recovered
0x0008d928,124,FUN_0008d928,DEFAULT,false,__stdcall,1,3,,0,0,0,0,application,recovered
0x0008d9a4,98,FUN_0008d9a4,DEFAULT,false,__stdcall,2,2,,0,0,0,0,application,recovered
0x0008da06,232,FUN_0008da06,DEFAULT,false,__stdcall,1,7,,1,0,0,0,application,recovered
0x0008daee,52,FUN_0008daee,DEFAULT,false,__stdcall,1,2,,3,0,0,0,application,recovered
0x0008db22,98,secoc_build_authenticated_input,USER_DEFINED,false,__stdcall,1,1,,0,0,0,0,application,annotated
0x0008db84,62,secoc_rx_init,USER_DEFINED,false,__stdcall,1,6,,3,0,2,0,application,annotated
0x0008dbf6,4,FUN_0008dbf6,DEFAULT,false,__stdcall,2,0,,0,0,0,0,application,recovered
0x0008dbfa,4,FUN_0008dbfa,DEFAULT,false,__stdcall,2,0,,0,0,0,0,application,recovered
0x0008dbfe,46,FUN_0008dbfe,DEFAULT,false,__stdcall,2,2,,1,0,0,0,application,recovered
0x0008dc64,62,secoc_rx_indication,USER_DEFINED,false,__stdcall,0,2,,1,0,0,0,application,annotated
0x0008dca4,36,FUN_0008dca4,DEFAULT,false,__stdcall,1,1,,0,0,0,0,application,recovered
0x0008dcc8,44,FUN_0008dcc8,DEFAULT,false,__stdcall,1,0,,2,0,0,0,application,recovered
0x0008dcf6,52,FUN_0008dcf6,DEFAULT,false,__stdcall,1,6,,0,0,0,0,application,recovered
0x0008dd2c,12,FUN_0008dd2c,DEFAULT,false,__stdcall,1,1,,0,0,0,0,application,recovered
0x0008dd38,60,FUN_0008dd38,DEFAULT,false,__stdcall,1,1,,1,0,1,0,application,recovered
0x0008dd78,66,FUN_0008dd78,DEFAULT,false,__stdcall,1,3,,3,0,2,0,application,recovered
0x0008de1c,44,FUN_0008de1c,DEFAULT,false,__stdcall,1,2,,1,0,1,0,application,recovered
0x0008de48,38,FUN_0008de48,DEFAULT,false,__stdcall,1,1,,1,0,1,0,application,recovered
0x0008de7a,2,FUN_0008de7a,DEFAULT,false,__stdcall,1,0,,0,0,0,0,application,recovered
0x0008de7c,2,FUN_0008de7c,DEFAULT,false,__stdcall,1,0,,0,0,0,0,application,recovered
0x0008de82,4,FUN_0008de82,DEFAULT,false,__stdcall,1,0,,0,0,0,0,application,recovered
0x0008de86,4,FUN_0008de86,DEFAULT,false,__stdcall,1,0,,0,0,0,0,application,recovered
0x0008de8a,4,FUN_0008de8a,DEFAULT,false,__stdcall,1,0,,0,0,0,0,application,recovered
0x0008de8e,46,secoc_crypto_config_clear,USER_DEFINED,false,__stdcall,1,1,,6,0,0,0,application,annotated
0x0008debc,82,secoc_crypto_config_set,USER_DEFINED,false,__stdcall,2,3,,4,0,0,0,application,annotated
0x0008df0e,54,secoc_crypto_config_get,USER_DEFINED,false,__stdcall,1,3,,2,0,0,0,application,annotated
0x0008df44,50,FUN_0008df44,DEFAULT,false,__stdcall,1,2,,1,0,0,0,application,recovered
0x0008df76,14,FUN_0008df76,DEFAULT,false,__stdcall,2,0,,1,0,0,0,application,recovered
0x0008df84,92,secoc_crypto_config_validate,USER_DEFINED,false,__stdcall,1,2,,6,0,0,0,application,annotated
0x0008dfe0,68,FUN_0008dfe0,DEFAULT,false,__stdcall,1,1,,7,0,0,0,application,recovered
0x0008e024,76,secoc_rx_record_lookup,USER_DEFINED,false,__stdcall,1,0,,0,0,2,0,application,annotated
0x0008e0be,128,secoc_rx_queue_secured_pdu,USER_DEFINED,false,__stdcall,1,4,,1,0,1,0,application,annotated
0x0008e13e,34,FUN_0008e13e,DEFAULT,false,__stdcall,1,2,,1,0,1,0,application,recovered
0x0008e160,6,FUN_0008e160,DEFAULT,false,__stdcall,2,0,,1,0,0,0,application,recovered
0x0008e166,66,FUN_0008e166,DEFAULT,false,__stdcall,1,2,,3,0,0,0,application,recovered
0x0008e1a8,156,secoc_rx_split_freshness_and_tag,USER_DEFINED,false,__stdcall,1,1,,2,0,3,0,application,annotated
0x0008e244,54,FUN_0008e244,DEFAULT,false,__stdcall,4,1,,0,0,3,0,application,recovered
0x0008e27a,34,FUN_0008e27a,DEFAULT,false,__stdcall,1,0,,0,0,2,0,application,recovered
0x0008e29c,30,FUN_0008e29c,DEFAULT,false,__stdcall,1,1,,0,0,2,0,application,recovered
0x0008e2ba,80,FUN_0008e2ba,DEFAULT,false,__stdcall,2,2,,1,0,1,0,application,recovered
0x0008e30a,98,FUN_0008e30a,DEFAULT,false,__stdcall,3,5,,2,0,2,0,application,recovered
0x0008e36c,22,FUN_0008e36c,DEFAULT,false,__stdcall,1,1,,0,0,1,0,application,recovered
0x0008e382,104,FUN_0008e382,DEFAULT,false,__stdcall,2,2,,3,0,1,0,application,recovered
0x0008e3ea,60,secoc_submit_cmac_verify,USER_DEFINED,false,__stdcall,1,3,,5,0,0,0,application,annotated
0x0008e426,92,FUN_0008e426,DEFAULT,false,__stdcall,1,2,,2,0,1,0,application,recovered
0x0008e482,56,FUN_0008e482,DEFAULT,false,__stdcall,2,2,,3,0,0,0,application,recovered
0x0008e4ba,396,secoc_rx_verify_worker,USER_DEFINED,false,__stdcall,1,11,,5,0,10,0,application,annotated
0x0008e646,52,FUN_0008e646,DEFAULT,false,__stdcall,1,0,,0,0,3,0,application,recovered
0x0008e67a,134,FUN_0008e67a,DEFAULT,false,__stdcall,1,6,,2,0,1,0,application,recovered
0x0008e700,58,FUN_0008e700,DEFAULT,false,__stdcall,1,3,,0,0,0,0,application,recovered
0x0008e73a,90,FUN_0008e73a,DEFAULT,false,__stdcall,1,0,,3,0,0,0,application,recovered
0x0008e7c6,14,FUN_0008e7c6,DEFAULT,false,__stdcall,1,1,,0,0,0,0,application,recovered
0x0008e7d4,24,FUN_0008e7d4,DEFAULT,false,__stdcall,1,1,,3,0,0,0,application,recovered
0x0008e7ec,30,FUN_0008e7ec,DEFAULT,false,__stdcall,2,0,,0,0,2,0,application,recovered
0x0008e80a,104,secoc_freshness_profile_lookup,USER_DEFINED,false,__stdcall,2,1,,0,0,4,0,application,annotated
0x0008e8e6,86,secoc_get_rx_freshness,USER_DEFINED,false,__stdcall,0,3,,0,0,0,0,application,annotated
0x0008e942,58,secoc_commit_rx_freshness,USER_DEFINED,false,__stdcall,0,3,,0,0,0,0,application,annotated
0x0008e97c,36,FUN_0008e97c,DEFAULT,false,__stdcall,1,2,,0,0,0,0,application,recovered
0x0008e9a0,26,FUN_0008e9a0,DEFAULT,false,__stdcall,1,1,,1,0,0,0,application,recovered
0x0008e9ba,66,FUN_0008e9ba,DEFAULT,false,__stdcall,1,1,,3,0,0,0,application,recovered
0x0008e9fc,76,FUN_0008e9fc,DEFAULT,false,__stdcall,1,1,,8,0,0,0,application,recovered
0x0008ea4c,120,secoc_pack_full_freshness,USER_DEFINED,false,__stdcall,1,0,,0,0,0,0,application,annotated
0x0008eb2c,62,FUN_0008eb2c,DEFAULT,false,__stdcall,1,0,,0,0,0,0,application,recovered
0x0008ebc2,116,secoc_unpack_truncated_freshness,USER_DEFINED,false,__stdcall,1,0,,0,0,0,0,application,annotated
0x0008ec82,62,FUN_0008ec82,DEFAULT,false,__stdcall,1,0,,0,0,0,0,application,recovered
0x0008ed0a,126,FUN_0008ed0a,DEFAULT,false,__stdcall,1,0,,1,0,0,0,application,recovered
0x0008ed88,212,FUN_0008ed88,DEFAULT,false,__stdcall,1,2,,4,0,0,0,application,recovered
0x0008ee5c,110,FUN_0008ee5c,DEFAULT,false,__stdcall,1,2,,1,0,0,0,application,recovered
0x0008eeca,212,secoc_reconstruct_normal_freshness,USER_DEFINED,false,__stdcall,1,5,,3,0,0,0,application,annotated
0x0008ef9e,228,secoc_reconstruct_sync_freshness,USER_DEFINED,false,__stdcall,1,4,,5,0,1,0,application,annotated
0x0008f084,52,secoc_commit_normal_freshness,USER_DEFINED,false,__stdcall,1,3,,0,0,0,0,application,annotated
0x0008f0b8,90,FUN_0008f0b8,DEFAULT,false,__stdcall,2,3,,2,0,3,0,application,recovered
0x0008f112,78,secoc_commit_sync_freshness,USER_DEFINED,false,__stdcall,1,4,,6,0,0,0,application,annotated
0x0008f160,62,FUN_0008f160,DEFAULT,false,__stdcall,1,3,,7,0,0,0,application,recovered
0x0008f19e,50,FUN_0008f19e,DEFAULT,false,__stdcall,1,2,,4,0,0,0,application,recovered
0x0008f1d0,16,FUN_0008f1d0,DEFAULT,false,__stdcall,1,2,,0,0,0,0,application,recovered
0x0008f1e4,4,FUN_0008f1e4,DEFAULT,false,__stdcall,1,0,,0,0,0,0,application,recovered
0x0008f1e8,22,FUN_0008f1e8,DEFAULT,false,__stdcall,2,1,,0,0,0,0,application,recovered
0x0008f1fe,4,FUN_0008f1fe,DEFAULT,false,__stdcall,2,0,,0,0,0,0,application,recovered
0x0008f202,64,FUN_0008f202,DEFAULT,false,__stdcall,2,1,,0,0,0,0,application,recovered
0x0008f242,64,FUN_0008f242,DEFAULT,false,__stdcall,2,1,,0,0,0,0,application,recovered
0x0008f282,194,FUN_0008f282,DEFAULT,false,__stdcall,1,2,,0,0,4,0,application,recovered
0x0008f344,160,FUN_0008f344,DEFAULT,false,__stdcall,1,2,,0,0,0,0,application,recovered
0x0008f3e4,184,FUN_0008f3e4,DEFAULT,false,__stdcall,2,2,,0,0,6,0,application,recovered
0x0008f49c,40,FUN_0008f49c,DEFAULT,false,__stdcall,4,3,,1,0,0,0,application,recovered
0x0008f4c4,144,FUN_0008f4c4,DEFAULT,false,__stdcall,1,4,,1,0,1,0,application,recovered
0x0008f554,72,FUN_0008f554,DEFAULT,false,__stdcall,6,3,,0,0,0,0,application,recovered
0x0008f59c,6,FUN_0008f59c,DEFAULT,false,__stdcall,1,0,,1,0,0,0,application,recovered
0x0008f5a2,6,FUN_0008f5a2,DEFAULT,false,__stdcall,2,0,,1,0,0,0,application,recovered
0x0008f5a8,174,FUN_0008f5a8,DEFAULT,false,__stdcall,1,10,,0,0,8,0,application,recovered
0x0008f656,14,FUN_0008f656,DEFAULT,false,__stdcall,3,1,,0,0,0,0,application,recovered
0x0008f670,24,FUN_0008f670,DEFAULT,false,__stdcall,2,0,,9,0,0,0,application,recovered
0x0008f688,24,FUN_0008f688,DEFAULT,false,__stdcall,3,1,,3,0,0,0,application,recovered
0x0008f6a0,12,FUN_0008f6a0,DEFAULT,false,__stdcall,1,1,,0,0,0,0,application,recovered
0x0008f6ac,40,FUN_0008f6ac,DEFAULT,false,__stdcall,1,0,,9,0,0,0,application,recovered
0x0008f6d4,6,FUN_0008f6d4,DEFAULT,false,__stdcall,1,0,,1,0,0,0,application,recovered
0x0008f6da,32,FUN_0008f6da,DEFAULT,false,__stdcall,2,0,,0,0,2,0,application,recovered
0x0008f6fa,86,FUN_0008f6fa,DEFAULT,false,__stdcall,1,1,,2,0,0,0,application,recovered
0x0008f750,256,FUN_0008f750,DEFAULT,false,__stdcall,1,6,,3,0,0,0,application,recovered
0x0008f850,248,FUN_0008f850,DEFAULT,false,__stdcall,1,11,,2,0,0,0,application,recovered
0x0008f948,42,FUN_0008f948,DEFAULT,false,__stdcall,1,3,,2,0,0,0,application,recovered
0x0008f972,6,FUN_0008f972,DEFAULT,false,__stdcall,2,0,,1,0,0,0,application,recovered
0x0008f978,6,FUN_0008f978,DEFAULT,false,__stdcall,3,0,,1,0,0,0,application,recovered
0x0008f97e,6,FUN_0008f97e,DEFAULT,false,__stdcall,0,0,,0,0,0,0,application,recovered
0x0008f984,12,FUN_0008f984,DEFAULT,false,__stdcall,1,0,,1,0,0,0,application,recovered
0x0008f990,6,FUN_0008f990,DEFAULT,false,__stdcall,1,0,,1,0,0,0,application,recovered
0x0008f996,26,FUN_0008f996,DEFAULT,false,__stdcall,1,0,,2,0,0,0,application,recovered
0x0008f9b0,38,FUN_0008f9b0,DEFAULT,false,__stdcall,1,0,,0,0,0,0,application,recovered
0x0008f9d6,144,FUN_0008f9d6,DEFAULT,false,__stdcall,1,1,,0,0,5,0,application,recovered
0x0008fa72,14,FUN_0008fa72,DEFAULT,false,__stdcall,1,1,,0,0,0,0,application,recovered
0x0008fa80,14,FUN_0008fa80,DEFAULT,false,__stdcall,1,1,,0,0,0,0,application,recovered
0x0008fa8e,14,FUN_0008fa8e,DEFAULT,false,__stdcall,4,1,,0,0,0,0,application,recovered
0x0008fa9c,30,FUN_0008fa9c,DEFAULT,false,__stdcall,1,0,,5,0,0,0,application,recovered
0x0008faba,86,FUN_0008faba,DEFAULT,false,__stdcall,3,2,,1,0,4,0,application,recovered
0x0008fb10,18,FUN_0008fb10,DEFAULT,false,__stdcall,1,1,,0,0,0,0,application,recovered
0x0008fb22,18,FUN_0008fb22,DEFAULT,false,__stdcall,1,1,,0,0,0,0,application,recovered
0x0008fb34,18,FUN_0008fb34,DEFAULT,false,__stdcall,1,1,,0,0,0,0,application,recovered
0x0008fb46,56,FUN_0008fb46,DEFAULT,false,__stdcall,4,2,,1,0,1,0,application,recovered
0x0008fc22,236,FUN_0008fc22,DEFAULT,false,__stdcall,3,5,,2,0,4,0,application,recovered
0x0008fd0e,148,FUN_0008fd0e,DEFAULT,false,__stdcall,2,3,,2,0,4,0,application,recovered
0x0008fda2,10,FUN_0008fda2,DEFAULT,false,__stdcall,1,0,,1,0,0,0,application,recovered
0x0008fdac,14,FUN_0008fdac,DEFAULT,false,__stdcall,1,1,,0,0,0,0,application,recovered
0x0008fdba,14,FUN_0008fdba,DEFAULT,false,__stdcall,2,1,,0,0,0,0,application,recovered
0x0008fdc8,2,FUN_0008fdc8,DEFAULT,false,__stdcall,1,0,,0,0,0,0,application,recovered
0x0008fdca,20,FUN_0008fdca,DEFAULT,false,__stdcall,6,1,,0,0,0,0,application,recovered
0x0008fdde,20,FUN_0008fdde,DEFAULT,false,__stdcall,8,1,,0,0,0,0,application,recovered
0x0008fdf2,16,FUN_0008fdf2,DEFAULT,false,__stdcall,7,1,,0,0,0,0,application,recovered
0x0008fe02,56,FUN_0008fe02,DEFAULT,false,__stdcall,1,7,,0,0,0,0,application,recovered
0x0008fe3a,40,FUN_0008fe3a,DEFAULT,false,__stdcall,3,4,,0,0,0,0,application,recovered
0x0008fe6e,78,FUN_0008fe6e,DEFAULT,false,__stdcall,1,2,,0,0,4,0,application,recovered
0x0008fed0,12,FUN_0008fed0,DEFAULT,false,__stdcall,3,1,,0,0,0,0,application,recovered
0x0008fedc,24,FUN_0008fedc,DEFAULT,false,__stdcall,1,3,,0,0,0,0,application,recovered
0x0008fef4,120,FUN_0008fef4,DEFAULT,false,__stdcall,0,5,,0,0,5,0,application,recovered
0x0008ff6c,16,FUN_0008ff6c,DEFAULT,false,__stdcall,3,1,,0,0,0,0,application,recovered
0x0008ffbc,16,FUN_0008ffbc,DEFAULT,false,__stdcall,1,1,,0,0,0,0,application,recovered
0x0008ffcc,50,FUN_0008ffcc,DEFAULT,false,__stdcall,2,3,,0,0,0,0,application,recovered
0x0008fffe,1,FUN_0008fffe,DEFAULT,false,__stdcall,1,0,,0,0,0,0,application,recovered
0x000900e2,26,FUN_000900e2,DEFAULT,false,__stdcall,1,2,,0,0,0,0,application,recovered
0x000900fc,14,FUN_000900fc,DEFAULT,false,__stdcall,3,1,,0,0,0,0,application,recovered
0x0009010a,12,FUN_0009010a,DEFAULT,false,__stdcall,1,1,,0,0,0,0,application,recovered
0x00090158,12,FUN_00090158,DEFAULT,false,__stdcall,3,1,,0,0,0,0,application,recovered
0x00090192,102,FUN_00090192,DEFAULT,false,__stdcall,3,9,,0,0,0,0,application,recovered
0x00090210,62,FUN_00090210,DEFAULT,false,__stdcall,4,4,,0,0,0,0,application,recovered
0x0009024e,14,FUN_0009024e,DEFAULT,false,__stdcall,8,1,,0,0,0,0,application,recovered
0x0009025c,30,FUN_0009025c,DEFAULT,false,__stdcall,1,3,,0,0,0,0,application,recovered
0x0009027a,12,FUN_0009027a,DEFAULT,false,__stdcall,3,1,,0,0,0,0,application,recovered
0x00090286,14,FUN_00090286,DEFAULT,false,__stdcall,2,1,,0,0,0,0,application,recovered
0x00090294,20,FUN_00090294,DEFAULT,false,__stdcall,1,2,,0,0,0,0,application,recovered
0x000902a8,60,FUN_000902a8,DEFAULT,false,__stdcall,1,10,,0,0,0,0,application,recovered
0x000902e4,48,FUN_000902e4,DEFAULT,false,__stdcall,1,10,,0,0,0,0,application,recovered
0x00090314,18,FUN_00090314,DEFAULT,false,__stdcall,1,1,,0,0,0,0,application,recovered
0x00090326,4,FUN_00090326,DEFAULT,false,__stdcall,1,0,,0,0,0,0,application,recovered
0x0009032a,4,FUN_0009032a,DEFAULT,false,__stdcall,1,0,,0,0,0,0,application,recovered
0x0009032e,16,FUN_0009032e,DEFAULT,false,__stdcall,1,1,,0,0,0,0,application,recovered
0x0009033e,16,FUN_0009033e,DEFAULT,false,__stdcall,1,1,,0,0,0,0,application,recovered
0x0009034e,48,FUN_0009034e,DEFAULT,false,__stdcall,1,0,,0,0,4,0,application,recovered
0x0009037e,14,FUN_0009037e,DEFAULT,false,__stdcall,1,1,,0,0,0,0,application,recovered
0x0009038c,14,FUN_0009038c,DEFAULT,false,__stdcall,1,1,,0,0,0,0,application,recovered
0x0009039a,14,FUN_0009039a,DEFAULT,false,__stdcall,1,1,,0,0,0,0,application,recovered
0x000903a8,148,FUN_000903a8,DEFAULT,false,__stdcall,0,4,,0,0,4,0,application,recovered
0x0009043c,128,FUN_0009043c,DEFAULT,false,__stdcall,0,11,,0,0,2,0,application,recovered
0x000904bc,216,FUN_000904bc,DEFAULT,false,__stdcall,0,16,,0,0,4,0,application,recovered
0x000905d2,2,FUN_000905d2,DEFAULT,false,__stdcall,1,0,,0,0,0,0,application,recovered
0x000905ea,140,FUN_000905ea,DEFAULT,false,__stdcall,1,9,,0,0,2,0,application,recovered
0x000906c8,14,FUN_000906c8,DEFAULT,false,__stdcall,1,1,,0,0,0,0,application,recovered
0x000906d6,34,FUN_000906d6,DEFAULT,false,__stdcall,1,2,,2,0,0,0,application,recovered
0x000906f8,98,FUN_000906f8,DEFAULT,false,__stdcall,2,2,,2,0,0,0,application,recovered
0x0009075a,120,FUN_0009075a,DEFAULT,false,__stdcall,1,4,,2,0,0,0,application,recovered
0x000907d2,20,FUN_000907d2,DEFAULT,false,__stdcall,1,0,,4,0,0,0,application,recovered
0x000907e6,28,FUN_000907e6,DEFAULT,false,__stdcall,2,2,,1,0,0,0,application,recovered
0x00090802,50,FUN_00090802,DEFAULT,false,__stdcall,2,3,,0,0,2,0,application,recovered
0x00090834,86,FUN_00090834,DEFAULT,false,__stdcall,1,4,,4,0,0,0,application,recovered
0x0009088a,14,FUN_0009088a,DEFAULT,false,__stdcall,2,1,,0,0,0,0,application,recovered
0x00090898,46,FUN_00090898,DEFAULT,false,__stdcall,1,2,,3,0,0,0,application,recovered
0x000908c6,38,FUN_000908c6,DEFAULT,false,__stdcall,1,2,,3,0,0,0,application,recovered
0x000908ec,10,FUN_000908ec,DEFAULT,false,__stdcall,1,0,,1,0,0,0,application,recovered
0x000908f6,4,FUN_000908f6,DEFAULT,false,__stdcall,1,0,,0,0,0,0,application,recovered
0x000908fa,6,FUN_000908fa,DEFAULT,false,__stdcall,5,0,,1,0,0,0,application,recovered
0x00090900,14,FUN_00090900,DEFAULT,false,__stdcall,1,1,,0,0,0,0,application,recovered
0x0009090e,6,FUN_0009090e,DEFAULT,false,__stdcall,11,0,,1,0,0,0,application,recovered
0x00090914,2,FUN_00090914,DEFAULT,false,__stdcall,1,0,,0,0,0,0,application,recovered
0x00090916,166,FUN_00090916,DEFAULT,false,__stdcall,1,0,,0,0,0,0,application,recovered
0x000909bc,210,FUN_000909bc,DEFAULT,false,__stdcall,0,7,,0,0,2,0,application,recovered
0x00090a8e,40,FUN_00090a8e,DEFAULT,false,__stdcall,3,0,,0,0,0,0,application,recovered
0x00090ab6,106,FUN_00090ab6,DEFAULT,false,__stdcall,1,6,,0,0,0,0,application,recovered
0x00090b20,272,FUN_00090b20,DEFAULT,false,__stdcall,0,17,,0,0,0,0,application,recovered
0x00090c30,36,FUN_00090c30,DEFAULT,false,__stdcall,0,3,,0,0,0,0,application,recovered
0x00090c54,180,FUN_00090c54,DEFAULT,false,__stdcall,3,7,,0,0,2,0,application,recovered
0x00090d08,52,FUN_00090d08,DEFAULT,false,__stdcall,2,3,,0,0,2,0,application,recovered
0x00090d3c,14,FUN_00090d3c,DEFAULT,false,__stdcall,1,1,,0,0,0,0,application,recovered
0x00090d4a,14,FUN_00090d4a,DEFAULT,false,__stdcall,1,1,,0,0,0,0,application,recovered
0x00090d58,6,FUN_00090d58,DEFAULT,false,__stdcall,10,0,,1,0,0,0,application,recovered
0x00090d5e,18,FUN_00090d5e,DEFAULT,false,__stdcall,3,1,,0,0,0,0,application,recovered
0x00090d70,22,FUN_00090d70,DEFAULT,false,__stdcall,13,2,,1,0,0,0,application,recovered
0x00090d86,20,FUN_00090d86,DEFAULT,false,__stdcall,4,2,,0,0,0,0,application,recovered
0x00090d9a,116,FUN_00090d9a,DEFAULT,false,__stdcall,7,1,,24,0,0,0,application,recovered
0x00090e0e,16,FUN_00090e0e,DEFAULT,false,__stdcall,1,2,,0,0,0,0,application,recovered
0x00090e1e,22,FUN_00090e1e,DEFAULT,false,__stdcall,11,2,,1,0,0,0,application,recovered
0x00090e34,28,FUN_00090e34,DEFAULT,false,__stdcall,1,3,,0,0,0,0,application,recovered
0x00090e50,50,FUN_00090e50,DEFAULT,false,__stdcall,5,1,,0,0,3,0,application,recovered
0x00090e82,42,FUN_00090e82,DEFAULT,false,__stdcall,4,0,,1,0,0,0,application,recovered
0x00090eac,22,FUN_00090eac,DEFAULT,false,__stdcall,3,0,,0,0,0,0,application,recovered
0x00090ec2,38,FUN_00090ec2,DEFAULT,false,__stdcall,5,1,,0,0,0,0,application,recovered
0x00090ee8,32,FUN_00090ee8,DEFAULT,false,__stdcall,1,5,,0,0,0,0,application,recovered
0x00090f08,40,FUN_00090f08,DEFAULT,false,__stdcall,2,3,,0,0,0,0,application,recovered
0x00090f30,22,FUN_00090f30,DEFAULT,false,__stdcall,1,0,,0,0,0,0,application,recovered
0x00091022,58,FUN_00091022,DEFAULT,false,__stdcall,0,2,,0,0,0,0,application,recovered
0x0009105c,46,FUN_0009105c,DEFAULT,false,__stdcall,1,1,,0,0,0,0,application,recovered
0x0009108a,50,FUN_0009108a,DEFAULT,false,__stdcall,1,6,,0,0,0,0,application,recovered
0x000910bc,22,FUN_000910bc,DEFAULT,false,__stdcall,3,3,,0,0,0,0,application,recovered
0x000910d2,24,FUN_000910d2,DEFAULT,false,__stdcall,3,2,,0,0,0,0,application,recovered
0x000910ea,174,FUN_000910ea,DEFAULT,false,__stdcall,1,11,,1,0,0,0,application,recovered
0x00091198,90,FUN_00091198,DEFAULT,false,__stdcall,1,5,,0,0,0,0,application,recovered
0x00091254,6,FUN_00091254,DEFAULT,false,__stdcall,2,0,,1,0,0,0,application,recovered
0x0009125a,6,FUN_0009125a,DEFAULT,false,__stdcall,4,0,,1,0,0,0,application,recovered
0x00091260,220,FUN_00091260,DEFAULT,false,__stdcall,3,17,,1,0,0,0,application,recovered
0x0009143e,14,FUN_0009143e,DEFAULT,false,__stdcall,3,0,,0,0,0,0,application,recovered
0x0009144c,24,FUN_0009144c,DEFAULT,false,__stdcall,1,1,,1,0,0,0,application,recovered
0x00091464,14,FUN_00091464,DEFAULT,false,__stdcall,3,0,,0,0,0,0,application,recovered
0x00091472,16,FUN_00091472,DEFAULT,false,__stdcall,4,0,,0,0,0,0,application,recovered
0x00091482,54,FUN_00091482,DEFAULT,false,__stdcall,2,5,,1,0,0,0,application,recovered
0x000914b8,98,FUN_000914b8,DEFAULT,false,__stdcall,0,10,,1,0,0,0,application,recovered
0x0009151a,70,FUN_0009151a,DEFAULT,false,__stdcall,0,6,,0,0,0,0,application,recovered
0x00091560,16,FUN_00091560,DEFAULT,false,__stdcall,2,2,,0,0,0,0,application,recovered
0x00091570,264,FUN_00091570,DEFAULT,false,__stdcall,0,17,,1,0,0,0,application,recovered
0x00091678,106,FUN_00091678,DEFAULT,false,__stdcall,1,9,,0,0,0,0,application,recovered
0x000916e2,320,FUN_000916e2,DEFAULT,false,__stdcall,1,20,,0,0,0,0,application,recovered
0x00091822,126,FUN_00091822,DEFAULT,false,__stdcall,1,9,,1,0,0,0,application,recovered
0x000918a0,118,FUN_000918a0,DEFAULT,false,__stdcall,0,10,,0,0,0,0,application,recovered
0x00091916,30,FUN_00091916,DEFAULT,false,__stdcall,2,4,,0,0,0,0,application,recovered
0x00091934,44,FUN_00091934,DEFAULT,false,__stdcall,1,4,,0,0,0,0,application,recovered
0x00091960,26,FUN_00091960,DEFAULT,false,__stdcall,1,3,,0,0,0,0,application,recovered
0x0009197a,6,FUN_0009197a,DEFAULT,false,__stdcall,1,0,,1,0,0,0,application,recovered
0x00091980,52,FUN_00091980,DEFAULT,false,__stdcall,1,3,,0,0,0,0,application,recovered
0x000919b4,28,FUN_000919b4,DEFAULT,false,__stdcall,0,1,,0,0,0,0,application,recovered
0x000919d0,84,FUN_000919d0,DEFAULT,false,__stdcall,2,0,,0,0,3,0,application,recovered
0x00091a24,118,FUN_00091a24,DEFAULT,false,__stdcall,1,9,,0,0,0,0,application,recovered
0x00091a9a,456,FUN_00091a9a,DEFAULT,false,__stdcall,1,8,,1,0,5,0,application,recovered
0x00091c62,248,FUN_00091c62,DEFAULT,false,__stdcall,1,13,,0,0,2,0,application,recovered
0x00091d76,38,FUN_00091d76,DEFAULT,false,__stdcall,2,2,,0,0,0,0,application,recovered
0x00091d9c,8,FUN_00091d9c,DEFAULT,false,__stdcall,1,0,,1,0,0,0,application,recovered
0x00091da4,94,FUN_00091da4,DEFAULT,false,__stdcall,1,0,,24,0,4,0,application,recovered
0x00091e02,26,FUN_00091e02,DEFAULT,false,__stdcall,2,0,,1,0,2,0,application,recovered
0x00091e1c,30,FUN_00091e1c,DEFAULT,false,__stdcall,4,0,,0,0,3,0,application,recovered
0x00091e3a,134,FUN_00091e3a,DEFAULT,false,__stdcall,1,1,,2,0,2,0,application,recovered
0x00091ec0,132,FUN_00091ec0,DEFAULT,false,__stdcall,3,2,,4,0,3,0,application,recovered
0x00091f44,6,FUN_00091f44,DEFAULT,false,__stdcall,2,0,,1,0,0,0,application,recovered
0x00091f4a,6,FUN_00091f4a,DEFAULT,false,__stdcall,9,0,,1,0,0,0,application,recovered
0x00091f50,6,FUN_00091f50,DEFAULT,false,__stdcall,1,0,,1,0,0,0,application,recovered
0x00091f56,34,FUN_00091f56,DEFAULT,false,__stdcall,2,0,,2,0,1,0,application,recovered
0x00091f78,6,FUN_00091f78,DEFAULT,false,__stdcall,1,0,,1,0,0,0,application,recovered
0x00091f7e,6,FUN_00091f7e,DEFAULT,false,__stdcall,5,0,,1,0,0,0,application,recovered
0x00091f84,52,FUN_00091f84,DEFAULT,false,__stdcall,7,0,,7,0,2,0,application,recovered
0x00091fb8,24,FUN_00091fb8,DEFAULT,false,__stdcall,4,0,,0,0,2,0,application,recovered
0x00091fd0,72,FUN_00091fd0,DEFAULT,false,__stdcall,3,1,,2,0,1,0,application,recovered
0x00092018,108,FUN_00092018,DEFAULT,false,__stdcall,1,1,,1,0,1,0,application,recovered
0x00092084,78,FUN_00092084,DEFAULT,false,__stdcall,1,1,,1,0,1,0,application,recovered
0x000920d2,74,FUN_000920d2,DEFAULT,false,__stdcall,1,0,,3,0,0,0,application,recovered
0x0009211c,12,FUN_0009211c,DEFAULT,false,__stdcall,4,0,,1,0,0,0,application,recovered
0x00092128,30,FUN_00092128,DEFAULT,false,__stdcall,2,0,,2,0,0,0,application,recovered
0x00092146,38,FUN_00092146,DEFAULT,false,__stdcall,1,0,,2,0,1,0,application,recovered
0x0009216c,58,FUN_0009216c,DEFAULT,false,__stdcall,6,1,,1,0,1,0,application,recovered
0x000921a6,58,FUN_000921a6,DEFAULT,false,__stdcall,3,1,,1,0,1,0,application,recovered
0x000921e0,12,FUN_000921e0,DEFAULT,false,__stdcall,2,0,,1,0,0,0,application,recovered
0x000921ec,12,FUN_000921ec,DEFAULT,false,__stdcall,1,0,,1,0,0,0,application,recovered
0x000921f8,34,FUN_000921f8,DEFAULT,false,__stdcall,2,0,,0,0,1,0,application,recovered
0x0009221a,30,FUN_0009221a,DEFAULT,false,__stdcall,1,0,,1,0,1,0,application,recovered
0x00092238,12,FUN_00092238,DEFAULT,false,__stdcall,3,0,,1,0,0,0,application,recovered
0x00092244,12,FUN_00092244,DEFAULT,false,__stdcall,5,0,,1,0,0,0,application,recovered
0x00092250,162,FUN_00092250,DEFAULT,false,__stdcall,1,1,,4,0,1,0,application,recovered
0x000922f2,6,FUN_000922f2,DEFAULT,false,__stdcall,2,0,,1,0,0,0,application,recovered
0x000922f8,6,FUN_000922f8,DEFAULT,false,__stdcall,3,0,,1,0,0,0,application,recovered
0x000922fe,72,FUN_000922fe,DEFAULT,false,__stdcall,2,1,,1,0,0,0,application,recovered
0x00092346,32,FUN_00092346,DEFAULT,false,__stdcall,1,0,,2,0,0,0,application,recovered
0x00092366,50,FUN_00092366,DEFAULT,false,__stdcall,0,0,,3,0,0,0,application,recovered
0x00092398,12,FUN_00092398,DEFAULT,false,__stdcall,1,0,,1,0,0,0,application,recovered
0x000923a4,16,FUN_000923a4,DEFAULT,false,__stdcall,1,1,,1,0,0,0,application,recovered
0x000923b4,6,FUN_000923b4,DEFAULT,false,__stdcall,2,0,,1,0,0,0,application,recovered
0x000923ba,22,FUN_000923ba,DEFAULT,false,__stdcall,0,0,,2,0,0,0,application,recovered
0x000923d0,24,FUN_000923d0,DEFAULT,false,__stdcall,0,0,,2,0,0,0,application,recovered
0x000923e8,74,FUN_000923e8,DEFAULT,false,__stdcall,1,0,,0,0,2,0,application,recovered
0x00092432,164,FUN_00092432,DEFAULT,false,__stdcall,1,1,,0,0,7,0,application,recovered
0x000924d6,156,FUN_000924d6,DEFAULT,false,__stdcall,1,0,,0,0,4,0,application,recovered
0x00092572,36,FUN_00092572,DEFAULT,false,__stdcall,8,2,,0,0,0,0,application,recovered
0x00092596,164,FUN_00092596,DEFAULT,false,__stdcall,2,0,,0,0,0,0,application,recovered
0x0009263a,126,FUN_0009263a,DEFAULT,false,__stdcall,1,4,,0,0,1,0,application,recovered
0x000926b8,140,FUN_000926b8,DEFAULT,false,__stdcall,3,3,,0,0,4,0,application,recovered
0x00092744,68,FUN_00092744,DEFAULT,false,__stdcall,4,0,,0,0,2,0,application,recovered
0x00092788,46,FUN_00092788,DEFAULT,false,__stdcall,4,0,,0,0,1,0,application,recovered
0x000927b6,90,FUN_000927b6,DEFAULT,false,__stdcall,1,2,,0,0,0,0,application,recovered
0x00092810,72,FUN_00092810,DEFAULT,false,__stdcall,2,0,,0,0,1,0,application,recovered
0x00092858,34,FUN_00092858,DEFAULT,false,__stdcall,1,0,,1,0,0,0,application,recovered
0x0009287a,310,FUN_0009287a,DEFAULT,false,__stdcall,1,3,,3,0,1,0,application,recovered
0x000929b0,192,FUN_000929b0,DEFAULT,false,__stdcall,2,4,,2,0,1,0,application,recovered
0x00092a70,66,FUN_00092a70,DEFAULT,false,__stdcall,2,0,,0,0,1,0,application,recovered
0x00092e92,58,FUN_00092e92,DEFAULT,false,__stdcall,1,0,,0,0,5,0,application,recovered
0x00092ecc,226,FUN_00092ecc,DEFAULT,false,__stdcall,1,0,,0,0,10,0,application,recovered
0x00092fae,64,FUN_00092fae,DEFAULT,false,__stdcall,1,0,,0,0,3,0,application,recovered
0x00092fee,152,FUN_00092fee,DEFAULT,false,__stdcall,1,0,,0,0,3,0,application,recovered
0x00093086,90,FUN_00093086,DEFAULT,false,__stdcall,1,0,,0,0,2,0,application,recovered
0x00093254,42,FUN_00093254,DEFAULT,false,__stdcall,1,2,,0,0,0,0,application,recovered
0x0009327e,86,FUN_0009327e,DEFAULT,false,__stdcall,3,0,,0,0,0,0,application,recovered
0x000932d4,64,FUN_000932d4,DEFAULT,false,__stdcall,1,1,,0,0,2,0,application,recovered
0x00093314,150,FUN_00093314,DEFAULT,false,__stdcall,1,4,,0,0,1,0,application,recovered
0x000933aa,108,FUN_000933aa,DEFAULT,false,__stdcall,1,3,,0,0,3,0,application,recovered
0x00093416,20,FUN_00093416,DEFAULT,false,__stdcall,1,1,,2,0,0,0,application,recovered
0x00093702,92,FUN_00093702,DEFAULT,false,__stdcall,1,0,,0,0,2,0,application,recovered
0x000937ea,20,FUN_000937ea,DEFAULT,false,__stdcall,1,0,,1,0,1,0,application,recovered
0x000937fe,22,FUN_000937fe,DEFAULT,false,__stdcall,5,0,,1,0,0,0,application,recovered
0x00093814,102,FUN_00093814,DEFAULT,false,__stdcall,5,1,,0,0,3,0,application,recovered
0x0009387a,38,FUN_0009387a,DEFAULT,false,__stdcall,1,2,,2,0,2,0,application,recovered
0x000938a0,6,FUN_000938a0,DEFAULT,false,__stdcall,26,0,,1,0,0,0,application,recovered
0x000938a6,6,FUN_000938a6,DEFAULT,false,__stdcall,7,0,,1,0,0,0,application,recovered
0x000938ac,34,FUN_000938ac,DEFAULT,false,__stdcall,2,1,,0,0,2,0,application,recovered
0x000938f8,20,application_uds_request_busy_set,USER_DEFINED,false,__stdcall,32,0,,1,0,0,0,application,annotated
0x00093910,30,application_uds_negative_response,USER_DEFINED,false,__stdcall,36,2,,0,0,0,0,application,annotated
0x0009392e,12,FUN_0009392e,DEFAULT,false,__stdcall,18,1,,0,0,0,0,application,recovered
0x0009393a,36,FUN_0009393a,DEFAULT,false,__stdcall,1,2,,0,0,2,0,application,recovered
0x0009395e,192,FUN_0009395e,DEFAULT,false,__stdcall,1,6,,7,0,2,0,application,recovered
0x00093a1e,148,FUN_00093a1e,DEFAULT,false,__stdcall,1,7,,4,0,0,0,application,recovered
0x00093ab2,64,FUN_00093ab2,DEFAULT,false,__stdcall,1,4,,2,0,0,0,application,recovered
0x00093af2,100,FUN_00093af2,DEFAULT,false,__stdcall,1,5,,3,0,0,0,application,recovered
0x00093b56,136,FUN_00093b56,DEFAULT,false,__stdcall,1,5,,4,0,0,0,application,recovered
0x00093bde,132,FUN_00093bde,DEFAULT,false,__stdcall,1,7,,2,0,0,0,application,recovered
0x00093c62,36,application_communication_control_callback,USER_DEFINED,false,__stdcall,0,2,,1,0,0,0,application,annotated
0x00093cb0,64,FUN_00093cb0,DEFAULT,false,__stdcall,1,3,,0,0,0,0,application,recovered
0x00093cf0,14,FUN_00093cf0,DEFAULT,false,__stdcall,1,1,,0,0,0,0,application,recovered
0x00093cfe,36,application_tester_present_subfunction_00,USER_DEFINED,false,__stdcall,0,2,,0,0,0,0,application,annotated
0x00093d22,6,FUN_00093d22,DEFAULT,false,__stdcall,1,0,,1,0,0,0,application,recovered
0x00093d28,266,application_session_request_start,USER_DEFINED,false,__stdcall,1,7,,6,0,5,0,application,annotated
0x00093e32,64,application_session_request_cancel,USER_DEFINED,false,__stdcall,1,3,,2,0,1,0,application,annotated
0x00093e72,202,application_session_request_poll,USER_DEFINED,false,__stdcall,1,5,,10,0,4,0,application,annotated
0x00093f3c,52,application_session_callback_dispatch,USER_DEFINED,false,__stdcall,3,3,,0,0,0,0,application,annotated
0x00093f70,42,FUN_00093f70,DEFAULT,false,__stdcall,1,1,,1,0,2,0,application,recovered
0x00093f9a,66,application_session_transition_background_poll,USER_DEFINED,false,__stdcall,0,4,,3,0,0,0,application,annotated
0x00093fdc,12,FUN_00093fdc,DEFAULT,false,__stdcall,2,1,,0,0,0,0,application,recovered
0x00093fe8,14,FUN_00093fe8,DEFAULT,false,__stdcall,1,1,,0,0,0,0,application,recovered
0x00093ff6,16,application_session_default_callback,USER_DEFINED,false,__stdcall,0,1,,0,0,0,0,application,annotated
0x00094006,16,application_session_programming_callback,USER_DEFINED,false,__stdcall,0,1,,0,0,0,0,application,annotated
0x00094016,16,application_session_extended_callback,USER_DEFINED,false,__stdcall,0,1,,0,0,0,0,application,annotated
0x00094038,18,FUN_00094038,DEFAULT,false,__stdcall,4,1,,0,0,0,0,application,recovered
0x0009404a,108,FUN_0009404a,DEFAULT,false,__stdcall,2,4,,4,0,0,0,application,recovered
0x000940b6,170,FUN_000940b6,DEFAULT,false,__stdcall,2,7,,4,0,0,0,application,recovered
0x00094160,102,FUN_00094160,DEFAULT,false,__stdcall,2,5,,3,0,0,0,application,recovered
0x000941c6,156,FUN_000941c6,DEFAULT,false,__stdcall,2,2,,3,0,0,0,application,recovered
0x00094262,60,FUN_00094262,DEFAULT,false,__stdcall,1,4,,2,0,0,0,application,recovered
0x0009429e,392,FUN_0009429e,DEFAULT,false,__stdcall,1,7,,9,0,0,0,application,recovered
0x00094426,160,FUN_00094426,DEFAULT,false,__stdcall,1,5,,6,0,0,0,application,recovered
0x000944c6,104,FUN_000944c6,DEFAULT,false,__stdcall,1,4,,5,0,0,0,application,recovered
0x0009452e,174,FUN_0009452e,DEFAULT,false,__stdcall,1,8,,4,0,0,0,application,recovered
0x000945dc,32,application_read_dtc_callback,USER_DEFINED,false,__stdcall,0,2,,0,0,0,0,application,annotated
0x0009462e,68,FUN_0009462e,DEFAULT,false,__stdcall,1,0,,4,0,0,0,application,recovered
0x00094672,136,FUN_00094672,DEFAULT,false,__stdcall,1,2,,6,0,1,0,application,recovered
0x000946fa,152,application_rdbi_request_poll,USER_DEFINED,false,__stdcall,2,5,,6,0,1,0,application,annotated
0x0009479a,210,application_rdbi_request_start,USER_DEFINED,false,__stdcall,1,9,,7,0,0,0,application,annotated
0x0009486c,62,FUN_0009486c,DEFAULT,false,__stdcall,1,5,,3,0,0,0,application,recovered
0x000948aa,46,application_rdbi_callback,USER_DEFINED,false,__stdcall,0,3,,0,0,0,0,application,annotated
0x000948e6,38,FUN_000948e6,DEFAULT,false,__stdcall,2,2,,0,0,0,0,application,recovered
0x0009490c,36,FUN_0009490c,DEFAULT,false,__stdcall,1,0,,1,0,0,0,application,recovered
0x0009497c,214,application_security_access_request_seed,USER_DEFINED,false,__stdcall,1,6,,7,0,1,0,application,annotated
0x00094a72,244,application_security_access_send_key,USER_DEFINED,false,__stdcall,1,8,,5,0,3,0,application,annotated
0x00094bb0,6,FUN_00094bb0,DEFAULT,false,__stdcall,1,0,,1,0,0,0,application,recovered
0x00094bb6,18,FUN_00094bb6,DEFAULT,false,__stdcall,1,0,,2,0,0,0,application,recovered
0x00094bcc,174,FUN_00094bcc,DEFAULT,false,__stdcall,1,4,,5,0,5,0,application,recovered
0x00094c7a,84,FUN_00094c7a,DEFAULT,false,__stdcall,1,5,,1,0,0,0,application,recovered
0x00094cce,32,FUN_00094cce,DEFAULT,false,__stdcall,2,2,,0,0,0,0,application,recovered
0x00094cee,178,FUN_00094cee,DEFAULT,false,__stdcall,1,4,,5,0,1,0,application,recovered
0x00094da0,78,FUN_00094da0,DEFAULT,false,__stdcall,1,5,,1,0,0,0,application,recovered
0x00094dee,32,FUN_00094dee,DEFAULT,false,__stdcall,2,2,,0,0,0,0,application,recovered
0x00094e0e,4,FUN_00094e0e,DEFAULT,false,__stdcall,1,0,,0,0,0,0,application,recovered
0x00094e12,16,FUN_00094e12,DEFAULT,false,__stdcall,1,1,,0,0,0,0,application,recovered
0x00094e22,4,FUN_00094e22,DEFAULT,false,__stdcall,1,0,,0,0,0,0,application,recovered
0x00094e26,12,FUN_00094e26,DEFAULT,false,__stdcall,1,1,,0,0,0,0,application,recovered
0x00094e32,20,application_security_access_subfunction_01,USER_DEFINED,false,__stdcall,0,1,,0,0,0,0,application,annotated
0x00094e46,20,application_security_access_subfunction_02,USER_DEFINED,false,__stdcall,0,1,,0,0,0,0,application,annotated
0x00094e5a,20,application_security_access_subfunction_03,USER_DEFINED,false,__stdcall,0,1,,0,0,0,0,application,annotated
0x00094e6e,20,application_security_access_subfunction_04,USER_DEFINED,false,__stdcall,0,1,,0,0,0,0,application,annotated
0x00094e82,54,FUN_00094e82,DEFAULT,false,__stdcall,2,2,,0,0,0,0,application,recovered
0x00094eb8,46,FUN_00094eb8,DEFAULT,false,__stdcall,2,2,,0,0,0,0,application,recovered
0x00094ee6,168,FUN_00094ee6,DEFAULT,false,__stdcall,1,0,,0,0,7,0,application,recovered
0x00094f8e,102,FUN_00094f8e,DEFAULT,false,__stdcall,1,2,,0,0,2,0,application,recovered
0x00094ff4,104,FUN_00094ff4,DEFAULT,false,__stdcall,1,1,,0,0,2,0,application,recovered
0x0009505c,248,FUN_0009505c,DEFAULT,false,__stdcall,1,4,,2,0,9,0,application,recovered
0x00095154,410,application_communication_control_request_start,USER_DEFINED,false,__stdcall,1,7,,6,0,10,0,application,annotated
0x000952ee,24,FUN_000952ee,DEFAULT,false,__stdcall,1,2,,0,0,0,0,application,recovered
0x00095306,40,FUN_00095306,DEFAULT,false,__stdcall,3,2,,0,0,0,0,application,recovered
0x00095338,114,FUN_00095338,DEFAULT,false,__stdcall,1,4,,2,0,5,0,application,recovered
0x00095400,18,FUN_00095400,DEFAULT,false,__stdcall,1,1,,0,0,0,0,application,recovered
0x00095412,16,FUN_00095412,DEFAULT,false,__stdcall,1,1,,0,0,0,0,application,recovered
0x00095422,2,FUN_00095422,DEFAULT,false,__stdcall,2,0,,0,0,0,0,application,recovered
0x00095424,4,FUN_00095424,DEFAULT,false,__stdcall,2,0,,0,0,0,0,application,recovered
0x00095428,4,FUN_00095428,DEFAULT,false,__stdcall,1,0,,0,0,0,0,application,recovered
0x0009542c,16,application_communication_control_subfunction_00,USER_DEFINED,false,__stdcall,0,1,,0,0,0,0,application,annotated
0x0009543c,16,application_communication_control_subfunction_01,USER_DEFINED,false,__stdcall,0,1,,0,0,0,0,application,annotated
0x0009544c,16,application_communication_control_subfunction_03,USER_DEFINED,false,__stdcall,0,1,,0,0,0,0,application,annotated
0x0009545c,118,FUN_0009545c,DEFAULT,false,__stdcall,1,0,,0,0,7,0,application,recovered
0x000954d2,132,FUN_000954d2,DEFAULT,false,__stdcall,1,1,,0,0,5,0,application,recovered
0x00095556,134,FUN_00095556,DEFAULT,false,__stdcall,1,1,,0,0,5,0,application,recovered
0x000955dc,72,FUN_000955dc,DEFAULT,false,__stdcall,1,0,,0,0,4,0,application,recovered
0x00095624,162,FUN_00095624,DEFAULT,false,__stdcall,1,0,,0,0,6,0,application,recovered
0x000956c6,212,FUN_000956c6,DEFAULT,false,__stdcall,1,0,,0,0,8,0,application,recovered
0x0009579a,460,FUN_0009579a,DEFAULT,false,__stdcall,1,0,,0,0,14,0,application,recovered
0x00095966,422,FUN_00095966,DEFAULT,false,__stdcall,1,0,,2,0,11,0,application,recovered
0x00095b0c,240,FUN_00095b0c,DEFAULT,false,__stdcall,3,9,,1,0,1,0,application,recovered
0x00095bfc,144,FUN_00095bfc,DEFAULT,false,__stdcall,1,3,,4,0,2,0,application,recovered
0x00095c8c,242,application_wdbi_request_start,USER_DEFINED,false,__stdcall,1,8,,5,0,0,0,application,annotated
0x00095d7e,54,FUN_00095d7e,DEFAULT,false,__stdcall,1,5,,3,0,0,0,application,recovered
0x00095db4,26,FUN_00095db4,DEFAULT,false,__stdcall,1,1,,3,0,0,0,application,recovered
0x00095dce,46,application_wdbi_callback,USER_DEFINED,false,__stdcall,0,3,,0,0,0,0,application,annotated
0x00095e16,52,FUN_00095e16,DEFAULT,false,__stdcall,1,2,,0,0,0,0,application,recovered
0x00095e4a,52,FUN_00095e4a,DEFAULT,false,__stdcall,1,2,,0,0,0,0,application,recovered
0x00095e7e,52,FUN_00095e7e,DEFAULT,false,__stdcall,1,2,,0,0,0,0,application,recovered
0x00095eb2,52,FUN_00095eb2,DEFAULT,false,__stdcall,1,2,,0,0,0,0,application,recovered
0x00095ee6,52,FUN_00095ee6,DEFAULT,false,__stdcall,1,2,,0,0,0,0,application,recovered
0x00095f1a,52,FUN_00095f1a,DEFAULT,false,__stdcall,1,2,,0,0,0,0,application,recovered
0x00095f4e,52,FUN_00095f4e,DEFAULT,false,__stdcall,1,2,,0,0,0,0,application,recovered
0x00095f82,36,FUN_00095f82,DEFAULT,false,__stdcall,1,2,,0,0,0,0,application,recovered
0x00095fa6,52,FUN_00095fa6,DEFAULT,false,__stdcall,1,2,,0,0,0,0,application,recovered
0x00095fda,52,FUN_00095fda,DEFAULT,false,__stdcall,1,2,,0,0,0,0,application,recovered
0x0009600e,52,FUN_0009600e,DEFAULT,false,__stdcall,1,2,,0,0,0,0,application,recovered
0x00096042,52,FUN_00096042,DEFAULT,false,__stdcall,1,2,,0,0,0,0,application,recovered
0x00096076,52,FUN_00096076,DEFAULT,false,__stdcall,1,2,,0,0,0,0,application,recovered
0x000960aa,52,FUN_000960aa,DEFAULT,false,__stdcall,1,2,,0,0,0,0,application,recovered
0x000960de,54,FUN_000960de,DEFAULT,false,__stdcall,1,2,,0,0,0,0,application,recovered
0x00096114,54,FUN_00096114,DEFAULT,false,__stdcall,1,2,,0,0,0,0,application,recovered
0x0009614a,54,FUN_0009614a,DEFAULT,false,__stdcall,1,2,,0,0,0,0,application,recovered
0x00096180,44,FUN_00096180,DEFAULT,false,__stdcall,1,2,,0,0,0,0,application,recovered
0x000961ac,44,FUN_000961ac,DEFAULT,false,__stdcall,1,2,,0,0,0,0,application,recovered
0x000961d8,54,FUN_000961d8,DEFAULT,false,__stdcall,1,2,,0,0,0,0,application,recovered
0x0009620e,56,FUN_0009620e,DEFAULT,false,__stdcall,1,2,,0,0,0,0,application,recovered
0x00096246,54,FUN_00096246,DEFAULT,false,__stdcall,1,2,,0,0,0,0,application,recovered
0x0009627c,54,FUN_0009627c,DEFAULT,false,__stdcall,1,2,,0,0,0,0,application,recovered
0x000962b2,54,FUN_000962b2,DEFAULT,false,__stdcall,1,2,,0,0,0,0,application,recovered
0x000962e8,54,FUN_000962e8,DEFAULT,false,__stdcall,1,2,,0,0,0,0,application,recovered
0x0009631e,54,FUN_0009631e,DEFAULT,false,__stdcall,1,2,,0,0,0,0,application,recovered
0x00096354,42,FUN_00096354,DEFAULT,false,__stdcall,1,2,,0,0,0,0,application,recovered
0x0009637e,44,FUN_0009637e,DEFAULT,false,__stdcall,1,2,,0,0,0,0,application,recovered
0x000963aa,54,FUN_000963aa,DEFAULT,false,__stdcall,1,2,,0,0,0,0,application,recovered
0x000963e0,54,FUN_000963e0,DEFAULT,false,__stdcall,1,2,,0,0,0,0,application,recovered
0x00096416,54,FUN_00096416,DEFAULT,false,__stdcall,1,2,,0,0,0,0,application,recovered
0x0009644c,54,FUN_0009644c,DEFAULT,false,__stdcall,1,2,,0,0,0,0,application,recovered
0x00096482,54,FUN_00096482,DEFAULT,false,__stdcall,1,2,,0,0,0,0,application,recovered
0x000964b8,56,FUN_000964b8,DEFAULT,false,__stdcall,1,2,,0,0,0,0,application,recovered
0x000964f0,56,FUN_000964f0,DEFAULT,false,__stdcall,1,2,,0,0,0,0,application,recovered
0x00096528,56,FUN_00096528,DEFAULT,false,__stdcall,1,2,,0,0,0,0,application,recovered
0x00096560,54,FUN_00096560,DEFAULT,false,__stdcall,1,2,,0,0,0,0,application,recovered
0x00096596,56,FUN_00096596,DEFAULT,false,__stdcall,1,2,,0,0,0,0,application,recovered
0x000965ce,368,FUN_000965ce,DEFAULT,false,__stdcall,1,17,,0,0,1,0,application,recovered
0x00096764,240,FUN_00096764,DEFAULT,false,__stdcall,1,19,,0,0,1,0,application,recovered
0x0009687a,44,FUN_0009687a,DEFAULT,false,__stdcall,1,2,,0,0,0,0,application,recovered
0x000968a6,114,FUN_000968a6,DEFAULT,false,__stdcall,1,4,,4,0,0,0,application,recovered
0x00096918,228,FUN_00096918,DEFAULT,false,__stdcall,3,5,,5,0,0,0,application,recovered
0x000969fc,56,FUN_000969fc,DEFAULT,false,__stdcall,3,5,,0,0,0,0,application,recovered
0x00096a34,34,application_proprietary_ab_subfunction_01,USER_DEFINED,false,__stdcall,0,2,,0,0,0,0,application,annotated
0x00096a56,34,application_proprietary_ab_subfunction_02,USER_DEFINED,false,__stdcall,0,2,,0,0,0,0,application,annotated
0x00096a78,34,application_proprietary_ab_subfunction_03,USER_DEFINED,false,__stdcall,0,2,,0,0,0,0,application,annotated
0x00096b3a,32,FUN_00096b3a,DEFAULT,false,__stdcall,2,2,,0,0,0,0,application,recovered
0x00096b5a,12,FUN_00096b5a,DEFAULT,false,__stdcall,1,1,,0,0,0,0,application,recovered
0x00096b66,28,FUN_00096b66,DEFAULT,false,__stdcall,1,5,,0,0,0,0,application,recovered
0x00096b82,42,FUN_00096b82,DEFAULT,false,__stdcall,1,2,,1,0,1,0,application,recovered
0x00096bac,34,FUN_00096bac,DEFAULT,false,__stdcall,1,3,,1,0,0,0,application,recovered
0x00096bea,2,FUN_00096bea,DEFAULT,false,__stdcall,1,0,,0,0,0,0,application,recovered
0x00096c20,4,FUN_00096c20,DEFAULT,false,__stdcall,1,0,,0,0,0,0,application,recovered
0x00096c24,12,FUN_00096c24,DEFAULT,false,__stdcall,1,0,,3,0,0,0,application,recovered
0x00096c30,134,FUN_00096c30,DEFAULT,false,__stdcall,1,2,,3,0,2,0,application,recovered
0x00096cb6,32,FUN_00096cb6,DEFAULT,false,__stdcall,2,0,,0,0,1,0,application,recovered
0x00096cd6,88,FUN_00096cd6,DEFAULT,false,__stdcall,22,3,,3,0,0,0,application,recovered
0x00096d2e,106,FUN_00096d2e,DEFAULT,false,__stdcall,14,3,,3,0,0,0,application,recovered
0x00096d98,14,FUN_00096d98,DEFAULT,false,__stdcall,9,1,,0,0,0,0,application,recovered
0x00096da6,16,FUN_00096da6,DEFAULT,false,__stdcall,7,1,,0,0,0,0,application,recovered
0x00096db6,24,FUN_00096db6,DEFAULT,false,__stdcall,1,0,,4,0,0,0,application,recovered
0x00096dce,86,FUN_00096dce,DEFAULT,false,__stdcall,1,3,,2,0,2,0,application,recovered
0x00096e24,48,FUN_00096e24,DEFAULT,false,__stdcall,11,2,,2,0,1,0,application,recovered
0x00096e54,32,FUN_00096e54,DEFAULT,false,__stdcall,15,2,,1,0,0,0,application,recovered
0x00096e74,12,FUN_00096e74,DEFAULT,false,__stdcall,2,1,,0,0,0,0,application,recovered
0x00096e80,12,FUN_00096e80,DEFAULT,false,__stdcall,2,1,,0,0,0,0,application,recovered
0x00096e8c,12,FUN_00096e8c,DEFAULT,false,__stdcall,4,1,,0,0,0,0,application,recovered
0x00096e98,12,FUN_00096e98,DEFAULT,false,__stdcall,4,1,,0,0,0,0,application,recovered
0x00096ea4,12,FUN_00096ea4,DEFAULT,false,__stdcall,2,1,,0,0,0,0,application,recovered
0x00096eb0,12,FUN_00096eb0,DEFAULT,false,__stdcall,2,1,,0,0,0,0,application,recovered
0x00096ebc,12,FUN_00096ebc,DEFAULT,false,__stdcall,2,1,,0,0,0,0,application,recovered
0x00096ec8,12,FUN_00096ec8,DEFAULT,false,__stdcall,2,1,,0,0,0,0,application,recovered
0x00096ed4,12,FUN_00096ed4,DEFAULT,false,__stdcall,2,1,,0,0,0,0,application,recovered
0x00096ee0,12,FUN_00096ee0,DEFAULT,false,__stdcall,2,1,,0,0,0,0,application,recovered
0x00096eec,12,FUN_00096eec,DEFAULT,false,__stdcall,2,1,,0,0,0,0,application,recovered
0x00096ef8,12,FUN_00096ef8,DEFAULT,false,__stdcall,2,1,,0,0,0,0,application,recovered
0x00096f1c,12,FUN_00096f1c,DEFAULT,false,__stdcall,3,1,,0,0,0,0,application,recovered
0x00096f28,12,FUN_00096f28,DEFAULT,false,__stdcall,3,1,,0,0,0,0,application,recovered
0x00096f34,12,FUN_00096f34,DEFAULT,false,__stdcall,4,1,,0,0,0,0,application,recovered
0x00096f40,12,FUN_00096f40,DEFAULT,false,__stdcall,4,1,,0,0,0,0,application,recovered
0x00096f4c,12,FUN_00096f4c,DEFAULT,false,__stdcall,8,1,,0,0,0,0,application,recovered
0x00096f58,12,FUN_00096f58,DEFAULT,false,__stdcall,8,1,,0,0,0,0,application,recovered
0x00096f64,12,FUN_00096f64,DEFAULT,false,__stdcall,4,1,,0,0,0,0,application,recovered
0x00096f70,12,FUN_00096f70,DEFAULT,false,__stdcall,4,1,,0,0,0,0,application,recovered
0x00096f7c,12,FUN_00096f7c,DEFAULT,false,__stdcall,4,1,,0,0,0,0,application,recovered
0x00096f88,12,FUN_00096f88,DEFAULT,false,__stdcall,4,1,,0,0,0,0,application,recovered
0x00096f94,12,FUN_00096f94,DEFAULT,false,__stdcall,2,1,,0,0,0,0,application,recovered
0x00096fa0,12,FUN_00096fa0,DEFAULT,false,__stdcall,2,1,,0,0,0,0,application,recovered
0x00096fac,12,FUN_00096fac,DEFAULT,false,__stdcall,3,1,,0,0,0,0,application,recovered
0x00096fb8,12,FUN_00096fb8,DEFAULT,false,__stdcall,3,1,,0,0,0,0,application,recovered
0x00096fc4,12,FUN_00096fc4,DEFAULT,false,__stdcall,3,1,,0,0,0,0,application,recovered
0x00096fd0,12,FUN_00096fd0,DEFAULT,false,__stdcall,3,1,,0,0,0,0,application,recovered
0x00096fdc,12,FUN_00096fdc,DEFAULT,false,__stdcall,8,1,,0,0,0,0,application,recovered
0x00096fe8,12,FUN_00096fe8,DEFAULT,false,__stdcall,8,1,,0,0,0,0,application,recovered
0x00096ff4,12,FUN_00096ff4,DEFAULT,false,__stdcall,3,1,,0,0,0,0,application,recovered
0x00097000,12,FUN_00097000,DEFAULT,false,__stdcall,3,1,,0,0,0,0,application,recovered
0x0009700c,12,FUN_0009700c,DEFAULT,false,__stdcall,3,1,,0,0,0,0,application,recovered
0x00097018,12,FUN_00097018,DEFAULT,false,__stdcall,3,1,,0,0,0,0,application,recovered
0x0009703c,12,FUN_0009703c,DEFAULT,false,__stdcall,5,1,,0,0,0,0,application,recovered
0x00097048,12,FUN_00097048,DEFAULT,false,__stdcall,5,1,,0,0,0,0,application,recovered
0x00097160,110,FUN_00097160,DEFAULT,false,__stdcall,1,2,,1,0,3,0,application,recovered
0x000971ce,4,FUN_000971ce,DEFAULT,false,__stdcall,1,0,,0,0,0,0,application,recovered
0x000971d2,58,FUN_000971d2,DEFAULT,false,__stdcall,1,0,,0,0,3,0,application,recovered
0x0009720c,32,FUN_0009720c,DEFAULT,false,__stdcall,1,0,,0,0,2,0,application,recovered
0x0009722c,34,FUN_0009722c,DEFAULT,false,__stdcall,1,0,,5,0,0,0,application,recovered
0x0009724e,76,FUN_0009724e,DEFAULT,false,__stdcall,0,0,,4,0,0,0,application,recovered
0x000b01ac,22,FUN_000b01ac,DEFAULT,false,__stdcall,1,0,,2,0,0,0,application,recovered
0x000b01c2,32,FUN_000b01c2,DEFAULT,false,__stdcall,1,0,,4,0,0,0,application,recovered
0x000b01e2,116,FUN_000b01e2,DEFAULT,false,__stdcall,3,3,,2,0,1,0,application,recovered
0x000b0256,102,FUN_000b0256,DEFAULT,false,__stdcall,2,3,,2,0,0,0,application,recovered
0x000b02bc,116,system_mode_event_set,USER_DEFINED,false,__stdcall,21,3,,2,0,1,0,application,annotated
0x000b0330,26,FUN_000b0330,DEFAULT,false,__stdcall,7,1,,3,0,0,0,application,recovered
0x000b034a,52,FUN_000b034a,DEFAULT,false,__stdcall,1,1,,7,0,0,0,application,recovered
0x000b037e,16,FUN_000b037e,DEFAULT,false,__stdcall,1,1,,1,0,0,0,application,recovered
0x000b038e,62,FUN_000b038e,DEFAULT,false,__stdcall,1,2,,3,0,0,0,application,recovered
0x000b03cc,54,FUN_000b03cc,DEFAULT,false,__stdcall,6,0,,6,0,0,0,application,recovered
0x000b0404,68,FUN_000b0404,DEFAULT,false,__stdcall,3,1,,1,0,2,0,application,recovered
0x000b0448,54,FUN_000b0448,DEFAULT,false,__stdcall,6,0,,3,0,1,0,application,recovered
0x000b047e,128,FUN_000b047e,DEFAULT,false,__stdcall,1,3,,5,0,2,0,application,recovered
0x000b04fe,26,FUN_000b04fe,DEFAULT,false,__stdcall,1,4,,0,0,0,0,application,recovered
0x000b0518,1014,system_mode_coordinator,USER_DEFINED,false,__stdcall,2,21,,3,0,0,0,application,annotated
0x000b090e,28,FUN_000b090e,DEFAULT,false,__stdcall,1,0,,1,0,1,0,application,recovered
0x000b092a,24,FUN_000b092a,DEFAULT,false,__stdcall,1,0,,1,0,0,0,application,recovered
0x000b0944,12,FUN_000b0944,DEFAULT,false,__stdcall,2,0,,1,0,0,0,application,recovered
0x000b0950,20,FUN_000b0950,DEFAULT,false,__stdcall,1,0,,2,0,0,0,application,recovered
0x000b0964,16,FUN_000b0964,DEFAULT,false,__stdcall,1,1,,0,0,0,0,application,recovered
0x000b0974,32,FUN_000b0974,DEFAULT,false,__stdcall,2,1,,3,0,0,0,application,recovered
0x000b0994,16,FUN_000b0994,DEFAULT,false,__stdcall,1,1,,0,0,0,0,application,recovered
0x000b09a6,24,FUN_000b09a6,DEFAULT,false,__stdcall,1,3,,0,0,0,0,application,recovered
0x000b09be,20,FUN_000b09be,DEFAULT,false,__stdcall,1,3,,0,0,0,0,application,recovered
0x000b09d2,16,FUN_000b09d2,DEFAULT,false,__stdcall,1,1,,0,0,0,0,application,recovered
0x000b09e2,12,FUN_000b09e2,DEFAULT,false,__stdcall,1,1,,0,0,0,0,application,recovered
0x000b09f0,16,FUN_000b09f0,DEFAULT,false,__stdcall,1,1,,0,0,0,0,application,recovered
0x000b0a02,14,FUN_000b0a02,DEFAULT,false,__stdcall,1,1,,0,0,0,0,application,recovered
0x000b0a10,148,FUN_000b0a10,DEFAULT,false,__stdcall,1,10,,1,0,1,0,application,recovered
0x000b0aae,2,FUN_000b0aae,DEFAULT,false,__stdcall,1,0,,0,0,0,0,application,recovered
0x000b0ab4,202,FUN_000b0ab4,DEFAULT,false,__stdcall,1,12,,1,0,3,0,application,recovered
0x000b0b80,200,FUN_000b0b80,DEFAULT,false,__stdcall,1,12,,1,0,3,0,application,recovered
0x000b0c4a,200,FUN_000b0c4a,DEFAULT,false,__stdcall,1,12,,1,0,3,0,application,recovered
0x000b0d14,218,FUN_000b0d14,DEFAULT,false,__stdcall,1,14,,1,0,3,0,application,recovered
0x000b0df0,200,FUN_000b0df0,DEFAULT,false,__stdcall,1,12,,1,0,3,0,application,recovered
0x000b0eba,200,FUN_000b0eba,DEFAULT,false,__stdcall,1,12,,1,0,3,0,application,recovered
0x000b0f84,196,FUN_000b0f84,DEFAULT,false,__stdcall,1,12,,1,0,3,0,application,recovered
0x000b104a,196,FUN_000b104a,DEFAULT,false,__stdcall,1,12,,1,0,2,0,application,recovered
0x000b1110,200,FUN_000b1110,DEFAULT,false,__stdcall,1,12,,1,0,3,0,application,recovered
0x000b11da,194,FUN_000b11da,DEFAULT,false,__stdcall,1,12,,1,0,3,0,application,recovered
0x000b129e,196,FUN_000b129e,DEFAULT,false,__stdcall,1,12,,1,0,3,0,application,recovered
0x000b1364,212,FUN_000b1364,DEFAULT,false,__stdcall,1,14,,1,0,4,0,application,recovered
0x000b143a,212,FUN_000b143a,DEFAULT,false,__stdcall,1,14,,1,0,4,0,application,recovered
0x000b150e,32,FUN_000b150e,DEFAULT,false,__stdcall,1,3,,0,0,0,0,application,recovered
0x000b152e,448,FUN_000b152e,DEFAULT,false,__stdcall,1,17,,1,0,1,0,application,recovered
0x000b170a,200,FUN_000b170a,DEFAULT,false,__stdcall,0,12,,1,0,2,0,application,recovered
0x000b181a,102,FUN_000b181a,DEFAULT,false,__stdcall,1,5,,1,0,1,0,application,recovered
0x000b1880,32,FUN_000b1880,DEFAULT,false,__stdcall,1,1,,1,0,0,0,application,recovered
0x000b18a0,14,FUN_000b18a0,DEFAULT,false,__stdcall,1,1,,0,0,0,0,application,recovered
0x000b18ae,84,FUN_000b18ae,DEFAULT,false,__stdcall,1,6,,1,0,0,0,application,recovered
0x000b1908,138,FUN_000b1908,DEFAULT,false,__stdcall,1,7,,1,0,1,0,application,recovered
0x000b19b6,26,FUN_000b19b6,DEFAULT,false,__stdcall,1,1,,0,0,1,0,application,recovered
0x000b19d2,20,FUN_000b19d2,DEFAULT,false,__stdcall,1,3,,0,0,0,0,application,recovered
0x000b19e6,14,FUN_000b19e6,DEFAULT,false,__stdcall,1,1,,0,0,0,0,application,recovered
0x000b19f4,26,FUN_000b19f4,DEFAULT,false,__stdcall,1,0,,1,0,0,0,application,recovered
0x000b1a0e,118,FUN_000b1a0e,DEFAULT,false,__stdcall,1,7,,1,0,1,0,application,recovered
0x000b1a84,32,FUN_000b1a84,DEFAULT,false,__stdcall,0,2,,1,0,0,0,application,recovered
0x000b1aa4,20,FUN_000b1aa4,DEFAULT,false,__stdcall,0,2,,0,0,0,0,application,recovered
0x000b1b74,126,FUN_000b1b74,DEFAULT,false,__stdcall,1,7,,0,0,3,0,application,recovered
0x000b1bf6,104,FUN_000b1bf6,DEFAULT,false,__stdcall,1,1,,4,0,0,0,application,recovered
0x000b1c62,12,FUN_000b1c62,DEFAULT,false,__stdcall,1,1,,0,0,0,0,application,recovered
0x000b1c6e,46,FUN_000b1c6e,DEFAULT,false,__stdcall,1,3,,1,0,0,0,application,recovered
0x000b1c9c,40,FUN_000b1c9c,DEFAULT,false,__stdcall,1,1,,2,0,0,0,application,recovered
0x000b1cc4,16,FUN_000b1cc4,DEFAULT,false,__stdcall,1,1,,1,0,0,0,application,recovered
0x000b1cd6,40,FUN_000b1cd6,DEFAULT,false,__stdcall,1,1,,2,0,0,0,application,recovered
0x000b1cfe,48,FUN_000b1cfe,DEFAULT,false,__stdcall,1,3,,2,0,0,0,application,recovered
0x000b1d2e,32,FUN_000b1d2e,DEFAULT,false,__stdcall,1,1,,1,0,0,0,application,recovered
0x000b1d4e,94,FUN_000b1d4e,DEFAULT,false,__stdcall,1,4,,3,0,0,0,application,recovered
0x000b1dac,230,FUN_000b1dac,DEFAULT,false,__stdcall,1,12,,1,0,0,0,application,recovered
0x000b1ea4,112,FUN_000b1ea4,DEFAULT,false,__stdcall,0,2,,3,0,0,0,application,recovered
0x000b1f34,188,FUN_000b1f34,DEFAULT,false,__stdcall,1,6,,3,0,1,0,application,recovered
0x000b1ff0,18,FUN_000b1ff0,DEFAULT,false,__stdcall,1,0,,2,0,0,0,application,recovered
0x000b2002,2,FUN_000b2002,DEFAULT,false,__stdcall,1,0,,0,0,0,0,application,recovered
0x000b201a,130,FUN_000b201a,DEFAULT,false,__stdcall,1,0,,4,0,0,0,application,recovered
0x000b209c,48,FUN_000b209c,DEFAULT,false,__stdcall,1,0,,2,0,0,0,application,recovered
0x000b20e8,2,FUN_000b20e8,DEFAULT,false,__stdcall,1,0,,0,0,0,0,application,recovered
0x000b20ea,80,system_programming_shutdown_mode_entry,USER_DEFINED,false,__stdcall,0,3,,0,0,1,0,application,annotated
0x000b213c,2,FUN_000b213c,DEFAULT,false,__stdcall,1,0,,0,0,0,0,application,recovered
0x000b213e,2,FUN_000b213e,DEFAULT,false,__stdcall,1,0,,0,0,0,0,application,recovered
0x000b2140,230,FUN_000b2140,DEFAULT,false,__stdcall,2,1,,12,0,2,0,application,recovered
0x000b2226,54,FUN_000b2226,DEFAULT,false,__stdcall,1,0,,6,0,4,0,application,recovered
0x000b225c,54,FUN_000b225c,DEFAULT,false,__stdcall,1,0,,6,0,4,0,application,recovered
0x000b2292,74,FUN_000b2292,DEFAULT,false,__stdcall,2,2,,6,0,5,0,application,recovered
0x000b22dc,2,FUN_000b22dc,DEFAULT,false,__stdcall,1,0,,0,0,0,0,application,recovered
0x000b22de,2,FUN_000b22de,DEFAULT,false,__stdcall,1,0,,0,0,0,0,application,recovered
0x000b22e0,2,FUN_000b22e0,DEFAULT,false,__stdcall,2,0,,0,0,0,0,application,recovered
0x000b22e6,2,FUN_000b22e6,DEFAULT,false,__stdcall,1,0,,0,0,0,0,application,recovered
0x000b22e8,2,FUN_000b22e8,DEFAULT,false,__stdcall,1,0,,0,0,0,0,application,recovered
0x000b22ea,2,FUN_000b22ea,DEFAULT,false,__stdcall,2,0,,0,0,0,0,application,recovered
0x000b2366,2,FUN_000b2366,DEFAULT,false,__stdcall,1,0,,0,0,0,0,application,recovered
0x000b2368,2,FUN_000b2368,DEFAULT,false,__stdcall,1,0,,0,0,0,0,application,recovered
0x000b236a,92,FUN_000b236a,DEFAULT,false,__stdcall,2,3,,6,0,0,0,application,recovered
0x000b23c6,26,FUN_000b23c6,DEFAULT,false,__stdcall,1,1,,3,0,0,0,application,recovered
0x000b23e0,38,FUN_000b23e0,DEFAULT,false,__stdcall,1,1,,8,0,0,0,application,recovered
0x000b2406,116,FUN_000b2406,DEFAULT,false,__stdcall,2,0,,1,0,1,0,application,recovered
0x000b247a,68,FUN_000b247a,DEFAULT,false,__stdcall,1,0,,4,0,3,0,application,recovered
0x000b24be,144,FUN_000b24be,DEFAULT,false,__stdcall,1,0,,10,0,1,0,application,recovered
0x000b254e,218,FUN_000b254e,DEFAULT,false,__stdcall,1,1,,11,0,3,0,application,recovered
0x000b2628,26,FUN_000b2628,DEFAULT,false,__stdcall,1,0,,2,0,0,0,application,recovered
0x000b2642,532,FUN_000b2642,DEFAULT,false,__stdcall,2,7,,23,0,3,0,application,recovered
0x000b2856,40,FUN_000b2856,DEFAULT,false,__stdcall,2,1,,7,0,0,0,application,recovered
0x000b287e,6,FUN_000b287e,DEFAULT,false,__stdcall,1,0,,1,0,0,0,application,recovered
0x000b2884,20,FUN_000b2884,DEFAULT,false,__stdcall,1,0,,4,0,0,0,application,recovered
0x000b2898,10,FUN_000b2898,DEFAULT,false,__stdcall,2,0,,1,0,0,0,application,recovered
0x000b28ac,26,application_system_transition_phase_init,USER_DEFINED,false,__stdcall,1,1,,3,0,0,0,application,annotated
0x000b28c6,32,FUN_000b28c6,DEFAULT,false,__stdcall,1,1,,5,0,0,0,application,recovered
0x000b28e6,44,FUN_000b28e6,DEFAULT,false,__stdcall,1,0,,3,0,0,0,application,recovered
0x000b2912,220,application_system_transition_phase_step,USER_DEFINED,false,__stdcall,2,10,,6,0,0,0,application,annotated
0x000b29ee,10,FUN_000b29ee,DEFAULT,false,__stdcall,2,0,,1,0,0,0,application,recovered
0x000b29f8,6,FUN_000b29f8,DEFAULT,false,__stdcall,2,0,,1,0,0,0,application,recovered
0x000b29fe,2,FUN_000b29fe,DEFAULT,false,__stdcall,1,0,,0,0,0,0,application,recovered
0x000b2a00,24,FUN_000b2a00,DEFAULT,false,__stdcall,2,0,,5,0,1,0,application,recovered
0x000b2a18,44,FUN_000b2a18,DEFAULT,false,__stdcall,1,1,,8,0,1,0,application,recovered
0x000b2a44,42,FUN_000b2a44,DEFAULT,false,__stdcall,1,0,,2,0,0,0,application,recovered
0x000b2a6e,192,FUN_000b2a6e,DEFAULT,false,__stdcall,1,0,,10,0,4,0,application,recovered
0x000b2b2e,58,FUN_000b2b2e,DEFAULT,false,__stdcall,1,0,,6,0,0,0,application,recovered
0x000b2b68,26,FUN_000b2b68,DEFAULT,false,__stdcall,2,4,,0,0,0,0,application,recovered
0x000b2c32,2,FUN_000b2c32,DEFAULT,false,__stdcall,1,0,,0,0,0,0,application,recovered
0x000b2c34,14,FUN_000b2c34,DEFAULT,false,__stdcall,1,0,,4,0,0,0,application,recovered
0x000b2c42,410,FUN_000b2c42,DEFAULT,false,__stdcall,1,9,,23,0,2,0,application,recovered
0x000b2ddc,86,FUN_000b2ddc,DEFAULT,false,__stdcall,1,1,,5,0,2,0,application,recovered
0x000b2e32,138,FUN_000b2e32,DEFAULT,false,__stdcall,1,4,,8,0,0,0,application,recovered
0x000b2ebc,20,FUN_000b2ebc,DEFAULT,false,__stdcall,2,3,,0,0,0,0,application,recovered
0x000b2ed0,2,FUN_000b2ed0,DEFAULT,false,__stdcall,1,0,,0,0,0,0,application,recovered
0x000b2ed2,8,FUN_000b2ed2,DEFAULT,false,__stdcall,1,0,,1,0,0,0,application,recovered
0x000b2eda,42,FUN_000b2eda,DEFAULT,false,__stdcall,2,0,,4,0,0,0,application,recovered
0x000b2f04,2,FUN_000b2f04,DEFAULT,false,__stdcall,1,0,,0,0,0,0,application,recovered
0x000b2f06,2,FUN_000b2f06,DEFAULT,false,__stdcall,1,0,,0,0,0,0,application,recovered
0x000b2f08,50,FUN_000b2f08,DEFAULT,false,__stdcall,2,0,,6,0,0,0,application,recovered
0x000b2f3a,158,FUN_000b2f3a,DEFAULT,false,__stdcall,1,2,,9,0,4,0,application,recovered
0x000b2fd8,108,FUN_000b2fd8,DEFAULT,false,__stdcall,1,0,,7,0,2,0,application,recovered
0x000b3044,156,FUN_000b3044,DEFAULT,false,__stdcall,1,2,,9,0,3,0,application,recovered
0x000b30e0,210,FUN_000b30e0,DEFAULT,false,__stdcall,1,3,,14,0,4,0,application,recovered
0x000b31b2,78,FUN_000b31b2,DEFAULT,false,__stdcall,1,1,,6,0,0,0,application,recovered
0x000b3200,104,FUN_000b3200,DEFAULT,false,__stdcall,1,0,,7,0,2,0,application,recovered
0x000b3268,224,FUN_000b3268,DEFAULT,false,__stdcall,1,1,,6,0,6,0,application,recovered
0x000b3348,218,FUN_000b3348,DEFAULT,false,__stdcall,1,1,,11,0,2,0,application,recovered
0x000b3422,296,FUN_000b3422,DEFAULT,false,__stdcall,1,0,,20,0,5,0,application,recovered
0x000b354a,104,FUN_000b354a,DEFAULT,false,__stdcall,1,0,,5,0,3,0,application,recovered
0x000b35b2,62,FUN_000b35b2,DEFAULT,false,__stdcall,1,0,,8,0,0,0,application,recovered
0x000b35f0,94,FUN_000b35f0,DEFAULT,false,__stdcall,2,11,,4,0,0,0,application,recovered
0x000b364e,26,FUN_000b364e,DEFAULT,false,__stdcall,1,1,,3,0,0,0,application,recovered
0x000b3668,30,FUN_000b3668,DEFAULT,false,__stdcall,1,1,,4,0,0,0,application,recovered
0x000b3686,114,FUN_000b3686,DEFAULT,false,__stdcall,1,1,,3,0,0,0,application,recovered
0x000b36f8,172,FUN_000b36f8,DEFAULT,false,__stdcall,2,4,,5,0,0,0,application,recovered
0x000b37a4,2,FUN_000b37a4,DEFAULT,false,__stdcall,1,0,,0,0,0,0,application,recovered
0x000b37a6,2,FUN_000b37a6,DEFAULT,false,__stdcall,1,0,,0,0,0,0,application,recovered
0x000b37a8,116,FUN_000b37a8,DEFAULT,false,__stdcall,1,0,,7,0,0,0,application,recovered
0x000b381c,136,FUN_000b381c,DEFAULT,false,__stdcall,1,0,,7,0,0,0,application,recovered
0x000b38a4,28,FUN_000b38a4,DEFAULT,false,__stdcall,1,0,,3,0,0,0,application,recovered
0x000b38c0,116,FUN_000b38c0,DEFAULT,false,__stdcall,1,1,,4,0,0,0,application,recovered
0x000b3934,36,FUN_000b3934,DEFAULT,false,__stdcall,1,0,,4,0,0,0,application,recovered
0x000b3958,28,FUN_000b3958,DEFAULT,false,__stdcall,2,5,,0,0,0,0,application,recovered
0x000b3974,28,FUN_000b3974,DEFAULT,false,__stdcall,1,3,,1,0,0,0,application,recovered
0x000b3990,46,FUN_000b3990,DEFAULT,false,__stdcall,1,0,,10,0,2,0,application,recovered
0x000b39be,36,FUN_000b39be,DEFAULT,false,__stdcall,2,0,,0,0,1,0,application,recovered
0x000b39e2,88,FUN_000b39e2,DEFAULT,false,__stdcall,5,2,,0,0,3,0,application,recovered
0x000b3a3a,30,FUN_000b3a3a,DEFAULT,false,__stdcall,1,0,,4,0,0,0,application,recovered
0x000b3a58,150,FUN_000b3a58,DEFAULT,false,__stdcall,5,1,,6,0,0,0,application,recovered
0x000b3aee,114,FUN_000b3aee,DEFAULT,false,__stdcall,2,1,,3,0,4,0,application,recovered
0x000b3b84,350,FUN_000b3b84,DEFAULT,false,__stdcall,1,12,,10,0,4,0,application,recovered
0x000b3ce2,68,FUN_000b3ce2,DEFAULT,false,__stdcall,1,0,,0,0,2,0,application,recovered
0x000b3d26,196,FUN_000b3d26,DEFAULT,false,__stdcall,1,1,,5,0,2,0,application,recovered
0x000b3dea,208,FUN_000b3dea,DEFAULT,false,__stdcall,2,1,,3,0,0,0,application,recovered
0x000b3eba,94,FUN_000b3eba,DEFAULT,false,__stdcall,2,0,,8,0,0,0,application,recovered
0x000b3f18,62,FUN_000b3f18,DEFAULT,false,__stdcall,1,1,,4,0,0,0,application,recovered
0x000b3f56,102,FUN_000b3f56,DEFAULT,false,__stdcall,2,1,,9,0,2,0,application,recovered
0x000b3fbc,142,FUN_000b3fbc,DEFAULT,false,__stdcall,1,2,,9,0,3,0,application,recovered
0x000b404a,146,FUN_000b404a,DEFAULT,false,__stdcall,1,0,,22,0,0,0,application,recovered
0x000b40dc,116,FUN_000b40dc,DEFAULT,false,__stdcall,1,6,,4,0,3,0,application,recovered
0x000b4150,56,FUN_000b4150,DEFAULT,false,__stdcall,1,0,,4,0,0,0,application,recovered
0x000b4188,280,FUN_000b4188,DEFAULT,false,__stdcall,1,5,,12,0,5,0,application,recovered
0x000b42a0,144,FUN_000b42a0,DEFAULT,false,__stdcall,1,5,,6,0,0,0,application,recovered
0x000b4330,102,FUN_000b4330,DEFAULT,false,__stdcall,1,3,,5,0,1,0,application,recovered
0x000b4396,238,FUN_000b4396,DEFAULT,false,__stdcall,1,7,,11,0,2,0,application,recovered
0x000b4484,70,FUN_000b4484,DEFAULT,false,__stdcall,1,1,,2,0,1,0,application,recovered
0x000b44ca,194,FUN_000b44ca,DEFAULT,false,__stdcall,1,7,,7,0,0,0,application,recovered
0x000b458c,76,FUN_000b458c,DEFAULT,false,__stdcall,1,1,,1,0,0,0,application,recovered
0x000b45d8,178,FUN_000b45d8,DEFAULT,false,__stdcall,1,6,,7,0,0,0,application,recovered
0x000b468a,110,FUN_000b468a,DEFAULT,false,__stdcall,1,1,,3,0,4,0,application,recovered
0x000b46f8,32,FUN_000b46f8,DEFAULT,false,__stdcall,2,6,,0,0,0,0,application,recovered
0x000b4772,10,FUN_000b4772,DEFAULT,false,__stdcall,0,0,,1,0,0,0,application,recovered
0x000b477c,24,FUN_000b477c,DEFAULT,false,__stdcall,1,0,,1,0,1,0,application,recovered
0x000b4794,18,FUN_000b4794,DEFAULT,false,__stdcall,2,0,,1,0,0,0,application,recovered
0x000b47d2,36,FUN_000b47d2,DEFAULT,false,__stdcall,1,2,,3,0,0,0,application,recovered
0x000b484e,58,FUN_000b484e,DEFAULT,false,__stdcall,1,2,,3,0,0,0,application,recovered
0x000b48ca,30,FUN_000b48ca,DEFAULT,false,__stdcall,1,1,,1,0,0,0,application,recovered
0x000b48e8,10,FUN_000b48e8,DEFAULT,false,__stdcall,1,0,,2,0,0,0,application,recovered
0x000b48f2,68,FUN_000b48f2,DEFAULT,false,__stdcall,3,0,,0,0,2,0,application,recovered
0x000b4936,486,FUN_000b4936,DEFAULT,false,__stdcall,1,4,,17,0,3,0,application,recovered
0x000b4b1c,88,FUN_000b4b1c,DEFAULT,false,__stdcall,9,2,,0,0,3,0,application,recovered
0x000b4b74,26,FUN_000b4b74,DEFAULT,false,__stdcall,1,1,,1,0,0,0,application,recovered
0x000b4b8e,30,FUN_000b4b8e,DEFAULT,false,__stdcall,1,0,,4,0,0,0,application,recovered
0x000b4bac,140,FUN_000b4bac,DEFAULT,false,__stdcall,4,1,,3,0,0,0,application,recovered
0x000b4c38,20,FUN_000b4c38,DEFAULT,false,__stdcall,1,3,,0,0,0,0,application,recovered
0x000b4c4c,154,FUN_000b4c4c,DEFAULT,false,__stdcall,1,1,,4,0,3,0,application,recovered
0x000b4ce6,192,FUN_000b4ce6,DEFAULT,false,__stdcall,1,1,,3,0,0,0,application,recovered
0x000b4da6,106,FUN_000b4da6,DEFAULT,false,__stdcall,1,2,,7,0,1,0,application,recovered
0x000b4e10,134,FUN_000b4e10,DEFAULT,false,__stdcall,1,0,,20,0,0,0,application,recovered
0x000b4e96,180,FUN_000b4e96,DEFAULT,false,__stdcall,1,1,,12,0,3,0,application,recovered
0x000b4f4a,86,FUN_000b4f4a,DEFAULT,false,__stdcall,1,1,,3,0,2,0,application,recovered
0x000b4fa0,64,FUN_000b4fa0,DEFAULT,false,__stdcall,1,2,,1,0,1,0,application,recovered
0x000b4fe0,346,FUN_000b4fe0,DEFAULT,false,__stdcall,2,2,,12,0,2,0,application,recovered
0x000b513a,120,FUN_000b513a,DEFAULT,false,__stdcall,1,4,,5,0,0,0,application,recovered
0x000b51b2,62,FUN_000b51b2,DEFAULT,false,__stdcall,1,1,,1,0,0,0,application,recovered
0x000b51f0,48,FUN_000b51f0,DEFAULT,false,__stdcall,2,2,,1,0,0,0,application,recovered
0x000b5220,52,FUN_000b5220,DEFAULT,false,__stdcall,1,0,,12,0,0,0,application,recovered
0x000b5254,134,FUN_000b5254,DEFAULT,false,__stdcall,1,6,,4,0,0,0,application,recovered
0x000b52da,116,FUN_000b52da,DEFAULT,false,__stdcall,1,1,,11,0,1,0,application,recovered
0x000b535e,138,FUN_000b535e,DEFAULT,false,__stdcall,1,6,,4,0,0,0,application,recovered
0x000b53e8,318,FUN_000b53e8,DEFAULT,false,__stdcall,1,1,,26,0,3,0,application,recovered
0x000b5526,32,FUN_000b5526,DEFAULT,false,__stdcall,2,6,,0,0,0,0,application,recovered
0x000b5546,26,FUN_000b5546,DEFAULT,false,__stdcall,1,0,,2,0,0,0,application,recovered
0x000b5560,76,FUN_000b5560,DEFAULT,false,__stdcall,1,2,,3,0,2,0,application,recovered
0x000b5644,10,FUN_000b5644,DEFAULT,false,__stdcall,3,0,,0,0,1,0,application,recovered
0x000b564e,6,FUN_000b564e,DEFAULT,false,__stdcall,1,0,,1,0,0,0,application,recovered
0x000b5654,10,FUN_000b5654,DEFAULT,false,__stdcall,1,0,,2,0,0,0,application,recovered
0x000b565e,72,FUN_000b565e,DEFAULT,false,__stdcall,1,0,,5,0,0,0,application,recovered
0x000b56a6,86,FUN_000b56a6,DEFAULT,false,__stdcall,1,0,,7,0,1,0,application,recovered
0x000b56fc,186,FUN_000b56fc,DEFAULT,false,__stdcall,1,4,,7,0,1,0,application,recovered
0x000b57b6,20,FUN_000b57b6,DEFAULT,false,__stdcall,2,3,,0,0,0,0,application,recovered
0x000b57ca,56,FUN_000b57ca,DEFAULT,false,__stdcall,3,3,,3,0,0,0,application,recovered
0x000b5830,20,FUN_000b5830,DEFAULT,false,__stdcall,2,0,,2,0,0,0,application,recovered
0x000b5844,2,FUN_000b5844,DEFAULT,false,__stdcall,1,0,,0,0,0,0,application,recovered
0x000b5846,10,FUN_000b5846,DEFAULT,false,__stdcall,1,0,,2,0,0,0,application,recovered
0x000b5850,34,FUN_000b5850,DEFAULT,false,__stdcall,1,0,,2,0,1,0,application,recovered
0x000b5872,114,FUN_000b5872,DEFAULT,false,__stdcall,1,0,,8,0,1,0,application,recovered
0x000b58e4,88,FUN_000b58e4,DEFAULT,false,__stdcall,1,0,,6,0,1,0,application,recovered
0x000b593c,64,FUN_000b593c,DEFAULT,false,__stdcall,2,3,,5,0,0,0,application,recovered
0x000b597c,16,FUN_000b597c,DEFAULT,false,__stdcall,3,0,,5,0,0,0,application,recovered
0x000b598c,2,FUN_000b598c,DEFAULT,false,__stdcall,1,0,,0,0,0,0,application,recovered
0x000b598e,162,FUN_000b598e,DEFAULT,false,__stdcall,1,6,,3,0,0,0,application,recovered
0x000b5a30,12,FUN_000b5a30,DEFAULT,false,__stdcall,1,1,,0,0,0,0,application,recovered
0x000b5a3c,66,FUN_000b5a3c,DEFAULT,false,__stdcall,1,1,,1,0,0,0,application,recovered
0x000b5a7e,52,FUN_000b5a7e,DEFAULT,false,__stdcall,1,1,,2,0,0,0,application,recovered
0x000b5ab2,180,FUN_000b5ab2,DEFAULT,false,__stdcall,1,8,,4,0,0,0,application,recovered
0x000b5b66,44,FUN_000b5b66,DEFAULT,false,__stdcall,1,1,,1,0,0,0,application,recovered
0x000b5b92,132,FUN_000b5b92,DEFAULT,false,__stdcall,1,7,,3,0,0,0,application,recovered
0x000b5c16,40,FUN_000b5c16,DEFAULT,false,__stdcall,1,1,,2,0,0,0,application,recovered
0x000b5c3e,144,FUN_000b5c3e,DEFAULT,false,__stdcall,1,8,,3,0,0,0,application,recovered
0x000b5cce,24,FUN_000b5cce,DEFAULT,false,__stdcall,2,4,,0,0,0,0,application,recovered
0x000b5ce6,14,FUN_000b5ce6,DEFAULT,false,__stdcall,1,0,,2,0,0,0,application,recovered
0x000b5cf4,24,FUN_000b5cf4,DEFAULT,false,__stdcall,1,2,,1,0,0,0,application,recovered
0x000b5d2a,34,FUN_000b5d2a,DEFAULT,false,__stdcall,0,1,,1,0,0,0,application,recovered
0x000b5d4c,6,FUN_000b5d4c,DEFAULT,false,__stdcall,1,0,,1,0,0,0,application,recovered
0x000b5d52,10,FUN_000b5d52,DEFAULT,false,__stdcall,1,0,,2,0,0,0,application,recovered
0x000b5d5c,38,FUN_000b5d5c,DEFAULT,false,__stdcall,1,0,,3,0,1,0,application,recovered
0x000b5d82,126,FUN_000b5d82,DEFAULT,false,__stdcall,1,0,,8,0,1,0,application,recovered
0x000b5e00,92,FUN_000b5e00,DEFAULT,false,__stdcall,1,1,,4,0,2,0,application,recovered
0x000b5e5c,22,FUN_000b5e5c,DEFAULT,false,__stdcall,1,3,,0,0,0,0,application,recovered
0x000b5e72,52,FUN_000b5e72,DEFAULT,false,__stdcall,1,0,,1,0,2,0,application,recovered
0x000b5ea6,64,FUN_000b5ea6,DEFAULT,false,__stdcall,2,2,,1,0,1,0,application,recovered
0x000b5ee6,54,FUN_000b5ee6,DEFAULT,false,__stdcall,1,1,,4,0,0,0,application,recovered
0x000b5f1c,24,FUN_000b5f1c,DEFAULT,false,__stdcall,1,0,,1,0,1,0,application,recovered
0x000b5f34,6,FUN_000b5f34,DEFAULT,false,__stdcall,1,0,,1,0,0,0,application,recovered
0x000b5f3a,2,FUN_000b5f3a,DEFAULT,false,__stdcall,1,0,,0,0,0,0,application,recovered
0x000b5f3c,28,FUN_000b5f3c,DEFAULT,false,__stdcall,1,0,,8,0,0,0,application,recovered
0x000b5f58,12,FUN_000b5f58,DEFAULT,false,__stdcall,2,1,,0,0,0,0,application,recovered
0x000b5f8e,30,FUN_000b5f8e,DEFAULT,false,__stdcall,2,0,,9,0,0,0,application,recovered
0x000b5fac,12,FUN_000b5fac,DEFAULT,false,__stdcall,1,1,,0,0,0,0,application,recovered
0x000b5fb8,2,FUN_000b5fb8,DEFAULT,false,__stdcall,1,0,,0,0,0,0,application,recovered
0x000b5fba,12,FUN_000b5fba,DEFAULT,false,__stdcall,2,1,,0,0,0,0,application,recovered
0x000b5fc8,6,FUN_000b5fc8,DEFAULT,false,__stdcall,1,0,,1,0,0,0,application,recovered
0x000b5fce,2,FUN_000b5fce,DEFAULT,false,__stdcall,1,0,,0,0,0,0,application,recovered
0x000b5fd0,2,FUN_000b5fd0,DEFAULT,false,__stdcall,2,0,,0,0,0,0,application,recovered
0x000b5fd2,20,FUN_000b5fd2,DEFAULT,false,__stdcall,1,0,,5,0,1,0,application,recovered
0x000b5fe6,8,FUN_000b5fe6,DEFAULT,false,__stdcall,1,0,,1,0,0,0,application,recovered
0x000b5fee,2,FUN_000b5fee,DEFAULT,false,__stdcall,1,0,,0,0,0,0,application,recovered
0x000b5ff0,8,FUN_000b5ff0,DEFAULT,false,__stdcall,2,0,,1,0,0,0,application,recovered
0x000b5ff8,2,FUN_000b5ff8,DEFAULT,false,__stdcall,1,0,,0,0,0,0,application,recovered
0x000b5ffa,20,FUN_000b5ffa,DEFAULT,false,__stdcall,1,0,,3,0,0,0,application,recovered
0x000b600e,26,FUN_000b600e,DEFAULT,false,__stdcall,1,0,,0,0,0,0,application,recovered
0x000b6028,18,FUN_000b6028,DEFAULT,false,__stdcall,2,0,,0,0,0,0,application,recovered
0x000b603a,840,FUN_000b603a,DEFAULT,false,__stdcall,2,6,,22,0,8,0,application,recovered
0x000b6382,2,FUN_000b6382,DEFAULT,false,__stdcall,1,0,,0,0,0,0,application,recovered
0x000b6384,18,FUN_000b6384,DEFAULT,false,__stdcall,1,0,,6,0,0,0,application,recovered
0x000b6396,204,FUN_000b6396,DEFAULT,false,__stdcall,2,3,,11,0,3,0,application,recovered
0x000b6462,28,FUN_000b6462,DEFAULT,false,__stdcall,1,2,,0,0,0,0,application,recovered
0x000b647e,44,FUN_000b647e,DEFAULT,false,__stdcall,1,2,,1,0,0,0,application,recovered
0x000b64aa,14,FUN_000b64aa,DEFAULT,false,__stdcall,1,0,,1,0,1,0,application,recovered
0x000b64b8,2,FUN_000b64b8,DEFAULT,false,__stdcall,1,0,,0,0,0,0,application,recovered
0x000b64ba,74,FUN_000b64ba,DEFAULT,false,__stdcall,3,0,,6,0,0,0,application,recovered
0x000b6504,58,FUN_000b6504,DEFAULT,false,__stdcall,3,1,,3,0,2,0,application,recovered
0x000b653e,30,FUN_000b653e,DEFAULT,false,__stdcall,2,2,,1,0,0,0,application,recovered
0x000b655c,10,FUN_000b655c,DEFAULT,false,__stdcall,1,0,,2,0,0,0,application,recovered
0x000b6566,86,FUN_000b6566,DEFAULT,false,__stdcall,1,2,,3,0,0,0,application,recovered
0x000b65bc,24,FUN_000b65bc,DEFAULT,false,__stdcall,4,0,,2,0,1,0,application,recovered
0x000b65d4,22,FUN_000b65d4,DEFAULT,false,__stdcall,3,2,,1,0,0,0,application,recovered
0x000b65ea,2,FUN_000b65ea,DEFAULT,false,__stdcall,1,0,,0,0,0,0,application,recovered
0x000b65ec,2,FUN_000b65ec,DEFAULT,false,__stdcall,1,0,,0,0,0,0,application,recovered
0x000b65ee,104,FUN_000b65ee,DEFAULT,false,__stdcall,2,2,,4,0,2,0,application,recovered
0x000b6656,6,FUN_000b6656,DEFAULT,false,__stdcall,1,0,,1,0,0,0,application,recovered
0x000b665c,2,FUN_000b665c,DEFAULT,false,__stdcall,1,0,,0,0,0,0,application,recovered
0x000b665e,16,FUN_000b665e,DEFAULT,false,__stdcall,1,0,,5,0,0,0,application,recovered
0x000b666e,140,FUN_000b666e,DEFAULT,false,__stdcall,1,1,,6,0,4,0,application,recovered
0x000b66fa,32,FUN_000b66fa,DEFAULT,false,__stdcall,2,1,,2,0,0,0,application,recovered
0x000b671a,20,FUN_000b671a,DEFAULT,false,__stdcall,3,0,,5,0,0,0,application,recovered
0x000b672e,16,FUN_000b672e,DEFAULT,false,__stdcall,2,0,,5,0,0,0,application,recovered
0x000b673e,2,FUN_000b673e,DEFAULT,false,__stdcall,1,0,,0,0,0,0,application,recovered
0x000b6740,28,FUN_000b6740,DEFAULT,false,__stdcall,1,0,,11,0,0,0,application,recovered
0x000b675c,300,FUN_000b675c,DEFAULT,false,__stdcall,1,1,,12,0,6,0,application,recovered
0x000b6888,22,FUN_000b6888,DEFAULT,false,__stdcall,2,1,,1,0,0,0,application,recovered
0x000b689e,32,FUN_000b689e,DEFAULT,false,__stdcall,3,0,,11,0,0,0,application,recovered
0x000b68be,28,FUN_000b68be,DEFAULT,false,__stdcall,2,0,,11,0,0,0,application,recovered
0x000b68da,2,FUN_000b68da,DEFAULT,false,__stdcall,1,0,,0,0,0,0,application,recovered
0x000b68dc,2,FUN_000b68dc,DEFAULT,false,__stdcall,1,0,,0,0,0,0,application,recovered
0x000b68de,78,FUN_000b68de,DEFAULT,false,__stdcall,1,1,,5,0,1,0,application,recovered
0x000b692c,104,FUN_000b692c,DEFAULT,false,__stdcall,1,2,,6,0,2,0,application,recovered
0x000b6994,130,FUN_000b6994,DEFAULT,false,__stdcall,3,0,,9,0,1,0,application,recovered
0x000b6a16,40,FUN_000b6a16,DEFAULT,false,__stdcall,1,2,,1,0,0,0,application,recovered
0x000b6a3e,98,FUN_000b6a3e,DEFAULT,false,__stdcall,2,2,,4,0,3,0,application,recovered
0x000b6aa0,34,FUN_000b6aa0,DEFAULT,false,__stdcall,1,3,,0,0,0,0,application,recovered
0x000b6ac2,28,FUN_000b6ac2,DEFAULT,false,__stdcall,2,0,,1,0,0,0,application,recovered
0x000b6ade,48,FUN_000b6ade,DEFAULT,false,__stdcall,2,1,,3,0,0,0,application,recovered
0x000b6b0e,42,FUN_000b6b0e,DEFAULT,false,__stdcall,1,3,,0,0,1,0,application,recovered
0x000b6b38,34,FUN_000b6b38,DEFAULT,false,__stdcall,1,3,,0,0,0,0,application,recovered
0x000b6b5a,48,FUN_000b6b5a,DEFAULT,false,__stdcall,2,1,,3,0,0,0,application,recovered
0x000b6b8a,92,FUN_000b6b8a,DEFAULT,false,__stdcall,2,3,,3,0,1,0,application,recovered
0x000b6be6,46,FUN_000b6be6,DEFAULT,false,__stdcall,1,2,,0,0,1,0,application,recovered
0x000b6c14,60,FUN_000b6c14,DEFAULT,false,__stdcall,3,1,,2,0,0,0,application,recovered
0x000b6c50,76,FUN_000b6c50,DEFAULT,false,__stdcall,1,5,,2,0,2,0,application,recovered
0x000b6c9c,48,FUN_000b6c9c,DEFAULT,false,__stdcall,1,3,,2,0,0,0,application,recovered
0x000b6ccc,50,FUN_000b6ccc,DEFAULT,false,__stdcall,1,4,,0,0,0,0,application,recovered
0x000b6cfe,54,FUN_000b6cfe,DEFAULT,false,__stdcall,1,6,,0,0,1,0,application,recovered
0x000b6d3e,52,FUN_000b6d3e,DEFAULT,false,__stdcall,1,2,,5,0,0,0,application,recovered
0x000b6d72,40,FUN_000b6d72,DEFAULT,false,__stdcall,1,2,,1,0,0,0,application,recovered
0x000b6d9a,56,FUN_000b6d9a,DEFAULT,false,__stdcall,1,4,,1,0,2,0,application,recovered
0x000b6dd2,32,FUN_000b6dd2,DEFAULT,false,__stdcall,1,2,,0,0,0,0,application,recovered
0x000b6df2,42,FUN_000b6df2,DEFAULT,false,__stdcall,1,2,,2,0,0,0,application,recovered
0x000b6e1c,144,FUN_000b6e1c,DEFAULT,false,__stdcall,1,2,,6,0,5,0,application,recovered
0x000b6eac,88,FUN_000b6eac,DEFAULT,false,__stdcall,1,3,,2,0,0,0,application,recovered
0x000b6f04,46,FUN_000b6f04,DEFAULT,false,__stdcall,1,1,,1,0,1,0,application,recovered
0x000b6f32,46,FUN_000b6f32,DEFAULT,false,__stdcall,1,1,,1,0,1,0,application,recovered
0x000b6f60,42,FUN_000b6f60,DEFAULT,false,__stdcall,1,1,,1,0,2,0,application,recovered
0x000b6f8a,86,FUN_000b6f8a,DEFAULT,false,__stdcall,1,4,,2,0,0,0,application,recovered
0x000b6fe0,54,FUN_000b6fe0,DEFAULT,false,__stdcall,1,2,,5,0,0,0,application,recovered
0x000b7016,56,FUN_000b7016,DEFAULT,false,__stdcall,2,5,,1,0,0,0,application,recovered
0x000b704e,6,FUN_000b704e,DEFAULT,false,__stdcall,2,0,,1,0,0,0,application,recovered
0x000b7054,124,FUN_000b7054,DEFAULT,false,__stdcall,1,4,,23,0,0,0,application,recovered
0x000b71c6,56,FUN_000b71c6,DEFAULT,false,__stdcall,1,3,,3,0,0,0,application,recovered
0x000b7204,6,FUN_000b7204,DEFAULT,false,__stdcall,2,0,,1,0,0,0,application,recovered
0x000b7232,2,FUN_000b7232,DEFAULT,false,__stdcall,1,0,,0,0,0,0,application,recovered
0x000b7234,74,FUN_000b7234,DEFAULT,false,__stdcall,1,3,,2,0,0,0,application,recovered
0x000b727e,60,FUN_000b727e,DEFAULT,false,__stdcall,2,2,,1,0,0,0,application,recovered
0x000b72ba,34,FUN_000b72ba,DEFAULT,false,__stdcall,2,1,,2,0,0,0,application,recovered
0x000b72dc,2,FUN_000b72dc,DEFAULT,false,__stdcall,1,0,,0,0,0,0,application,recovered
0x000b72de,14,FUN_000b72de,DEFAULT,false,__stdcall,1,0,,4,0,0,0,application,recovered
0x000b72ec,74,FUN_000b72ec,DEFAULT,false,__stdcall,1,0,,4,0,5,0,application,recovered
0x000b7344,28,FUN_000b7344,DEFAULT,false,__stdcall,1,0,,2,0,0,0,application,recovered
0x000b7360,54,FUN_000b7360,DEFAULT,false,__stdcall,1,0,,2,0,5,0,application,recovered
0x000b739e,50,FUN_000b739e,DEFAULT,false,__stdcall,1,0,,1,0,0,0,application,recovered
0x000b73d0,94,FUN_000b73d0,DEFAULT,false,__stdcall,2,4,,5,0,0,0,application,recovered
0x000b742e,14,FUN_000b742e,DEFAULT,false,__stdcall,1,0,,4,0,0,0,application,recovered
0x000b743c,2,FUN_000b743c,DEFAULT,false,__stdcall,1,0,,0,0,0,0,application,recovered
0x000b743e,16,FUN_000b743e,DEFAULT,false,__stdcall,1,0,,5,0,0,0,application,recovered
0x000b744e,106,FUN_000b744e,DEFAULT,false,__stdcall,1,1,,4,0,3,0,application,recovered
0x000b74b8,22,FUN_000b74b8,DEFAULT,false,__stdcall,2,1,,1,0,0,0,application,recovered
0x000b74ce,20,FUN_000b74ce,DEFAULT,false,__stdcall,1,0,,5,0,0,0,application,recovered
0x000b74e2,14,FUN_000b74e2,DEFAULT,false,__stdcall,1,0,,4,0,0,0,application,recovered
0x000b74f0,2,FUN_000b74f0,DEFAULT,false,__stdcall,1,0,,0,0,0,0,application,recovered
0x000b74f2,28,FUN_000b74f2,DEFAULT,false,__stdcall,1,0,,11,0,0,0,application,recovered
0x000b750e,302,FUN_000b750e,DEFAULT,false,__stdcall,1,1,,11,0,6,0,application,recovered
0x000b763c,48,FUN_000b763c,DEFAULT,false,__stdcall,2,1,,4,0,0,0,application,recovered
0x000b766c,32,FUN_000b766c,DEFAULT,false,__stdcall,2,0,,11,0,0,0,application,recovered
0x000b768c,28,FUN_000b768c,DEFAULT,false,__stdcall,2,0,,11,0,0,0,application,recovered
0x000b76ae,2,FUN_000b76ae,DEFAULT,false,__stdcall,1,0,,0,0,0,0,application,recovered
0x000b76b0,16,FUN_000b76b0,DEFAULT,false,__stdcall,1,0,,5,0,0,0,application,recovered
0x000b76c0,140,FUN_000b76c0,DEFAULT,false,__stdcall,1,1,,6,0,4,0,application,recovered
0x000b774c,32,FUN_000b774c,DEFAULT,false,__stdcall,2,1,,2,0,0,0,application,recovered
0x000b776c,20,FUN_000b776c,DEFAULT,false,__stdcall,2,0,,5,0,0,0,application,recovered
0x000b7780,16,FUN_000b7780,DEFAULT,false,__stdcall,2,0,,5,0,0,0,application,recovered
0x000b7790,2,FUN_000b7790,DEFAULT,false,__stdcall,1,0,,0,0,0,0,application,recovered
0x000b7792,2,FUN_000b7792,DEFAULT,false,__stdcall,1,0,,0,0,0,0,application,recovered
0x000b7794,222,FUN_000b7794,DEFAULT,false,__stdcall,1,1,,9,0,1,0,application,recovered
0x000b7872,168,FUN_000b7872,DEFAULT,false,__stdcall,1,0,,8,0,1,0,application,recovered
0x000b791a,16,FUN_000b791a,DEFAULT,false,__stdcall,1,2,,0,0,0,0,application,recovered
0x000b792a,190,FUN_000b792a,DEFAULT,false,__stdcall,1,1,,9,0,1,0,application,recovered
0x000b79e8,16,FUN_000b79e8,DEFAULT,false,__stdcall,2,2,,0,0,0,0,application,recovered
0x000b79f8,62,FUN_000b79f8,DEFAULT,false,__stdcall,1,0,,3,0,0,0,application,recovered
0x000b7a36,120,FUN_000b7a36,DEFAULT,false,__stdcall,1,5,,4,0,0,0,application,recovered
0x000b7ae8,2,FUN_000b7ae8,DEFAULT,false,__stdcall,1,0,,0,0,0,0,application,recovered
0x000b7aea,12,FUN_000b7aea,DEFAULT,false,__stdcall,2,0,,2,0,0,0,application,recovered
0x000b7af6,28,FUN_000b7af6,DEFAULT,false,__stdcall,1,1,,4,0,0,0,application,recovered
0x000b7b12,12,FUN_000b7b12,DEFAULT,false,__stdcall,2,1,,0,0,0,0,application,recovered
0x000b7b1e,6,FUN_000b7b1e,DEFAULT,false,__stdcall,1,0,,1,0,0,0,application,recovered
0x000b7b24,2,FUN_000b7b24,DEFAULT,false,__stdcall,1,0,,0,0,0,0,application,recovered
0x000b7b26,24,FUN_000b7b26,DEFAULT,false,__stdcall,1,0,,6,0,0,0,application,recovered
0x000b7b3e,12,FUN_000b7b3e,DEFAULT,false,__stdcall,2,1,,0,0,0,0,application,recovered
0x000b7b72,24,FUN_000b7b72,DEFAULT,false,__stdcall,2,0,,6,0,0,0,application,recovered
0x000b7b8a,12,FUN_000b7b8a,DEFAULT,false,__stdcall,1,1,,0,0,0,0,application,recovered
0x000b7b96,2,FUN_000b7b96,DEFAULT,false,__stdcall,1,0,,0,0,0,0,application,recovered
0x000b7b98,12,FUN_000b7b98,DEFAULT,false,__stdcall,2,1,,0,0,0,0,application,recovered
0x000b7ba6,30,FUN_000b7ba6,DEFAULT,false,__stdcall,3,1,,2,0,0,0,application,recovered
0x000b7bc4,12,FUN_000b7bc4,DEFAULT,false,__stdcall,1,1,,0,0,0,0,application,recovered
0x000b7bd0,28,FUN_000b7bd0,DEFAULT,false,__stdcall,1,2,,0,0,0,0,application,recovered
0x000b7bec,12,FUN_000b7bec,DEFAULT,false,__stdcall,2,1,,0,0,0,0,application,recovered
0x000b7c04,10,FUN_000b7c04,DEFAULT,false,__stdcall,1,0,,1,0,0,0,application,recovered
0x000b7c22,6,FUN_000b7c22,DEFAULT,false,__stdcall,1,0,,1,0,0,0,application,recovered
0x000b7c28,2,FUN_000b7c28,DEFAULT,false,__stdcall,1,0,,0,0,0,0,application,recovered
0x000b7c2a,2,FUN_000b7c2a,DEFAULT,false,__stdcall,2,0,,0,0,0,0,application,recovered
0x000b7c2c,16,FUN_000b7c2c,DEFAULT,false,__stdcall,1,0,,3,0,1,0,application,recovered
0x000b7c3c,2,FUN_000b7c3c,DEFAULT,false,__stdcall,1,0,,0,0,0,0,application,recovered
0x000b7c3e,12,FUN_000b7c3e,DEFAULT,false,__stdcall,1,0,,3,0,0,0,application,recovered
0x000b7c4a,124,FUN_000b7c4a,DEFAULT,false,__stdcall,1,4,,5,0,0,0,application,recovered
0x000b7cc6,96,FUN_000b7cc6,DEFAULT,false,__stdcall,2,1,,4,0,0,0,application,recovered
0x000b7d26,194,FUN_000b7d26,DEFAULT,false,__stdcall,1,2,,9,0,0,0,application,recovered
0x000b7de8,2,FUN_000b7de8,DEFAULT,false,__stdcall,1,0,,0,0,0,0,application,recovered
0x000b7dea,96,FUN_000b7dea,DEFAULT,false,__stdcall,1,1,,5,0,0,0,application,recovered
0x000b7e4a,36,FUN_000b7e4a,DEFAULT,false,__stdcall,1,1,,2,0,0,0,application,recovered
0x000b7e6e,182,FUN_000b7e6e,DEFAULT,false,__stdcall,1,4,,6,0,0,0,application,recovered
0x000b7f24,40,FUN_000b7f24,DEFAULT,false,__stdcall,1,1,,0,0,0,0,application,recovered
0x000b7f4c,48,FUN_000b7f4c,DEFAULT,false,__stdcall,2,3,,1,0,0,0,application,recovered
0x000b7f7c,6,FUN_000b7f7c,DEFAULT,false,__stdcall,1,0,,1,0,0,0,application,recovered
0x000b7f82,2,FUN_000b7f82,DEFAULT,false,__stdcall,1,0,,0,0,0,0,application,recovered
0x000b7f84,2,FUN_000b7f84,DEFAULT,false,__stdcall,1,0,,0,0,0,0,application,recovered
0x000b7f86,176,FUN_000b7f86,DEFAULT,false,__stdcall,2,0,,9,0,5,0,application,recovered
0x000b8036,2,FUN_000b8036,DEFAULT,false,__stdcall,1,0,,0,0,0,0,application,recovered
0x000b8038,28,FUN_000b8038,DEFAULT,false,__stdcall,1,0,,9,0,0,0,application,recovered
0x000b8054,154,FUN_000b8054,DEFAULT,false,__stdcall,1,1,,8,0,5,0,application,recovered
0x000b80ee,192,FUN_000b80ee,DEFAULT,false,__stdcall,1,0,,10,0,5,0,application,recovered
0x000b81ae,126,FUN_000b81ae,DEFAULT,false,__stdcall,2,3,,7,0,1,0,application,recovered
0x000b822c,2,FUN_000b822c,DEFAULT,false,__stdcall,1,0,,0,0,0,0,application,recovered
0x000b822e,26,FUN_000b822e,DEFAULT,false,__stdcall,1,0,,6,0,1,0,application,recovered
0x000b8248,186,FUN_000b8248,DEFAULT,false,__stdcall,1,0,,8,0,6,0,application,recovered
0x000b8302,14,FUN_000b8302,DEFAULT,false,__stdcall,1,0,,2,0,1,0,application,recovered
0x000b8310,98,FUN_000b8310,DEFAULT,false,__stdcall,1,1,,4,0,1,0,application,recovered
0x000b8372,12,FUN_000b8372,DEFAULT,false,__stdcall,1,0,,2,0,0,0,application,recovered
0x000b837e,80,FUN_000b837e,DEFAULT,false,__stdcall,2,5,,2,0,2,0,application,recovered
0x000b83ce,6,FUN_000b83ce,DEFAULT,false,__stdcall,1,0,,1,0,0,0,application,recovered
0x000b83d4,2,FUN_000b83d4,DEFAULT,false,__stdcall,1,0,,0,0,0,0,application,recovered
0x000b83d6,2,FUN_000b83d6,DEFAULT,false,__stdcall,1,0,,0,0,0,0,application,recovered
0x000b83d8,66,FUN_000b83d8,DEFAULT,false,__stdcall,2,0,,5,0,1,0,application,recovered
0x000b841a,2,FUN_000b841a,DEFAULT,false,__stdcall,1,0,,0,0,0,0,application,recovered
0x000b841c,24,FUN_000b841c,DEFAULT,false,__stdcall,1,0,,5,0,1,0,application,recovered
0x000b8434,132,FUN_000b8434,DEFAULT,false,__stdcall,1,1,,6,0,2,0,application,recovered
0x000b84b8,188,FUN_000b84b8,DEFAULT,false,__stdcall,1,0,,9,0,6,0,application,recovered
0x000b8574,48,FUN_000b8574,DEFAULT,false,__stdcall,2,3,,2,0,1,0,application,recovered
0x000b85ba,2,FUN_000b85ba,DEFAULT,false,__stdcall,1,0,,0,0,0,0,application,recovered
0x000b85bc,32,FUN_000b85bc,DEFAULT,false,__stdcall,1,0,,9,0,1,0,application,recovered
0x000b85dc,56,FUN_000b85dc,DEFAULT,false,__stdcall,1,0,,5,0,1,0,application,recovered
0x000b8614,556,FUN_000b8614,DEFAULT,false,__stdcall,2,6,,20,0,15,0,application,recovered
0x000b8840,2,FUN_000b8840,DEFAULT,false,__stdcall,1,0,,0,0,0,0,application,recovered
0x000b8842,10,FUN_000b8842,DEFAULT,false,__stdcall,1,0,,1,0,1,0,application,recovered
0x000b884c,210,FUN_000b884c,DEFAULT,false,__stdcall,2,3,,3,0,9,0,application,recovered
0x000b891e,16,FUN_000b891e,DEFAULT,false,__stdcall,1,1,,1,0,0,0,application,recovered
0x000b892e,16,FUN_000b892e,DEFAULT,false,__stdcall,1,1,,1,0,0,0,application,recovered
0x000b893e,28,FUN_000b893e,DEFAULT,false,__stdcall,2,1,,1,0,2,0,application,recovered
0x000b89ca,2,FUN_000b89ca,DEFAULT,false,__stdcall,1,0,,0,0,0,0,application,recovered
0x000b89cc,70,FUN_000b89cc,DEFAULT,false,__stdcall,1,0,,23,0,1,0,application,recovered
0x000b8a12,38,FUN_000b8a12,DEFAULT,false,__stdcall,1,0,,2,0,1,0,application,recovered
0x000b8a38,216,FUN_000b8a38,DEFAULT,false,__stdcall,1,1,,10,0,8,0,application,recovered
0x000b8b10,266,FUN_000b8b10,DEFAULT,false,__stdcall,1,1,,12,0,9,0,application,recovered
0x000b8c1a,472,FUN_000b8c1a,DEFAULT,false,__stdcall,1,3,,12,0,22,0,application,recovered
0x000b8df2,24,FUN_000b8df2,DEFAULT,false,__stdcall,2,4,,0,0,0,0,application,recovered
0x000b8e0a,2,FUN_000b8e0a,DEFAULT,false,__stdcall,1,0,,0,0,0,0,application,recovered
0x000b8e0c,20,FUN_000b8e0c,DEFAULT,false,__stdcall,9,0,,1,0,0,0,application,recovered
0x000b8e20,60,FUN_000b8e20,DEFAULT,false,__stdcall,1,0,,2,0,1,0,application,recovered
0x000b8e5c,60,FUN_000b8e5c,DEFAULT,false,__stdcall,1,0,,2,0,1,0,application,recovered
0x000b8e98,52,FUN_000b8e98,DEFAULT,false,__stdcall,1,0,,2,0,1,0,application,recovered
0x000b8ecc,2,FUN_000b8ecc,DEFAULT,false,__stdcall,1,0,,0,0,0,0,application,recovered
0x000b8ece,2,FUN_000b8ece,DEFAULT,false,__stdcall,1,0,,0,0,0,0,application,recovered
0x000b8ed0,128,FUN_000b8ed0,DEFAULT,false,__stdcall,2,4,,9,0,1,0,application,recovered
0x000b8f50,2,FUN_000b8f50,DEFAULT,false,__stdcall,1,0,,0,0,0,0,application,recovered
0x000b8f52,18,FUN_000b8f52,DEFAULT,false,__stdcall,1,0,,4,0,1,0,application,recovered
0x000b8f64,208,FUN_000b8f64,DEFAULT,false,__stdcall,2,2,,7,0,5,0,application,recovered
0x000b9034,2,FUN_000b9034,DEFAULT,false,__stdcall,1,0,,0,0,0,0,application,recovered
0x000b9036,30,FUN_000b9036,DEFAULT,false,__stdcall,1,1,,3,0,1,0,application,recovered
0x000b9054,92,FUN_000b9054,DEFAULT,false,__stdcall,1,1,,2,0,2,0,application,recovered
0x000b90b0,204,FUN_000b90b0,DEFAULT,false,__stdcall,1,1,,9,0,6,0,application,recovered
0x000b917c,70,FUN_000b917c,DEFAULT,false,__stdcall,1,0,,0,0,2,0,application,recovered
0x000b91c2,82,FUN_000b91c2,DEFAULT,false,__stdcall,1,2,,3,0,0,0,application,recovered
0x000b9214,76,FUN_000b9214,DEFAULT,false,__stdcall,1,1,,3,0,3,0,application,recovered
0x000b9260,116,FUN_000b9260,DEFAULT,false,__stdcall,1,2,,5,0,4,0,application,recovered
0x000b92d4,238,FUN_000b92d4,DEFAULT,false,__stdcall,1,1,,13,0,4,0,application,recovered
0x000b93c2,24,FUN_000b93c2,DEFAULT,false,__stdcall,1,4,,0,0,0,0,application,recovered
0x000b93da,154,FUN_000b93da,DEFAULT,false,__stdcall,1,0,,13,0,4,0,application,recovered
0x000b9474,138,FUN_000b9474,DEFAULT,false,__stdcall,1,1,,8,0,5,0,application,recovered
0x000b94fe,84,FUN_000b94fe,DEFAULT,false,__stdcall,1,0,,6,0,0,0,application,recovered
0x000b9552,272,FUN_000b9552,DEFAULT,false,__stdcall,1,5,,13,0,8,0,application,recovered
0x000b9662,48,FUN_000b9662,DEFAULT,false,__stdcall,2,6,,1,0,0,0,application,recovered
0x000b9692,2,FUN_000b9692,DEFAULT,false,__stdcall,1,0,,0,0,0,0,application,recovered
0x000b9694,24,FUN_000b9694,DEFAULT,false,__stdcall,1,0,,5,0,1,0,application,recovered
0x000b96ac,290,FUN_000b96ac,DEFAULT,false,__stdcall,2,6,,9,0,5,0,application,recovered
0x000b97ce,2,FUN_000b97ce,DEFAULT,false,__stdcall,1,0,,0,0,0,0,application,recovered
0x000b97d0,28,FUN_000b97d0,DEFAULT,false,__stdcall,1,0,,4,0,2,0,application,recovered
0x000b97ec,130,FUN_000b97ec,DEFAULT,false,__stdcall,2,0,,9,0,4,0,application,recovered
0x000b986e,6,FUN_000b986e,DEFAULT,false,__stdcall,1,0,,1,0,0,0,application,recovered
0x000b9874,2,FUN_000b9874,DEFAULT,false,__stdcall,1,0,,0,0,0,0,application,recovered
0x000b9876,70,FUN_000b9876,DEFAULT,false,__stdcall,1,0,,16,0,5,0,application,recovered
0x000b98bc,1040,motor_rotor_observer_calib_handler,USER_DEFINED,false,__stdcall,2,6,,24,0,25,0,application,annotated
0x000b9ccc,6,FUN_000b9ccc,DEFAULT,false,__stdcall,1,0,,1,0,0,0,application,recovered
0x000b9cd2,2,FUN_000b9cd2,DEFAULT,false,__stdcall,1,0,,0,0,0,0,application,recovered
0x000b9cd4,2,FUN_000b9cd4,DEFAULT,false,__stdcall,1,0,,0,0,0,0,application,recovered
0x000b9cd6,72,FUN_000b9cd6,DEFAULT,false,__stdcall,2,2,,5,0,0,0,application,recovered
0x000b9d1e,2,FUN_000b9d1e,DEFAULT,false,__stdcall,1,0,,0,0,0,0,application,recovered
0x000b9d20,22,FUN_000b9d20,DEFAULT,false,__stdcall,1,0,,8,0,0,0,application,recovered
0x000b9d36,350,FUN_000b9d36,DEFAULT,false,__stdcall,2,3,,15,0,9,0,application,recovered
0x000b9e94,2,FUN_000b9e94,DEFAULT,false,__stdcall,1,0,,0,0,0,0,application,recovered
0x000b9e96,16,FUN_000b9e96,DEFAULT,false,__stdcall,1,0,,5,0,0,0,application,recovered
0x000b9ea6,364,FUN_000b9ea6,DEFAULT,false,__stdcall,2,4,,14,0,10,0,application,recovered
0x000ba012,6,FUN_000ba012,DEFAULT,false,__stdcall,1,0,,1,0,0,0,application,recovered
0x000ba018,12,FUN_000ba018,DEFAULT,false,__stdcall,1,1,,0,0,0,0,application,recovered
0x000ba024,12,FUN_000ba024,DEFAULT,false,__stdcall,1,1,,0,0,0,0,application,recovered
0x000ba030,18,FUN_000ba030,DEFAULT,false,__stdcall,1,0,,2,0,0,0,application,recovered
0x000ba042,126,FUN_000ba042,DEFAULT,false,__stdcall,1,0,,16,0,0,0,application,recovered
0x000ba0c0,32,FUN_000ba0c0,DEFAULT,false,__stdcall,1,1,,2,0,0,0,application,recovered
0x000ba0e0,90,FUN_000ba0e0,DEFAULT,false,__stdcall,1,0,,26,0,0,0,application,recovered
0x000ba13a,28,FUN_000ba13a,DEFAULT,false,__stdcall,2,5,,0,0,0,0,application,recovered
0x000ba166,12,FUN_000ba166,DEFAULT,false,__stdcall,1,1,,0,0,0,0,application,recovered
0x000ba172,12,FUN_000ba172,DEFAULT,false,__stdcall,1,1,,0,0,0,0,application,recovered
0x000ba17e,306,FUN_000ba17e,DEFAULT,false,__stdcall,1,2,,28,0,0,0,application,recovered
0x000ba2b0,298,FUN_000ba2b0,DEFAULT,false,__stdcall,1,0,,92,0,0,0,application,recovered
0x000ba3da,20,FUN_000ba3da,DEFAULT,false,__stdcall,2,3,,0,0,0,0,application,recovered
0x000ba3ee,12,FUN_000ba3ee,DEFAULT,false,__stdcall,1,1,,0,0,0,0,application,recovered
0x000ba3fa,20,FUN_000ba3fa,DEFAULT,false,__stdcall,1,1,,2,0,0,0,application,recovered
0x000ba40e,44,FUN_000ba40e,DEFAULT,false,__stdcall,1,1,,1,0,0,0,application,recovered
0x000ba43a,2732,system_mode_telemetry_snapshot,USER_DEFINED,false,__stdcall,2,6,,612,0,1,0,application,annotated
0x000baee6,80,FUN_000baee6,DEFAULT,false,__stdcall,1,2,,5,0,2,0,application,recovered
0x000baf36,16,FUN_000baf36,DEFAULT,false,__stdcall,1,1,,1,0,0,0,application,recovered
0x000baf46,60,FUN_000baf46,DEFAULT,false,__stdcall,1,2,,5,0,0,0,application,recovered
0x000baf82,48,FUN_000baf82,DEFAULT,false,__stdcall,1,1,,4,0,0,0,application,recovered
0x000bafb2,240,FUN_000bafb2,DEFAULT,false,__stdcall,3,2,,35,0,0,0,application,recovered
0x000bb0a2,366,FUN_000bb0a2,DEFAULT,false,__stdcall,1,1,,36,0,2,0,application,recovered
0x000bb210,16,FUN_000bb210,DEFAULT,false,__stdcall,1,2,,0,0,0,0,application,recovered
0x000bb220,12,FUN_000bb220,DEFAULT,false,__stdcall,1,1,,0,0,0,0,application,recovered
0x000bb22c,18,FUN_000bb22c,DEFAULT,false,__stdcall,5,1,,0,0,0,0,application,recovered
0x000bb23e,14,FUN_000bb23e,DEFAULT,false,__stdcall,3,1,,0,0,0,0,application,recovered
0x000bb24c,2,FUN_000bb24c,DEFAULT,false,__stdcall,1,0,,0,0,0,0,application,recovered
0x000bb24e,2,FUN_000bb24e,DEFAULT,false,__stdcall,1,0,,0,0,0,0,application,recovered
0x000bb250,2,FUN_000bb250,DEFAULT,false,__stdcall,2,0,,0,0,0,0,application,recovered
0x000bb252,2,FUN_000bb252,DEFAULT,false,__stdcall,1,0,,0,0,0,0,application,recovered
0x000bb254,2,FUN_000bb254,DEFAULT,false,__stdcall,1,0,,0,0,0,0,application,recovered
0x000bb256,6,FUN_000bb256,DEFAULT,false,__stdcall,2,0,,1,0,0,0,application,recovered
0x000bb25c,2,FUN_000bb25c,DEFAULT,false,__stdcall,1,0,,0,0,0,0,application,recovered
0x000bb25e,2,FUN_000bb25e,DEFAULT,false,__stdcall,1,0,,0,0,0,0,application,recovered
0x000bb260,14,FUN_000bb260,DEFAULT,false,__stdcall,2,0,,4,0,0,0,application,recovered
0x000bb26e,2,FUN_000bb26e,DEFAULT,false,__stdcall,1,0,,0,0,0,0,application,recovered
0x000bb270,22,FUN_000bb270,DEFAULT,false,__stdcall,1,0,,8,0,0,0,application,recovered
0x000bb286,34,FUN_000bb286,DEFAULT,false,__stdcall,1,1,,2,0,0,0,application,recovered
0x000bb2a8,216,FUN_000bb2a8,DEFAULT,false,__stdcall,2,1,,11,0,3,0,application,recovered
0x000bb3c6,34,FUN_000bb3c6,DEFAULT,false,__stdcall,1,1,,2,0,0,0,application,recovered
0x000bb3e8,2,FUN_000bb3e8,DEFAULT,false,__stdcall,1,0,,0,0,0,0,application,recovered
0x000bb3ea,152,FUN_000bb3ea,DEFAULT,false,__stdcall,1,1,,12,0,2,0,application,recovered
0x000bb482,92,FUN_000bb482,DEFAULT,false,__stdcall,1,1,,12,0,0,0,application,recovered
0x000bb4de,270,FUN_000bb4de,DEFAULT,false,__stdcall,2,1,,27,0,3,0,application,recovered
0x000bb5ec,90,FUN_000bb5ec,DEFAULT,false,__stdcall,1,1,,12,0,0,0,application,recovered
0x000bb646,2,FUN_000bb646,DEFAULT,false,__stdcall,1,0,,0,0,0,0,application,recovered
0x000bb648,2,FUN_000bb648,DEFAULT,false,__stdcall,1,0,,0,0,0,0,application,recovered
0x000bb64a,2,FUN_000bb64a,DEFAULT,false,__stdcall,2,0,,0,0,0,0,application,recovered
0x000bb64c,34,FUN_000bb64c,DEFAULT,false,__stdcall,1,3,,0,0,0,0,application,recovered
0x000bb66e,2,FUN_000bb66e,DEFAULT,false,__stdcall,1,0,,0,0,0,0,application,recovered
0x000bb670,2,FUN_000bb670,DEFAULT,false,__stdcall,1,0,,0,0,0,0,application,recovered
0x000bb672,2,FUN_000bb672,DEFAULT,false,__stdcall,2,0,,0,0,0,0,application,recovered
0x000bb674,190,FUN_000bb674,DEFAULT,false,__stdcall,1,0,,28,0,0,0,application,recovered
0x000bb732,2,FUN_000bb732,DEFAULT,false,__stdcall,1,0,,0,0,0,0,application,recovered
0x000bb734,2,FUN_000bb734,DEFAULT,false,__stdcall,1,0,,0,0,0,0,application,recovered
0x000bb736,2,FUN_000bb736,DEFAULT,false,__stdcall,2,0,,0,0,0,0,application,recovered
0x000bb738,190,FUN_000bb738,DEFAULT,false,__stdcall,1,0,,28,0,0,0,application,recovered
0x000bb7f6,2,FUN_000bb7f6,DEFAULT,false,__stdcall,1,0,,0,0,0,0,application,recovered
0x000bb7f8,2,FUN_000bb7f8,DEFAULT,false,__stdcall,1,0,,0,0,0,0,application,recovered
0x000bb7fa,2,FUN_000bb7fa,DEFAULT,false,__stdcall,2,0,,0,0,0,0,application,recovered
0x000bb7fc,190,FUN_000bb7fc,DEFAULT,false,__stdcall,1,0,,28,0,0,0,application,recovered
0x000bb8ba,2,FUN_000bb8ba,DEFAULT,false,__stdcall,1,0,,0,0,0,0,application,recovered
0x000bb8bc,2,FUN_000bb8bc,DEFAULT,false,__stdcall,1,0,,0,0,0,0,application,recovered
0x000bb8be,2,FUN_000bb8be,DEFAULT,false,__stdcall,2,0,,0,0,0,0,application,recovered
0x000bb8c0,24,FUN_000bb8c0,DEFAULT,false,__stdcall,1,2,,0,0,0,0,application,recovered
0x000bb8d8,2,FUN_000bb8d8,DEFAULT,false,__stdcall,1,0,,0,0,0,0,application,recovered
0x000bb8da,2,FUN_000bb8da,DEFAULT,false,__stdcall,1,0,,0,0,0,0,application,recovered
0x000bb8dc,2,FUN_000bb8dc,DEFAULT,false,__stdcall,2,0,,0,0,0,0,application,recovered
0x000bb8de,114,FUN_000bb8de,DEFAULT,false,__stdcall,1,0,,16,0,0,0,application,recovered
0x000bb950,2,FUN_000bb950,DEFAULT,false,__stdcall,1,0,,0,0,0,0,application,recovered
0x000bb952,2,FUN_000bb952,DEFAULT,false,__stdcall,1,0,,0,0,0,0,application,recovered
0x000bb954,2,FUN_000bb954,DEFAULT,false,__stdcall,2,0,,0,0,0,0,application,recovered
0x000bb956,114,FUN_000bb956,DEFAULT,false,__stdcall,1,0,,16,0,0,0,application,recovered
0x000bb9c8,2,FUN_000bb9c8,DEFAULT,false,__stdcall,1,0,,0,0,0,0,application,recovered
0x000bb9ca,2,FUN_000bb9ca,DEFAULT,false,__stdcall,1,0,,0,0,0,0,application,recovered
0x000bb9cc,30,FUN_000bb9cc,DEFAULT,false,__stdcall,2,0,,4,0,0,0,application,recovered
0x000bb9ea,2,FUN_000bb9ea,DEFAULT,false,__stdcall,1,0,,0,0,0,0,application,recovered
0x000bb9ec,2,FUN_000bb9ec,DEFAULT,false,__stdcall,1,0,,0,0,0,0,application,recovered
0x000bb9ee,100,FUN_000bb9ee,DEFAULT,false,__stdcall,2,1,,12,0,0,0,application,recovered
0x000bba52,2,FUN_000bba52,DEFAULT,false,__stdcall,1,0,,0,0,0,0,application,recovered
0x000bba54,56,FUN_000bba54,DEFAULT,false,__stdcall,1,1,,2,0,2,0,application,recovered
0x000bba8c,118,FUN_000bba8c,DEFAULT,false,__stdcall,1,0,,8,0,0,0,application,recovered
0x000bbb02,106,FUN_000bbb02,DEFAULT,false,__stdcall,1,0,,8,0,0,0,application,recovered
0x000bbb6c,30,FUN_000bbb6c,DEFAULT,false,__stdcall,1,0,,0,0,0,0,application,recovered
0x000bbb8a,232,FUN_000bbb8a,DEFAULT,false,__stdcall,1,1,,16,0,0,0,application,recovered
0x000bbc72,82,FUN_000bbc72,DEFAULT,false,__stdcall,2,3,,3,0,0,0,application,recovered
0x000bbcc4,36,FUN_000bbcc4,DEFAULT,false,__stdcall,1,1,,2,0,0,0,application,recovered
0x000bbce8,2,FUN_000bbce8,DEFAULT,false,__stdcall,1,0,,0,0,0,0,application,recovered
0x000bbcea,58,FUN_000bbcea,DEFAULT,false,__stdcall,1,1,,8,0,0,0,application,recovered
0x000bbd24,132,FUN_000bbd24,DEFAULT,false,__stdcall,1,3,,6,0,3,0,application,recovered
0x000bbda8,50,FUN_000bbda8,DEFAULT,false,__stdcall,1,0,,5,0,0,0,application,recovered
0x000bbdda,102,FUN_000bbdda,DEFAULT,false,__stdcall,1,0,,8,0,0,0,application,recovered
0x000bbe40,28,FUN_000bbe40,DEFAULT,false,__stdcall,2,3,,2,0,0,0,application,recovered
0x000bbe5c,2,FUN_000bbe5c,DEFAULT,false,__stdcall,1,0,,0,0,0,0,application,recovered
0x000bbe5e,2,FUN_000bbe5e,DEFAULT,false,__stdcall,1,0,,0,0,0,0,application,recovered
0x000bbe60,20,FUN_000bbe60,DEFAULT,false,__stdcall,1,0,,2,0,0,0,application,recovered
0x000bbe74,78,FUN_000bbe74,DEFAULT,false,__stdcall,1,0,,6,0,0,0,application,recovered
0x000bbec2,16,FUN_000bbec2,DEFAULT,false,__stdcall,2,2,,0,0,0,0,application,recovered
0x000bbed2,2,FUN_000bbed2,DEFAULT,false,__stdcall,1,0,,0,0,0,0,application,recovered
0x000bbed4,2,FUN_000bbed4,DEFAULT,false,__stdcall,1,0,,0,0,0,0,application,recovered
0x000bbed6,52,FUN_000bbed6,DEFAULT,false,__stdcall,2,1,,5,0,0,0,application,recovered
0x000bbf0a,2,FUN_000bbf0a,DEFAULT,false,__stdcall,1,0,,0,0,0,0,application,recovered
0x000bbf0c,2,FUN_000bbf0c,DEFAULT,false,__stdcall,1,0,,0,0,0,0,application,recovered
0x000bbf0e,462,FUN_000bbf0e,DEFAULT,false,__stdcall,2,1,,19,0,3,0,application,recovered
0x000bc0dc,24,FUN_000bc0dc,DEFAULT,false,__stdcall,2,0,,4,0,0,0,application,recovered
0x000bc0f4,24,FUN_000bc0f4,DEFAULT,false,__stdcall,2,0,,4,0,0,0,application,recovered
0x000bc10c,16,FUN_000bc10c,DEFAULT,false,__stdcall,1,2,,0,0,0,0,application,recovered
0x000bc11c,2,FUN_000bc11c,DEFAULT,false,__stdcall,1,0,,0,0,0,0,application,recovered
0x000bc11e,78,FUN_000bc11e,DEFAULT,false,__stdcall,1,0,,7,0,1,0,application,recovered
0x000bc16c,86,FUN_000bc16c,DEFAULT,false,__stdcall,1,0,,7,0,1,0,application,recovered
0x000bc1c2,78,FUN_000bc1c2,DEFAULT,false,__stdcall,1,0,,6,0,1,0,application,recovered
0x000bc210,78,FUN_000bc210,DEFAULT,false,__stdcall,1,0,,6,0,1,0,application,recovered
0x000bc25e,78,FUN_000bc25e,DEFAULT,false,__stdcall,1,0,,6,0,1,0,application,recovered
0x000bc2ac,86,FUN_000bc2ac,DEFAULT,false,__stdcall,1,0,,7,0,1,0,application,recovered
0x000bc302,78,FUN_000bc302,DEFAULT,false,__stdcall,1,0,,6,0,1,0,application,recovered
0x000bc350,70,FUN_000bc350,DEFAULT,false,__stdcall,1,0,,5,0,1,0,application,recovered
0x000bc396,20,FUN_000bc396,DEFAULT,false,__stdcall,1,3,,0,0,0,0,application,recovered
0x000bc3aa,10,FUN_000bc3aa,DEFAULT,false,__stdcall,1,0,,2,0,0,0,application,recovered
0x000bc3b4,86,FUN_000bc3b4,DEFAULT,false,__stdcall,1,0,,7,0,1,0,application,recovered
0x000bc40a,6,FUN_000bc40a,DEFAULT,false,__stdcall,1,0,,1,0,0,0,application,recovered
0x000bc410,76,FUN_000bc410,DEFAULT,false,__stdcall,2,11,,1,0,1,0,application,recovered
0x000bc45c,2,FUN_000bc45c,DEFAULT,false,__stdcall,1,0,,0,0,0,0,application,recovered
0x000bc45e,2,FUN_000bc45e,DEFAULT,false,__stdcall,1,0,,0,0,0,0,application,recovered
0x000bc460,36,FUN_000bc460,DEFAULT,false,__stdcall,1,0,,4,0,0,0,application,recovered
0x000bc484,156,FUN_000bc484,DEFAULT,false,__stdcall,1,1,,11,0,0,0,application,recovered
0x000bc520,16,FUN_000bc520,DEFAULT,false,__stdcall,2,2,,0,0,0,0,application,recovered
0x000bc530,2,FUN_000bc530,DEFAULT,false,__stdcall,1,0,,0,0,0,0,application,recovered
0x000bc532,34,FUN_000bc532,DEFAULT,false,__stdcall,1,0,,7,0,0,0,application,recovered
0x000bc554,104,FUN_000bc554,DEFAULT,false,__stdcall,1,1,,5,0,2,0,application,recovered
0x000bc5bc,228,FUN_000bc5bc,DEFAULT,false,__stdcall,1,3,,8,0,6,0,application,recovered
0x000bc6a0,16,FUN_000bc6a0,DEFAULT,false,__stdcall,2,2,,0,0,0,0,application,recovered
0x000bc6b0,2,FUN_000bc6b0,DEFAULT,false,__stdcall,1,0,,0,0,0,0,application,recovered
0x000bc6b2,28,FUN_000bc6b2,DEFAULT,false,__stdcall,1,0,,3,0,0,0,application,recovered
0x000bc6ce,66,FUN_000bc6ce,DEFAULT,false,__stdcall,2,0,,4,0,0,0,application,recovered
0x000bc710,14,FUN_000bc710,DEFAULT,false,__stdcall,1,0,,1,0,0,0,application,recovered
0x000bc71e,10,FUN_000bc71e,DEFAULT,false,__stdcall,1,0,,1,0,0,0,application,recovered
0x000bc728,2,FUN_000bc728,DEFAULT,false,__stdcall,1,0,,0,0,0,0,application,recovered
0x000bc72a,2,FUN_000bc72a,DEFAULT,false,__stdcall,1,0,,0,0,0,0,application,recovered
0x000bc72c,54,FUN_000bc72c,DEFAULT,false,__stdcall,2,1,,5,0,0,0,application,recovered
0x000bc762,2,FUN_000bc762,DEFAULT,false,__stdcall,1,0,,0,0,0,0,application,recovered
0x000bc764,2,FUN_000bc764,DEFAULT,false,__stdcall,1,0,,0,0,0,0,application,recovered
0x000bc766,208,FUN_000bc766,DEFAULT,false,__stdcall,2,1,,14,0,4,0,application,recovered
0x000bc836,2,FUN_000bc836,DEFAULT,false,__stdcall,1,0,,0,0,0,0,application,recovered
0x000bc838,2,FUN_000bc838,DEFAULT,false,__stdcall,1,0,,0,0,0,0,application,recovered
0x000bc83a,66,FUN_000bc83a,DEFAULT,false,__stdcall,1,0,,1,0,2,0,application,recovered
0x000bc87c,158,FUN_000bc87c,DEFAULT,false,__stdcall,1,1,,6,0,2,0,application,recovered
0x000bc91a,168,FUN_000bc91a,DEFAULT,false,__stdcall,1,2,,10,0,2,0,application,recovered
0x000bc9c2,22,FUN_000bc9c2,DEFAULT,false,__stdcall,2,1,,1,0,0,0,application,recovered
0x000bc9d8,2,FUN_000bc9d8,DEFAULT,false,__stdcall,1,0,,0,0,0,0,application,recovered
0x000bc9da,2,FUN_000bc9da,DEFAULT,false,__stdcall,1,0,,0,0,0,0,application,recovered
0x000bc9dc,76,FUN_000bc9dc,DEFAULT,false,__stdcall,1,1,,2,0,3,0,application,recovered
0x000bca28,76,FUN_000bca28,DEFAULT,false,__stdcall,1,0,,4,0,1,0,application,recovered
0x000bca74,16,FUN_000bca74,DEFAULT,false,__stdcall,2,2,,0,0,0,0,application,recovered
0x000bca84,2,FUN_000bca84,DEFAULT,false,__stdcall,1,0,,0,0,0,0,application,recovered
0x000bca88,66,FUN_000bca88,DEFAULT,false,__stdcall,2,0,,20,0,0,0,application,recovered
0x000bcaca,2,FUN_000bcaca,DEFAULT,false,__stdcall,1,0,,0,0,0,0,application,recovered
0x000bcace,104,FUN_000bcace,DEFAULT,false,__stdcall,2,0,,31,0,0,0,application,recovered
0x000bcb36,2,FUN_000bcb36,DEFAULT,false,__stdcall,1,0,,0,0,0,0,application,recovered
0x000bcb3a,1396,application_input_snapshot_update,USER_DEFINED,false,__stdcall,2,0,,400,0,10,0,application,annotated
0x000bd0ae,2,FUN_000bd0ae,DEFAULT,false,__stdcall,1,0,,0,0,0,0,application,recovered
0x000bd0b2,92,FUN_000bd0b2,DEFAULT,false,__stdcall,1,0,,31,0,0,0,application,recovered
0x000bd10e,5404,eps_subsystem_init_orchestrator,USER_DEFINED,false,__stdcall,1,101,,1743,0,9,0,application,annotated
0x000be62a,96,FUN_000be62a,DEFAULT,false,__stdcall,1,0,,30,0,0,0,application,recovered
0x000be68a,96,FUN_000be68a,DEFAULT,false,__stdcall,1,0,,30,0,0,0,application,recovered
0x000be6ea,186,FUN_000be6ea,DEFAULT,false,__stdcall,1,0,,56,0,0,0,application,recovered
0x000be7a4,96,FUN_000be7a4,DEFAULT,false,__stdcall,1,0,,30,0,0,0,application,recovered
0x000be804,226,FUN_000be804,DEFAULT,false,__stdcall,1,0,,66,0,0,0,application,recovered
0x000be8e6,404,FUN_000be8e6,DEFAULT,false,__stdcall,1,0,,122,0,0,0,application,recovered
0x000bea7a,134,FUN_000bea7a,DEFAULT,false,__stdcall,1,13,,0,0,0,0,application,recovered
0x000beb00,68,FUN_000beb00,DEFAULT,false,__stdcall,1,7,,0,0,0,0,application,recovered
0x000beb44,178,FUN_000beb44,DEFAULT,false,__stdcall,1,17,,0,0,0,0,application,recovered
0x000bebf6,86,FUN_000bebf6,DEFAULT,false,__stdcall,1,9,,0,0,0,0,application,recovered
0x000bec4c,1330,system_mode_per_tick_dispatcher,USER_DEFINED,false,__stdcall,1,159,,0,0,0,0,application,annotated
0x000bf17e,504,FUN_000bf17e,DEFAULT,false,__stdcall,1,80,,0,0,0,0,application,recovered
0x000bf376,66,FUN_000bf376,DEFAULT,false,__stdcall,1,0,,13,0,2,0,application,recovered
0x000bf3b8,150,FUN_000bf3b8,DEFAULT,false,__stdcall,1,0,,4,0,9,0,application,recovered
0x000bf44e,434,FUN_000bf44e,DEFAULT,false,__stdcall,1,0,,0,0,1,0,application,recovered
0x000bf600,194,FUN_000bf600,DEFAULT,false,__stdcall,1,3,,12,0,6,0,application,recovered
0x000bf6c2,70,FUN_000bf6c2,DEFAULT,false,__stdcall,1,0,,7,0,2,0,application,recovered
0x000bf708,40,FUN_000bf708,DEFAULT,false,__stdcall,1,0,,9,0,0,0,application,recovered
0x000bf730,32,FUN_000bf730,DEFAULT,false,__stdcall,1,0,,0,0,0,0,application,recovered
0x000bf750,128,FUN_000bf750,DEFAULT,false,__stdcall,1,1,,20,0,0,0,application,recovered
0x000bf7d0,222,FUN_000bf7d0,DEFAULT,false,__stdcall,1,0,,53,0,0,0,application,recovered
0x000bf8ae,22,FUN_000bf8ae,DEFAULT,false,__stdcall,1,0,,5,0,0,0,application,recovered
0x000bf8c4,166,FUN_000bf8c4,DEFAULT,false,__stdcall,1,0,,21,0,0,0,application,recovered
0x000bf96a,86,FUN_000bf96a,DEFAULT,false,__stdcall,1,0,,11,0,0,0,application,recovered
0x000bf9c0,82,FUN_000bf9c0,DEFAULT,false,__stdcall,1,0,,10,0,0,0,application,recovered
0x000bfa12,52,FUN_000bfa12,DEFAULT,false,__stdcall,1,0,,6,0,0,0,application,recovered
0x000bfa46,44,FUN_000bfa46,DEFAULT,false,__stdcall,1,0,,5,0,0,0,application,recovered
0x000bfa72,48,FUN_000bfa72,DEFAULT,false,__stdcall,1,0,,6,0,0,0,application,recovered
0x000bfaa2,26,FUN_000bfaa2,DEFAULT,false,__stdcall,1,0,,3,0,0,0,application,recovered
0x000bfabc,58,FUN_000bfabc,DEFAULT,false,__stdcall,1,0,,5,0,0,0,application,recovered
0x000bfaf6,26,FUN_000bfaf6,DEFAULT,false,__stdcall,1,0,,3,0,0,0,application,recovered
0x000bfb10,20,FUN_000bfb10,DEFAULT,false,__stdcall,1,3,,0,0,0,0,application,recovered
0x000bfb24,96,FUN_000bfb24,DEFAULT,false,__stdcall,1,0,,6,0,0,0,application,recovered
0x000bfb84,36,FUN_000bfb84,DEFAULT,false,__stdcall,1,7,,0,0,0,0,application,recovered
0x000bfba8,282,FUN_000bfba8,DEFAULT,false,__stdcall,1,0,,21,0,3,0,application,recovered
0x000bfcc2,106,FUN_000bfcc2,DEFAULT,false,__stdcall,1,0,,7,0,0,0,application,recovered
0x000bfd2c,24,FUN_000bfd2c,DEFAULT,false,__stdcall,1,4,,0,0,0,0,application,recovered
0x000bfd44,20,FUN_000bfd44,DEFAULT,false,__stdcall,1,0,,4,0,0,0,application,recovered
0x000bfd58,78,FUN_000bfd58,DEFAULT,false,__stdcall,1,0,,4,0,1,0,application,recovered
0x000bfda6,16,FUN_000bfda6,DEFAULT,false,__stdcall,1,2,,0,0,0,0,application,recovered
0x000bfdb6,214,FUN_000bfdb6,DEFAULT,false,__stdcall,1,2,,38,0,1,0,application,recovered
0x000bfe8c,102,FUN_000bfe8c,DEFAULT,false,__stdcall,1,2,,19,0,1,0,application,recovered
0x000bfef2,78,FUN_000bfef2,DEFAULT,false,__stdcall,1,0,,18,0,0,0,application,recovered
0x000bff40,194,FUN_000bff40,DEFAULT,false,__stdcall,1,0,,13,0,3,0,application,recovered
0x000c0002,194,FUN_000c0002,DEFAULT,false,__stdcall,1,0,,13,0,3,0,application,recovered
0x000c00c4,212,FUN_000c00c4,DEFAULT,false,__stdcall,1,2,,17,0,2,0,application,recovered
0x000c0198,20,FUN_000c0198,DEFAULT,false,__stdcall,1,3,,0,0,0,0,application,recovered
0x000c01ac,72,FUN_000c01ac,DEFAULT,false,__stdcall,1,2,,12,0,1,0,application,recovered
0x000c01f4,202,FUN_000c01f4,DEFAULT,false,__stdcall,1,3,,18,0,4,0,application,recovered
0x000c02be,24,FUN_000c02be,DEFAULT,false,__stdcall,1,1,,3,0,0,0,application,recovered
0x000c02d6,176,FUN_000c02d6,DEFAULT,false,__stdcall,1,2,,14,0,3,0,application,recovered
0x000c0386,28,FUN_000c0386,DEFAULT,false,__stdcall,2,1,,4,0,0,0,application,recovered
0x000c03a2,54,FUN_000c03a2,DEFAULT,false,__stdcall,1,2,,5,0,0,0,application,recovered
0x000c03d8,98,FUN_000c03d8,DEFAULT,false,__stdcall,1,1,,7,0,3,0,application,recovered
0x000c043a,120,FUN_000c043a,DEFAULT,false,__stdcall,1,3,,11,0,2,0,application,recovered
0x000c04b2,2,FUN_000c04b2,DEFAULT,false,__stdcall,1,0,,0,0,0,0,application,recovered
0x000c04b4,26,FUN_000c04b4,DEFAULT,false,__stdcall,1,0,,6,0,0,0,application,recovered
0x000c04ce,166,FUN_000c04ce,DEFAULT,false,__stdcall,1,2,,10,0,1,0,application,recovered
0x000c0574,142,FUN_000c0574,DEFAULT,false,__stdcall,1,0,,35,0,0,0,application,recovered
0x000c0602,328,FUN_000c0602,DEFAULT,false,__stdcall,1,2,,19,0,10,0,application,recovered
0x000c074a,52,FUN_000c074a,DEFAULT,false,__stdcall,1,1,,5,0,0,0,application,recovered
0x000c077e,124,FUN_000c077e,DEFAULT,false,__stdcall,1,0,,6,0,2,0,application,recovered
0x000c07fa,212,FUN_000c07fa,DEFAULT,false,__stdcall,1,3,,14,0,2,0,application,recovered
0x000c08ce,62,FUN_000c08ce,DEFAULT,false,__stdcall,1,1,,2,0,1,0,application,recovered
0x000c090c,242,FUN_000c090c,DEFAULT,false,__stdcall,1,1,,14,0,2,0,application,recovered
0x000c09fe,72,FUN_000c09fe,DEFAULT,false,__stdcall,1,2,,4,0,0,0,application,recovered
0x000c0a46,84,FUN_000c0a46,DEFAULT,false,__stdcall,1,1,,5,0,2,0,application,recovered
0x000c0a9a,82,FUN_000c0a9a,DEFAULT,false,__stdcall,1,1,,5,0,2,0,application,recovered
0x000c0aec,82,FUN_000c0aec,DEFAULT,false,__stdcall,1,1,,5,0,2,0,application,recovered
0x000c0b3e,172,FUN_000c0b3e,DEFAULT,false,__stdcall,1,4,,14,0,1,0,application,recovered
0x000c0bea,122,FUN_000c0bea,DEFAULT,false,__stdcall,1,5,,23,0,0,0,application,recovered
0x000c0c64,36,FUN_000c0c64,DEFAULT,false,__stdcall,1,1,,6,0,0,0,application,recovered
0x000c0c88,38,FUN_000c0c88,DEFAULT,false,__stdcall,1,0,,5,0,0,0,application,recovered
0x000c0cae,182,FUN_000c0cae,DEFAULT,false,__stdcall,1,2,,36,0,1,0,application,recovered
0x000c0d64,24,FUN_000c0d64,DEFAULT,false,__stdcall,1,4,,0,0,0,0,application,recovered
0x000c0d7c,24,FUN_000c0d7c,DEFAULT,false,__stdcall,1,4,,0,0,0,0,application,recovered
0x000c0d94,206,FUN_000c0d94,DEFAULT,false,__stdcall,1,1,,10,0,5,0,application,recovered
0x000c0e62,88,FUN_000c0e62,DEFAULT,false,__stdcall,1,2,,6,0,2,0,application,recovered
0x000c0eba,176,FUN_000c0eba,DEFAULT,false,__stdcall,1,2,,14,0,2,0,application,recovered
0x000c0f6a,240,FUN_000c0f6a,DEFAULT,false,__stdcall,1,1,,16,0,3,0,application,recovered
0x000c105a,136,FUN_000c105a,DEFAULT,false,__stdcall,1,1,,10,0,0,0,application,recovered
0x000c10e2,40,FUN_000c10e2,DEFAULT,false,__stdcall,1,5,,1,0,0,0,application,recovered
0x000c110a,96,FUN_000c110a,DEFAULT,false,__stdcall,1,0,,7,0,5,0,application,recovered
0x000c116a,126,FUN_000c116a,DEFAULT,false,__stdcall,1,1,,11,0,1,0,application,recovered
0x000c11e8,76,FUN_000c11e8,DEFAULT,false,__stdcall,1,6,,6,0,0,0,application,recovered
0x000c1234,146,FUN_000c1234,DEFAULT,false,__stdcall,1,0,,14,0,2,0,application,recovered
0x000c12c6,62,FUN_000c12c6,DEFAULT,false,__stdcall,1,4,,4,0,1,0,application,recovered
0x000c1304,70,FUN_000c1304,DEFAULT,false,__stdcall,1,0,,17,0,0,0,application,recovered
0x000c134a,212,FUN_000c134a,DEFAULT,false,__stdcall,1,1,,8,0,4,0,application,recovered
0x000c141e,70,FUN_000c141e,DEFAULT,false,__stdcall,1,0,,16,0,0,0,application,recovered
0x000c1464,50,FUN_000c1464,DEFAULT,false,__stdcall,2,1,,4,0,1,0,application,recovered
0x000c1496,76,FUN_000c1496,DEFAULT,false,__stdcall,1,0,,9,0,1,0,application,recovered
0x000c14e2,62,FUN_000c14e2,DEFAULT,false,__stdcall,1,0,,7,0,1,0,application,recovered
0x000c1520,68,FUN_000c1520,DEFAULT,false,__stdcall,1,0,,8,0,1,0,application,recovered
0x000c1564,66,FUN_000c1564,DEFAULT,false,__stdcall,1,4,,3,0,0,0,application,recovered
0x000c15a6,190,FUN_000c15a6,DEFAULT,false,__stdcall,1,3,,3,0,2,0,application,recovered
0x000c1664,224,FUN_000c1664,DEFAULT,false,__stdcall,1,2,,29,0,2,0,application,recovered
0x000c1744,44,FUN_000c1744,DEFAULT,false,__stdcall,1,0,,8,0,1,0,application,recovered
0x000c1770,62,FUN_000c1770,DEFAULT,false,__stdcall,1,0,,4,0,2,0,application,recovered
0x000c17ae,50,FUN_000c17ae,DEFAULT,false,__stdcall,1,0,,2,0,3,0,application,recovered
0x000c17e0,42,FUN_000c17e0,DEFAULT,false,__stdcall,1,1,,0,0,1,0,application,recovered
0x000c180a,42,FUN_000c180a,DEFAULT,false,__stdcall,1,1,,0,0,1,0,application,recovered
0x000c1834,88,FUN_000c1834,DEFAULT,false,__stdcall,1,2,,4,0,1,0,application,recovered
0x000c188c,62,FUN_000c188c,DEFAULT,false,__stdcall,1,0,,5,0,0,0,application,recovered
0x000c18ca,66,FUN_000c18ca,DEFAULT,false,__stdcall,1,2,,5,0,1,0,application,recovered
0x000c190c,36,FUN_000c190c,DEFAULT,false,__stdcall,1,5,,1,0,0,0,application,recovered
0x000c1930,26,FUN_000c1930,DEFAULT,false,__stdcall,1,0,,6,0,0,0,application,recovered
0x000c194a,74,FUN_000c194a,DEFAULT,false,__stdcall,1,0,,1,0,2,0,application,recovered
0x000c1994,154,FUN_000c1994,DEFAULT,false,__stdcall,1,2,,13,0,0,0,application,recovered
0x000c1a2e,120,FUN_000c1a2e,DEFAULT,false,__stdcall,1,0,,25,0,2,0,application,recovered
0x000c1aa6,138,FUN_000c1aa6,DEFAULT,false,__stdcall,1,0,,12,0,3,0,application,recovered
0x000c1b30,162,FUN_000c1b30,DEFAULT,false,__stdcall,1,1,,12,0,3,0,application,recovered
0x000c1bd2,112,FUN_000c1bd2,DEFAULT,false,__stdcall,1,1,,8,0,2,0,application,recovered
0x000c1c42,214,FUN_000c1c42,DEFAULT,false,__stdcall,1,1,,12,0,4,0,application,recovered
0x000c1d18,270,FUN_000c1d18,DEFAULT,false,__stdcall,1,0,,12,0,4,0,application,recovered
0x000c1e26,30,FUN_000c1e26,DEFAULT,false,__stdcall,1,0,,6,0,0,0,application,recovered
0x000c1e44,200,FUN_000c1e44,DEFAULT,false,__stdcall,1,1,,8,0,9,0,application,recovered
0x000c1f0c,26,FUN_000c1f0c,DEFAULT,false,__stdcall,1,0,,2,0,0,0,application,recovered
0x000c1f26,42,FUN_000c1f26,DEFAULT,false,__stdcall,1,0,,10,0,0,0,application,recovered
0x000c1f50,60,FUN_000c1f50,DEFAULT,false,__stdcall,1,2,,4,0,1,0,application,recovered
0x000c1f8c,190,FUN_000c1f8c,DEFAULT,false,__stdcall,1,2,,10,0,3,0,application,recovered
0x000c204a,44,FUN_000c204a,DEFAULT,false,__stdcall,1,0,,4,0,2,0,application,recovered
0x000c2076,40,FUN_000c2076,DEFAULT,false,__stdcall,1,1,,3,0,1,0,application,recovered
0x000c209e,18,FUN_000c209e,DEFAULT,false,__stdcall,1,0,,4,0,0,0,application,recovered
0x000c20b0,280,FUN_000c20b0,DEFAULT,false,__stdcall,1,2,,11,0,7,0,application,recovered
0x000c21c8,154,FUN_000c21c8,DEFAULT,false,__stdcall,1,0,,13,0,0,0,application,recovered
0x000c2262,34,FUN_000c2262,DEFAULT,false,__stdcall,1,0,,4,0,0,0,application,recovered
0x000c2284,58,FUN_000c2284,DEFAULT,false,__stdcall,1,0,,10,0,0,0,application,recovered
0x000c22be,58,FUN_000c22be,DEFAULT,false,__stdcall,1,0,,4,0,0,0,application,recovered
0x000c22f8,126,FUN_000c22f8,DEFAULT,false,__stdcall,1,0,,7,0,5,0,application,recovered
0x000c2376,26,FUN_000c2376,DEFAULT,false,__stdcall,1,0,,2,0,0,0,application,recovered
0x000c2390,58,FUN_000c2390,DEFAULT,false,__stdcall,1,0,,10,0,0,0,application,recovered
0x000c23ca,58,FUN_000c23ca,DEFAULT,false,__stdcall,1,0,,4,0,0,0,application,recovered
0x000c2404,126,FUN_000c2404,DEFAULT,false,__stdcall,1,0,,7,0,5,0,application,recovered
0x000c2482,26,FUN_000c2482,DEFAULT,false,__stdcall,1,0,,2,0,0,0,application,recovered
0x000c249c,58,FUN_000c249c,DEFAULT,false,__stdcall,1,0,,10,0,0,0,application,recovered
0x000c24d6,58,FUN_000c24d6,DEFAULT,false,__stdcall,1,0,,4,0,0,0,application,recovered
0x000c2510,126,FUN_000c2510,DEFAULT,false,__stdcall,1,0,,7,0,5,0,application,recovered
0x000c258e,26,FUN_000c258e,DEFAULT,false,__stdcall,1,0,,2,0,0,0,application,recovered
0x000c25a8,26,FUN_000c25a8,DEFAULT,false,__stdcall,1,0,,6,0,0,0,application,recovered
0x000c25c2,70,FUN_000c25c2,DEFAULT,false,__stdcall,1,3,,4,0,2,0,application,recovered
0x000c2608,70,FUN_000c2608,DEFAULT,false,__stdcall,1,3,,4,0,2,0,application,recovered
0x000c264e,70,FUN_000c264e,DEFAULT,false,__stdcall,1,3,,4,0,2,0,application,recovered
0x000c2694,214,FUN_000c2694,DEFAULT,false,__stdcall,1,0,,53,0,0,0,application,recovered
0x000c276a,460,FUN_000c276a,DEFAULT,false,__stdcall,1,0,,21,0,8,0,application,recovered
0x000c2936,480,FUN_000c2936,DEFAULT,false,__stdcall,1,0,,19,0,8,0,application,recovered
0x000c2b16,138,FUN_000c2b16,DEFAULT,false,__stdcall,1,0,,10,0,4,0,application,recovered
0x000c2ba0,138,FUN_000c2ba0,DEFAULT,false,__stdcall,1,0,,10,0,4,0,application,recovered
0x000c2c2a,26,FUN_000c2c2a,DEFAULT,false,__stdcall,1,1,,2,0,1,0,application,recovered
0x000c2c44,230,FUN_000c2c44,DEFAULT,false,__stdcall,1,0,,8,0,6,0,application,recovered
0x000c2d2a,240,FUN_000c2d2a,DEFAULT,false,__stdcall,1,0,,8,0,6,0,application,recovered
0x000c2e1a,16,FUN_000c2e1a,DEFAULT,false,__stdcall,1,2,,0,0,0,0,application,recovered
0x000c2e2a,74,FUN_000c2e2a,DEFAULT,false,__stdcall,1,0,,18,0,0,0,application,recovered
0x000c2e74,104,FUN_000c2e74,DEFAULT,false,__stdcall,1,0,,9,0,0,0,application,recovered
0x000c2edc,138,FUN_000c2edc,DEFAULT,false,__stdcall,1,0,,10,0,4,0,application,recovered
0x000c2f66,230,FUN_000c2f66,DEFAULT,false,__stdcall,1,0,,8,0,6,0,application,recovered
0x000c304c,82,FUN_000c304c,DEFAULT,false,__stdcall,1,0,,20,0,0,0,application,recovered
0x000c309e,128,FUN_000c309e,DEFAULT,false,__stdcall,1,0,,13,0,4,0,application,recovered
0x000c311e,160,FUN_000c311e,DEFAULT,false,__stdcall,1,0,,9,0,3,0,application,recovered
0x000c31be,160,FUN_000c31be,DEFAULT,false,__stdcall,1,0,,9,0,3,0,application,recovered
0x000c325e,92,FUN_000c325e,DEFAULT,false,__stdcall,1,0,,4,0,3,0,application,recovered
0x000c32ba,40,FUN_000c32ba,DEFAULT,false,__stdcall,1,4,,1,0,0,0,application,recovered
0x000c32e2,30,FUN_000c32e2,DEFAULT,false,__stdcall,1,0,,6,0,0,0,application,recovered
0x000c3300,200,FUN_000c3300,DEFAULT,false,__stdcall,1,1,,8,0,9,0,application,recovered
0x000c33c8,26,FUN_000c33c8,DEFAULT,false,__stdcall,1,0,,2,0,0,0,application,recovered
0x000c33e2,142,FUN_000c33e2,DEFAULT,false,__stdcall,1,0,,27,0,3,0,application,recovered
0x000c3470,376,FUN_000c3470,DEFAULT,false,__stdcall,1,2,,13,0,13,0,application,recovered
0x000c35e8,242,FUN_000c35e8,DEFAULT,false,__stdcall,1,0,,7,0,7,0,application,recovered
0x000c36da,124,FUN_000c36da,DEFAULT,false,__stdcall,1,1,,8,0,2,0,application,recovered
0x000c3756,32,FUN_000c3756,DEFAULT,false,__stdcall,1,0,,2,0,2,0,application,recovered
0x000c3776,28,FUN_000c3776,DEFAULT,false,__stdcall,1,3,,0,0,0,0,application,recovered
0x000c3792,82,FUN_000c3792,DEFAULT,false,__stdcall,1,5,,2,0,2,0,application,recovered
0x000c37e4,234,FUN_000c37e4,DEFAULT,false,__stdcall,1,1,,10,0,6,0,application,recovered
0x000c38ce,54,FUN_000c38ce,DEFAULT,false,__stdcall,1,0,,12,0,0,0,application,recovered
0x000c3904,200,FUN_000c3904,DEFAULT,false,__stdcall,1,1,,8,0,9,0,application,recovered
0x000c39cc,142,FUN_000c39cc,DEFAULT,false,__stdcall,1,2,,8,0,4,0,application,recovered
0x000c3a5a,16,FUN_000c3a5a,DEFAULT,false,__stdcall,1,2,,0,0,0,0,application,recovered
0x000c3a6a,38,FUN_000c3a6a,DEFAULT,false,__stdcall,1,0,,4,0,0,0,application,recovered
0x000c3a90,234,FUN_000c3a90,DEFAULT,false,__stdcall,1,0,,54,0,2,0,application,recovered
0x000c3b7a,140,FUN_000c3b7a,DEFAULT,false,__stdcall,1,2,,14,0,2,0,application,recovered
0x000c3c06,58,FUN_000c3c06,DEFAULT,false,__stdcall,1,1,,6,0,0,0,application,recovered
0x000c3c40,16,FUN_000c3c40,DEFAULT,false,__stdcall,1,0,,3,0,0,0,application,recovered
0x000c3c50,30,FUN_000c3c50,DEFAULT,false,__stdcall,1,0,,2,0,1,0,application,recovered
0x000c3c6e,70,FUN_000c3c6e,DEFAULT,false,__stdcall,1,3,,4,0,2,0,application,recovered
0x000c3cb4,192,FUN_000c3cb4,DEFAULT,false,__stdcall,1,0,,8,0,5,0,application,recovered
0x000c3d74,56,FUN_000c3d74,DEFAULT,false,__stdcall,1,0,,5,0,0,0,application,recovered
0x000c3dac,102,FUN_000c3dac,DEFAULT,false,__stdcall,1,0,,6,0,4,0,application,recovered
0x000c3e12,112,FUN_000c3e12,DEFAULT,false,__stdcall,1,3,,6,0,4,0,application,recovered
0x000c3e82,26,FUN_000c3e82,DEFAULT,false,__stdcall,1,1,,2,0,1,0,application,recovered
0x000c3e9c,182,FUN_000c3e9c,DEFAULT,false,__stdcall,1,0,,5,0,8,0,application,recovered
0x000c3f52,58,FUN_000c3f52,DEFAULT,false,__stdcall,1,2,,2,0,1,0,application,recovered
0x000c3f8c,92,FUN_000c3f8c,DEFAULT,false,__stdcall,1,0,,12,0,0,0,application,recovered
0x000c3fe8,168,FUN_000c3fe8,DEFAULT,false,__stdcall,1,0,,15,0,4,0,application,recovered
0x000c4090,42,FUN_000c4090,DEFAULT,false,__stdcall,1,0,,10,0,0,0,application,recovered
0x000c40ba,82,FUN_000c40ba,DEFAULT,false,__stdcall,1,2,,4,0,2,0,application,recovered
0x000c410c,92,FUN_000c410c,DEFAULT,false,__stdcall,1,2,,7,0,2,0,application,recovered
0x000c4168,54,FUN_000c4168,DEFAULT,false,__stdcall,1,0,,5,0,2,0,application,recovered
0x000c419e,62,FUN_000c419e,DEFAULT,false,__stdcall,1,1,,4,0,2,0,application,recovered
0x000c41dc,110,FUN_000c41dc,DEFAULT,false,__stdcall,1,0,,24,0,2,0,application,recovered
0x000c424a,100,FUN_000c424a,DEFAULT,false,__stdcall,1,0,,7,0,1,0,application,recovered
0x000c42ae,252,FUN_000c42ae,DEFAULT,false,__stdcall,1,2,,11,0,5,0,application,recovered
0x000c43aa,70,FUN_000c43aa,DEFAULT,false,__stdcall,1,0,,4,0,2,0,application,recovered
0x000c43f0,252,FUN_000c43f0,DEFAULT,false,__stdcall,1,0,,8,0,7,0,application,recovered
0x000c44ec,96,FUN_000c44ec,DEFAULT,false,__stdcall,1,0,,6,0,1,0,application,recovered
0x000c454c,38,FUN_000c454c,DEFAULT,false,__stdcall,1,0,,2,0,2,0,application,recovered
0x000c4572,32,FUN_000c4572,DEFAULT,false,__stdcall,1,4,,0,0,0,0,application,recovered
0x000c4592,84,FUN_000c4592,DEFAULT,false,__stdcall,1,6,,2,0,2,0,application,recovered
0x000c45e6,40,FUN_000c45e6,DEFAULT,false,__stdcall,1,1,,3,0,1,0,application,recovered
0x000c460e,26,FUN_000c460e,DEFAULT,false,__stdcall,1,0,,5,0,0,0,application,recovered
0x000c4628,200,FUN_000c4628,DEFAULT,false,__stdcall,1,1,,8,0,9,0,application,recovered
0x000c46f0,22,FUN_000c46f0,DEFAULT,false,__stdcall,2,0,,1,0,0,0,application,recovered
0x000c4706,110,FUN_000c4706,DEFAULT,false,__stdcall,1,0,,27,0,0,0,application,recovered
0x000c4774,104,FUN_000c4774,DEFAULT,false,__stdcall,1,2,,6,0,2,0,application,recovered
0x000c47dc,104,FUN_000c47dc,DEFAULT,false,__stdcall,1,2,,6,0,2,0,application,recovered
0x000c4844,24,FUN_000c4844,DEFAULT,false,__stdcall,1,2,,1,0,0,0,application,recovered
0x000c485c,260,FUN_000c485c,DEFAULT,false,__stdcall,1,2,,15,0,4,0,application,recovered
0x000c4960,260,FUN_000c4960,DEFAULT,false,__stdcall,1,2,,15,0,4,0,application,recovered
0x000c4a64,40,FUN_000c4a64,DEFAULT,false,__stdcall,1,0,,3,0,2,0,application,recovered
0x000c4a8c,62,FUN_000c4a8c,DEFAULT,false,__stdcall,1,0,,14,0,0,0,application,recovered
0x000c4aca,200,FUN_000c4aca,DEFAULT,false,__stdcall,1,1,,8,0,9,0,application,recovered
0x000c4b92,26,FUN_000c4b92,DEFAULT,false,__stdcall,1,0,,2,0,0,0,application,recovered
0x000c4bac,200,FUN_000c4bac,DEFAULT,false,__stdcall,1,1,,8,0,9,0,application,recovered
0x000c4c74,26,FUN_000c4c74,DEFAULT,false,__stdcall,1,0,,2,0,0,0,application,recovered
0x000c4c8e,44,FUN_000c4c8e,DEFAULT,false,__stdcall,1,0,,6,0,0,0,application,recovered
0x000c4cba,38,FUN_000c4cba,DEFAULT,false,__stdcall,1,0,,9,0,0,0,application,recovered
0x000c4ce0,26,FUN_000c4ce0,DEFAULT,false,__stdcall,1,1,,2,0,1,0,application,recovered
0x000c4cfa,162,FUN_000c4cfa,DEFAULT,false,__stdcall,1,1,,8,0,3,0,application,recovered
0x000c4d9c,92,FUN_000c4d9c,DEFAULT,false,__stdcall,1,1,,7,0,1,0,application,recovered
0x000c4df8,26,FUN_000c4df8,DEFAULT,false,__stdcall,1,0,,6,0,0,0,application,recovered
0x000c4e12,26,FUN_000c4e12,DEFAULT,false,__stdcall,1,1,,2,0,1,0,application,recovered
0x000c4e2c,110,FUN_000c4e2c,DEFAULT,false,__stdcall,1,2,,8,0,3,0,application,recovered
0x000c4e9a,46,FUN_000c4e9a,DEFAULT,false,__stdcall,1,0,,11,0,0,0,application,recovered
0x000c4ec8,154,FUN_000c4ec8,DEFAULT,false,__stdcall,1,0,,5,0,3,0,application,recovered
0x000c4f62,26,FUN_000c4f62,DEFAULT,false,__stdcall,1,1,,2,0,1,0,application,recovered
0x000c4f7c,170,FUN_000c4f7c,DEFAULT,false,__stdcall,1,3,,12,0,3,0,application,recovered
0x000c5026,32,FUN_000c5026,DEFAULT,false,__stdcall,1,0,,2,0,2,0,application,recovered
0x000c5046,10,FUN_000c5046,DEFAULT,false,__stdcall,1,0,,2,0,0,0,application,recovered
0x000c5050,44,FUN_000c5050,DEFAULT,false,__stdcall,1,1,,3,0,2,0,application,recovered
0x000c507c,132,FUN_000c507c,DEFAULT,false,__stdcall,1,0,,25,0,3,0,application,recovered
0x000c5100,26,FUN_000c5100,DEFAULT,false,__stdcall,1,1,,2,0,1,0,application,recovered
0x000c511a,142,FUN_000c511a,DEFAULT,false,__stdcall,1,1,,9,0,4,0,application,recovered
0x000c51a8,234,FUN_000c51a8,DEFAULT,false,__stdcall,1,0,,7,0,7,0,application,recovered
0x000c5292,130,FUN_000c5292,DEFAULT,false,__stdcall,1,1,,8,0,2,0,application,recovered
0x000c5314,32,FUN_000c5314,DEFAULT,false,__stdcall,1,0,,2,0,2,0,application,recovered
0x000c5334,28,FUN_000c5334,DEFAULT,false,__stdcall,1,3,,0,0,0,0,application,recovered
0x000c5350,82,FUN_000c5350,DEFAULT,false,__stdcall,1,5,,2,0,2,0,application,recovered
0x000c53a2,248,FUN_000c53a2,DEFAULT,false,__stdcall,1,2,,10,0,6,0,application,recovered
0x000c549a,54,FUN_000c549a,DEFAULT,false,__stdcall,1,0,,10,0,2,0,application,recovered
0x000c54d0,198,FUN_000c54d0,DEFAULT,false,__stdcall,1,2,,15,0,5,0,application,recovered
0x000c5596,76,FUN_000c5596,DEFAULT,false,__stdcall,1,0,,14,0,1,0,application,recovered
0x000c55e2,266,FUN_000c55e2,DEFAULT,false,__stdcall,1,2,,10,0,6,0,application,recovered
0x000c56ec,28,FUN_000c56ec,DEFAULT,false,__stdcall,1,0,,2,0,0,0,application,recovered
0x000c5708,200,FUN_000c5708,DEFAULT,false,__stdcall,1,1,,8,0,9,0,application,recovered
0x000c57d0,26,FUN_000c57d0,DEFAULT,false,__stdcall,1,0,,2,0,0,0,application,recovered
0x000c57ea,118,FUN_000c57ea,DEFAULT,false,__stdcall,1,0,,28,0,0,0,application,recovered
0x000c5860,126,FUN_000c5860,DEFAULT,false,__stdcall,1,2,,7,0,2,0,application,recovered
0x000c58de,40,FUN_000c58de,DEFAULT,false,__stdcall,1,1,,3,0,1,0,application,recovered
0x000c5906,32,FUN_000c5906,DEFAULT,false,__stdcall,1,2,,2,0,1,0,application,recovered
0x000c5926,180,FUN_000c5926,DEFAULT,false,__stdcall,1,4,,15,0,3,0,application,recovered
0x000c59da,146,FUN_000c59da,DEFAULT,false,__stdcall,1,2,,7,0,5,0,application,recovered
0x000c5a6c,48,FUN_000c5a6c,DEFAULT,false,__stdcall,1,0,,4,0,0,0,application,recovered
0x000c5a9c,330,FUN_000c5a9c,DEFAULT,false,__stdcall,1,5,,14,0,10,0,application,recovered
0x000c5be6,20,FUN_000c5be6,DEFAULT,false,__stdcall,1,3,,0,0,0,0,application,recovered
0x000c5bfa,16,FUN_000c5bfa,DEFAULT,false,__stdcall,1,2,,0,0,0,0,application,recovered
0x000c5c0a,38,FUN_000c5c0a,DEFAULT,false,__stdcall,1,0,,9,0,0,0,application,recovered
0x000c5c30,176,FUN_000c5c30,DEFAULT,false,__stdcall,1,0,,5,0,4,0,application,recovered
0x000c5ce0,40,FUN_000c5ce0,DEFAULT,false,__stdcall,1,1,,3,0,1,0,application,recovered
0x000c5d08,156,FUN_000c5d08,DEFAULT,false,__stdcall,1,2,,10,0,3,0,application,recovered
0x000c5da4,38,FUN_000c5da4,DEFAULT,false,__stdcall,1,0,,2,0,1,0,application,recovered
0x000c5dca,54,FUN_000c5dca,DEFAULT,false,__stdcall,1,0,,12,0,0,0,application,recovered
0x000c5e00,200,FUN_000c5e00,DEFAULT,false,__stdcall,1,1,,8,0,9,0,application,recovered
0x000c5ec8,142,FUN_000c5ec8,DEFAULT,false,__stdcall,1,2,,8,0,4,0,application,recovered
0x000c5f56,16,FUN_000c5f56,DEFAULT,false,__stdcall,1,2,,0,0,0,0,application,recovered
0x000c5f66,44,FUN_000c5f66,DEFAULT,false,__stdcall,1,0,,4,0,0,0,application,recovered
0x000c5f92,146,FUN_000c5f92,DEFAULT,false,__stdcall,1,0,,34,0,0,0,application,recovered
0x000c6024,74,FUN_000c6024,DEFAULT,false,__stdcall,1,1,,5,0,2,0,application,recovered
0x000c606e,62,FUN_000c606e,DEFAULT,false,__stdcall,1,1,,4,0,2,0,application,recovered
0x000c60ac,98,FUN_000c60ac,DEFAULT,false,__stdcall,1,4,,4,0,3,0,application,recovered
0x000c610e,330,FUN_000c610e,DEFAULT,false,__stdcall,1,0,,22,0,4,0,application,recovered
0x000c6258,90,FUN_000c6258,DEFAULT,false,__stdcall,1,0,,6,0,3,0,application,recovered
0x000c62b2,108,FUN_000c62b2,DEFAULT,false,__stdcall,1,3,,6,0,4,0,application,recovered
0x000c631e,62,FUN_000c631e,DEFAULT,false,__stdcall,1,0,,5,0,0,0,application,recovered
0x000c635c,8,FUN_000c635c,DEFAULT,false,__stdcall,1,0,,1,0,0,0,application,recovered
0x000c6364,38,FUN_000c6364,DEFAULT,false,__stdcall,1,0,,3,0,0,0,application,recovered
0x000c638a,158,FUN_000c638a,DEFAULT,false,__stdcall,1,0,,36,0,1,0,application,recovered
0x000c6428,34,FUN_000c6428,DEFAULT,false,__stdcall,1,0,,8,0,0,0,application,recovered
0x000c644a,234,FUN_000c644a,DEFAULT,false,__stdcall,1,0,,14,0,2,0,application,recovered
0x000c6534,216,FUN_000c6534,DEFAULT,false,__stdcall,1,1,,11,0,4,0,application,recovered
0x000c660c,156,FUN_000c660c,DEFAULT,false,__stdcall,1,2,,9,0,4,0,application,recovered
0x000c66a8,430,FUN_000c66a8,DEFAULT,false,__stdcall,1,2,,18,0,10,0,application,recovered
0x000c6856,40,FUN_000c6856,DEFAULT,false,__stdcall,1,1,,3,0,1,0,application,recovered
0x000c687e,128,FUN_000c687e,DEFAULT,false,__stdcall,1,1,,8,0,3,0,application,recovered
0x000c68fe,162,FUN_000c68fe,DEFAULT,false,__stdcall,1,0,,7,0,4,0,application,recovered
0x000c69a0,40,FUN_000c69a0,DEFAULT,false,__stdcall,1,1,,3,0,1,0,application,recovered
0x000c69c8,174,FUN_000c69c8,DEFAULT,false,__stdcall,1,1,,12,0,1,0,application,recovered
0x000c6a76,46,FUN_000c6a76,DEFAULT,false,__stdcall,1,0,,11,0,0,0,application,recovered
0x000c6aa4,110,FUN_000c6aa4,DEFAULT,false,__stdcall,1,2,,6,0,2,0,application,recovered
0x000c6b12,110,FUN_000c6b12,DEFAULT,false,__stdcall,1,2,,6,0,1,0,application,recovered
0x000c6b80,108,FUN_000c6b80,DEFAULT,false,__stdcall,1,2,,5,0,2,0,application,recovered
0x000c6bec,24,FUN_000c6bec,DEFAULT,false,__stdcall,1,0,,5,0,0,0,application,recovered
0x000c6c04,14,FUN_000c6c04,DEFAULT,false,__stdcall,1,0,,3,0,0,0,application,recovered
0x000c6c12,44,FUN_000c6c12,DEFAULT,false,__stdcall,1,0,,6,0,0,0,application,recovered
0x000c6c3e,166,FUN_000c6c3e,DEFAULT,false,__stdcall,1,1,,8,0,4,0,application,recovered
0x000c6ce4,52,FUN_000c6ce4,DEFAULT,false,__stdcall,1,0,,5,0,0,0,application,recovered
0x000c6d18,26,FUN_000c6d18,DEFAULT,false,__stdcall,1,0,,6,0,0,0,application,recovered
0x000c8030,66,FUN_000c8030,DEFAULT,false,__stdcall,1,0,,16,0,0,0,application,recovered
0x000c8072,434,FUN_000c8072,DEFAULT,false,__stdcall,1,3,,21,0,9,0,application,recovered
0x000c8224,92,FUN_000c8224,DEFAULT,false,__stdcall,1,1,,5,0,2,0,application,recovered
0x000c8280,24,FUN_000c8280,DEFAULT,false,__stdcall,1,0,,3,0,0,0,application,recovered
0x000c8298,110,FUN_000c8298,DEFAULT,false,__stdcall,1,0,,25,0,0,0,application,recovered
0x000c8306,416,FUN_000c8306,DEFAULT,false,__stdcall,1,0,,22,0,4,0,application,recovered
0x000c84a6,148,FUN_000c84a6,DEFAULT,false,__stdcall,1,1,,6,0,3,0,application,recovered
0x000c853a,124,FUN_000c853a,DEFAULT,false,__stdcall,1,2,,6,0,4,0,application,recovered
0x000c85b6,218,FUN_000c85b6,DEFAULT,false,__stdcall,1,0,,8,0,4,0,application,recovered
0x000c8690,28,FUN_000c8690,DEFAULT,false,__stdcall,1,0,,3,0,0,0,application,recovered
0x000c86ac,90,FUN_000c86ac,DEFAULT,false,__stdcall,1,0,,18,0,2,0,application,recovered
0x000c8706,22,FUN_000c8706,DEFAULT,false,__stdcall,1,0,,5,0,0,0,application,recovered
0x000c871c,46,FUN_000c871c,DEFAULT,false,__stdcall,1,2,,6,0,1,0,application,recovered
0x000c874a,148,FUN_000c874a,DEFAULT,false,__stdcall,1,0,,13,0,0,0,application,recovered
0x000c87de,46,FUN_000c87de,DEFAULT,false,__stdcall,1,1,,3,0,2,0,application,recovered
0x000c880c,406,FUN_000c880c,DEFAULT,false,__stdcall,1,3,,15,0,11,0,application,recovered
0x000c89a2,82,FUN_000c89a2,DEFAULT,false,__stdcall,1,1,,5,0,2,0,application,recovered
0x000c89f4,144,FUN_000c89f4,DEFAULT,false,__stdcall,1,2,,8,0,4,0,application,recovered
0x000c8a84,40,FUN_000c8a84,DEFAULT,false,__stdcall,1,0,,3,0,2,0,application,recovered
0x000c8aac,2,FUN_000c8aac,DEFAULT,false,__stdcall,1,0,,0,0,0,0,application,recovered
0x000c8aae,2,FUN_000c8aae,DEFAULT,false,__stdcall,1,0,,0,0,0,0,application,recovered
0x000c8ab0,390,FUN_000c8ab0,DEFAULT,false,__stdcall,1,0,,94,0,0,0,application,recovered
0x000c8c36,158,FUN_000c8c36,DEFAULT,false,__stdcall,1,0,,10,0,8,0,application,recovered
0x000c8cd4,90,FUN_000c8cd4,DEFAULT,false,__stdcall,1,0,,6,0,0,0,application,recovered
0x000c8d2e,52,FUN_000c8d2e,DEFAULT,false,__stdcall,1,0,,3,0,5,0,application,recovered
0x000c8d62,102,FUN_000c8d62,DEFAULT,false,__stdcall,1,0,,9,0,0,0,application,recovered
0x000c8dc8,24,FUN_000c8dc8,DEFAULT,false,__stdcall,1,4,,0,0,0,0,application,recovered
0x000c8de0,86,FUN_000c8de0,DEFAULT,false,__stdcall,1,0,,6,0,0,0,application,recovered
0x000c8e36,62,FUN_000c8e36,DEFAULT,false,__stdcall,1,0,,3,0,1,0,application,recovered
0x000c8e74,90,FUN_000c8e74,DEFAULT,false,__stdcall,1,0,,6,0,3,0,application,recovered
0x000c8ece,54,FUN_000c8ece,DEFAULT,false,__stdcall,1,0,,4,0,3,0,application,recovered
0x000c8f04,38,FUN_000c8f04,DEFAULT,false,__stdcall,1,1,,3,0,1,0,application,recovered
0x000c8f2a,218,FUN_000c8f2a,DEFAULT,false,__stdcall,1,2,,4,0,7,0,application,recovered
0x000c9004,258,FUN_000c9004,DEFAULT,false,__stdcall,1,0,,16,0,5,0,application,recovered
0x000c9106,134,FUN_000c9106,DEFAULT,false,__stdcall,1,1,,7,0,9,0,application,recovered
0x000c918c,104,FUN_000c918c,DEFAULT,false,__stdcall,1,1,,11,0,0,0,application,recovered
0x000c91f4,156,FUN_000c91f4,DEFAULT,false,__stdcall,1,1,,11,0,1,0,application,recovered
0x000c9290,134,FUN_000c9290,DEFAULT,false,__stdcall,1,0,,10,0,3,0,application,recovered
0x000c9316,24,FUN_000c9316,DEFAULT,false,__stdcall,1,4,,0,0,0,0,application,recovered
0x000c932e,116,FUN_000c932e,DEFAULT,false,__stdcall,1,0,,4,0,4,0,application,recovered
0x000c93a2,112,FUN_000c93a2,DEFAULT,false,__stdcall,1,0,,4,0,4,0,application,recovered
0x000c9412,158,FUN_000c9412,DEFAULT,false,__stdcall,1,2,,10,0,5,0,application,recovered
0x000c94b0,32,FUN_000c94b0,DEFAULT,false,__stdcall,1,6,,0,0,0,0,application,recovered
0x000c94d0,138,FUN_000c94d0,DEFAULT,false,__stdcall,1,3,,9,0,3,0,application,recovered
0x000c955a,106,FUN_000c955a,DEFAULT,false,__stdcall,1,0,,12,0,1,0,application,recovered
0x000c95c4,68,FUN_000c95c4,DEFAULT,false,__stdcall,1,0,,16,0,0,0,application,recovered
0x000c9608,42,FUN_000c9608,DEFAULT,false,__stdcall,1,4,,2,0,0,0,application,recovered
0x000c9632,120,FUN_000c9632,DEFAULT,false,__stdcall,1,1,,8,0,4,0,application,recovered
0x000c96aa,40,FUN_000c96aa,DEFAULT,false,__stdcall,1,0,,4,0,0,0,application,recovered
0x000c96d2,188,FUN_000c96d2,DEFAULT,false,__stdcall,1,2,,16,0,2,0,application,recovered
0x000c978e,36,FUN_000c978e,DEFAULT,false,__stdcall,1,5,,2,0,0,0,application,recovered
0x000c97b2,60,FUN_000c97b2,DEFAULT,false,__stdcall,1,2,,3,0,2,0,application,recovered
0x000c97ee,38,FUN_000c97ee,DEFAULT,false,__stdcall,1,0,,9,0,0,0,application,recovered
0x000c9814,78,FUN_000c9814,DEFAULT,false,__stdcall,1,0,,5,0,1,0,application,recovered
0x000c9862,212,FUN_000c9862,DEFAULT,false,__stdcall,1,0,,20,0,1,0,application,recovered
0x000c9936,206,FUN_000c9936,DEFAULT,false,__stdcall,1,0,,18,0,2,0,application,recovered
0x000c9a04,26,FUN_000c9a04,DEFAULT,false,__stdcall,1,2,,1,0,0,0,application,recovered
0x000c9a1e,152,FUN_000c9a1e,DEFAULT,false,__stdcall,1,0,,10,0,1,0,application,recovered
0x000c9ab6,20,FUN_000c9ab6,DEFAULT,false,__stdcall,1,3,,0,0,0,0,application,recovered
0x000c9aca,66,FUN_000c9aca,DEFAULT,false,__stdcall,8,0,,2,0,0,0,application,recovered
0x000c9b0c,74,FUN_000c9b0c,DEFAULT,false,__stdcall,2,2,,1,0,0,0,application,recovered
0x000c9b56,66,FUN_000c9b56,DEFAULT,false,__stdcall,2,2,,1,0,0,0,application,recovered
0x000c9b98,52,FUN_000c9b98,DEFAULT,false,__stdcall,1,0,,12,0,0,0,application,recovered
0x000c9bcc,48,FUN_000c9bcc,DEFAULT,false,__stdcall,1,0,,6,0,0,0,application,recovered
0x000c9bfc,172,FUN_000c9bfc,DEFAULT,false,__stdcall,1,0,,15,0,0,0,application,recovered
0x000c9ca8,192,FUN_000c9ca8,DEFAULT,false,__stdcall,1,1,,13,0,4,0,application,recovered
0x000c9d68,20,FUN_000c9d68,DEFAULT,false,__stdcall,1,3,,0,0,0,0,application,recovered
0x000c9d7c,130,FUN_000c9d7c,DEFAULT,false,__stdcall,1,1,,9,0,2,0,application,recovered
0x000c9dfe,146,FUN_000c9dfe,DEFAULT,false,__stdcall,1,0,,36,0,0,0,application,recovered
0x000c9e90,24,FUN_000c9e90,DEFAULT,false,__stdcall,1,0,,3,0,0,0,application,recovered
0x000c9ea8,28,FUN_000c9ea8,DEFAULT,false,__stdcall,1,0,,3,0,0,0,application,recovered
0x000c9ec4,32,FUN_000c9ec4,DEFAULT,false,__stdcall,1,0,,4,0,0,0,application,recovered
0x000c9ee4,16,FUN_000c9ee4,DEFAULT,false,__stdcall,1,2,,0,0,0,0,application,recovered
0x000c9ef4,76,FUN_000c9ef4,DEFAULT,false,__stdcall,1,0,,4,0,2,0,application,recovered
0x000c9f40,66,FUN_000c9f40,DEFAULT,false,__stdcall,1,0,,5,0,1,0,application,recovered
0x000c9f82,108,FUN_000c9f82,DEFAULT,false,__stdcall,1,1,,7,0,3,0,application,recovered
0x000c9fee,108,FUN_000c9fee,DEFAULT,false,__stdcall,1,1,,7,0,3,0,application,recovered
0x000ca05a,38,FUN_000ca05a,DEFAULT,false,__stdcall,1,2,,3,0,0,0,application,recovered
0x000ca080,52,FUN_000ca080,DEFAULT,false,__stdcall,1,0,,3,0,4,0,application,recovered
0x000ca0b4,170,FUN_000ca0b4,DEFAULT,false,__stdcall,1,3,,13,0,1,0,application,recovered
0x000ca15e,24,FUN_000ca15e,DEFAULT,false,__stdcall,1,4,,0,0,0,0,application,recovered
0x000ca176,126,FUN_000ca176,DEFAULT,false,__stdcall,1,1,,8,0,4,0,application,recovered
0x000ca1f4,114,FUN_000ca1f4,DEFAULT,false,__stdcall,1,1,,8,0,0,0,application,recovered
0x000ca266,122,FUN_000ca266,DEFAULT,false,__stdcall,1,0,,6,0,2,0,application,recovered
0x000ca2e0,62,FUN_000ca2e0,DEFAULT,false,__stdcall,1,0,,3,0,1,0,application,recovered
0x000ca31e,20,FUN_000ca31e,DEFAULT,false,__stdcall,1,3,,0,0,0,0,application,recovered
0x000ca332,34,FUN_000ca332,DEFAULT,false,__stdcall,1,0,,8,0,0,0,application,recovered
0x000ca354,100,FUN_000ca354,DEFAULT,false,__stdcall,1,1,,9,0,0,0,application,recovered
0x000ca3b8,64,FUN_000ca3b8,DEFAULT,false,__stdcall,2,2,,6,0,1,0,application,recovered
0x000ca3f8,40,FUN_000ca3f8,DEFAULT,false,__stdcall,2,2,,4,0,1,0,application,recovered
0x000ca420,38,FUN_000ca420,DEFAULT,false,__stdcall,2,2,,4,0,1,0,application,recovered
0x000ca446,52,FUN_000ca446,DEFAULT,false,__stdcall,1,3,,2,0,0,0,application,recovered
0x000ca47a,62,FUN_000ca47a,DEFAULT,false,__stdcall,1,4,,2,0,0,0,application,recovered
0x000ca4b8,16,FUN_000ca4b8,DEFAULT,false,__stdcall,1,2,,0,0,0,0,application,recovered
0x000ca4c8,88,FUN_000ca4c8,DEFAULT,false,__stdcall,1,0,,20,0,0,0,application,recovered
0x000ca520,52,FUN_000ca520,DEFAULT,false,__stdcall,1,0,,4,0,0,0,application,recovered
0x000ca554,128,FUN_000ca554,DEFAULT,false,__stdcall,1,0,,7,0,7,0,application,recovered
0x000ca5d4,228,FUN_000ca5d4,DEFAULT,false,__stdcall,1,0,,8,0,0,0,application,recovered
0x000ca6b8,72,FUN_000ca6b8,DEFAULT,false,__stdcall,1,0,,7,0,0,0,application,recovered
0x000ca700,94,FUN_000ca700,DEFAULT,false,__stdcall,1,0,,5,0,7,0,application,recovered
0x000ca75e,146,FUN_000ca75e,DEFAULT,false,__stdcall,1,0,,13,0,0,0,application,recovered
0x000ca7f0,32,FUN_000ca7f0,DEFAULT,false,__stdcall,1,6,,0,0,0,0,application,recovered
0x000ca810,20,FUN_000ca810,DEFAULT,false,__stdcall,1,0,,5,0,0,0,application,recovered
0x000ca824,50,FUN_000ca824,DEFAULT,false,__stdcall,1,0,,13,0,0,0,application,recovered
0x000ca856,160,FUN_000ca856,DEFAULT,false,__stdcall,1,0,,42,0,0,0,application,recovered
0x000ca8f6,102,FUN_000ca8f6,DEFAULT,false,__stdcall,1,1,,11,0,0,0,application,recovered
0x000ca95c,42,FUN_000ca95c,DEFAULT,false,__stdcall,1,0,,5,0,0,0,application,recovered
0x000ca986,30,FUN_000ca986,DEFAULT,false,__stdcall,1,0,,2,0,0,0,application,recovered
0x000ca9a4,36,FUN_000ca9a4,DEFAULT,false,__stdcall,1,0,,2,0,0,0,application,recovered
0x000ca9c8,78,FUN_000ca9c8,DEFAULT,false,__stdcall,1,0,,4,0,0,0,application,recovered
0x000caa16,116,FUN_000caa16,DEFAULT,false,__stdcall,1,3,,6,0,0,0,application,recovered
0x000caa8a,16,FUN_000caa8a,DEFAULT,false,__stdcall,1,2,,0,0,0,0,application,recovered
0x000caa9a,150,FUN_000caa9a,DEFAULT,false,__stdcall,1,0,,42,0,0,0,application,recovered
0x000cab30,14,FUN_000cab30,DEFAULT,false,__stdcall,1,0,,3,0,0,0,application,recovered
0x000cab3e,36,FUN_000cab3e,DEFAULT,false,__stdcall,1,0,,1,0,1,0,application,recovered
0x000cab62,82,FUN_000cab62,DEFAULT,false,__stdcall,1,1,,8,0,1,0,application,recovered
0x000cabb4,96,FUN_000cabb4,DEFAULT,false,__stdcall,1,0,,24,0,0,0,application,recovered
0x000cac14,86,FUN_000cac14,DEFAULT,false,__stdcall,1,0,,9,0,1,0,application,recovered
0x000cac6a,86,FUN_000cac6a,DEFAULT,false,__stdcall,1,0,,4,0,5,0,application,recovered
0x000cacc0,168,FUN_000cacc0,DEFAULT,false,__stdcall,1,0,,8,0,1,0,application,recovered
0x000cad68,28,FUN_000cad68,DEFAULT,false,__stdcall,1,0,,3,0,0,0,application,recovered
0x000cad84,82,FUN_000cad84,DEFAULT,false,__stdcall,1,0,,9,0,3,0,application,recovered
0x000cadd6,80,FUN_000cadd6,DEFAULT,false,__stdcall,1,0,,9,0,0,0,application,recovered
0x000cae26,48,FUN_000cae26,DEFAULT,false,__stdcall,1,0,,4,0,1,0,application,recovered
0x000cae56,68,FUN_000cae56,DEFAULT,false,__stdcall,1,0,,7,0,0,0,application,recovered
0x000cae9a,56,FUN_000cae9a,DEFAULT,false,__stdcall,1,0,,13,0,0,0,application,recovered
0x000caed2,140,FUN_000caed2,DEFAULT,false,__stdcall,1,0,,7,0,5,0,application,recovered
0x000caf5e,152,FUN_000caf5e,DEFAULT,false,__stdcall,1,1,,13,0,3,0,application,recovered
0x000caff6,40,FUN_000caff6,DEFAULT,false,__stdcall,1,0,,2,0,1,0,application,recovered
0x000cb01e,98,FUN_000cb01e,DEFAULT,false,__stdcall,1,0,,7,0,1,0,application,recovered
0x000cb080,20,FUN_000cb080,DEFAULT,false,__stdcall,1,3,,0,0,0,0,application,recovered
0x000cb094,16,FUN_000cb094,DEFAULT,false,__stdcall,1,0,,3,0,0,0,application,recovered
0x000cb0a4,28,FUN_000cb0a4,DEFAULT,false,__stdcall,1,0,,2,0,2,0,application,recovered
0x000cb0c0,82,FUN_000cb0c0,DEFAULT,false,__stdcall,1,4,,4,0,3,0,application,recovered
0x000cb112,82,FUN_000cb112,DEFAULT,false,__stdcall,22,0,,0,0,0,0,application,recovered
0x000cb164,56,FUN_000cb164,DEFAULT,false,__stdcall,1,0,,0,0,0,0,application,recovered
0x000cb19c,82,FUN_000cb19c,DEFAULT,false,__stdcall,3,0,,0,0,0,0,application,recovered
0x000cb1ee,82,FUN_000cb1ee,DEFAULT,false,__stdcall,31,0,,0,0,0,0,application,recovered
0x000cb240,82,FUN_000cb240,DEFAULT,false,__stdcall,5,0,,0,0,0,0,application,recovered
0x000cb308,18,FUN_000cb308,DEFAULT,false,__stdcall,60,0,,0,0,0,0,application,recovered
0x000cb31a,10,FUN_000cb31a,DEFAULT,false,__stdcall,24,0,,0,0,0,0,application,recovered
0x000cb324,90,FUN_000cb324,DEFAULT,false,__stdcall,4,0,,0,0,0,0,application,recovered
0x000cb3b0,56,FUN_000cb3b0,DEFAULT,false,__stdcall,1,0,,0,0,0,0,application,recovered
0x000cb3e8,108,FUN_000cb3e8,DEFAULT,false,__stdcall,1,25,,0,0,0,0,application,recovered
0x000cb454,72,FUN_000cb454,DEFAULT,false,__stdcall,1,0,,19,0,0,0,application,recovered
0x000cb49c,230,FUN_000cb49c,DEFAULT,false,__stdcall,1,48,,1,0,0,0,application,recovered
0x000cb582,44,FUN_000cb582,DEFAULT,false,__stdcall,1,6,,2,0,0,0,application,recovered
0x000cb5ae,46,FUN_000cb5ae,DEFAULT,false,__stdcall,1,2,,6,0,1,0,application,recovered
0x000cb5dc,156,FUN_000cb5dc,DEFAULT,false,__stdcall,1,22,,3,0,0,0,application,recovered
0x000cb678,120,FUN_000cb678,DEFAULT,false,__stdcall,1,28,,0,0,0,0,application,recovered
0x000cb6f0,16,FUN_000cb6f0,DEFAULT,false,__stdcall,2,2,,0,0,0,0,application,recovered
0x000cb700,366,FUN_000cb700,DEFAULT,false,__stdcall,1,1,,82,0,2,0,application,recovered
0x000cb86e,424,FUN_000cb86e,DEFAULT,false,__stdcall,1,94,,1,0,0,0,application,recovered
0x000cba16,16,FUN_000cba16,DEFAULT,false,__stdcall,1,2,,0,0,0,0,application,recovered
0x000cba26,16,FUN_000cba26,DEFAULT,false,__stdcall,1,2,,0,0,0,0,application,recovered
0x000cba36,12,FUN_000cba36,DEFAULT,false,__stdcall,2,1,,0,0,0,0,application,recovered
0x000cba42,12,FUN_000cba42,DEFAULT,false,__stdcall,1,1,,0,0,0,0,application,recovered
0x000cba4e,12,FUN_000cba4e,DEFAULT,false,__stdcall,2,1,,0,0,0,0,application,recovered
0x000cba5a,12,FUN_000cba5a,DEFAULT,false,__stdcall,1,1,,0,0,0,0,application,recovered
0x000cba66,12,FUN_000cba66,DEFAULT,false,__stdcall,2,1,,0,0,0,0,application,recovered
0x000cba72,12,FUN_000cba72,DEFAULT,false,__stdcall,1,1,,0,0,0,0,application,recovered
0x000cba7e,12,FUN_000cba7e,DEFAULT,false,__stdcall,1,1,,0,0,0,0,application,recovered
0x000cba8a,12,FUN_000cba8a,DEFAULT,false,__stdcall,1,1,,0,0,0,0,application,recovered
0x000cba96,12,FUN_000cba96,DEFAULT,false,__stdcall,1,1,,0,0,0,0,application,recovered
0x000cbaa2,12,FUN_000cbaa2,DEFAULT,false,__stdcall,2,1,,0,0,0,0,application,recovered
0x000cbaae,12,FUN_000cbaae,DEFAULT,false,__stdcall,1,1,,0,0,0,0,application,recovered
0x000cbaba,26,FUN_000cbaba,DEFAULT,false,__stdcall,9,0,,0,0,1,0,application,recovered
0x000cbad6,28,FUN_000cbad6,DEFAULT,false,__stdcall,7,0,,0,0,0,0,application,recovered
0x000cbb64,14,FUN_000cbb64,DEFAULT,false,__stdcall,2,0,,0,0,0,0,application,recovered
0x000cbb74,62,FUN_000cbb74,DEFAULT,false,__stdcall,3,0,,0,0,1,0,application,recovered
0x000cbbb4,94,FUN_000cbbb4,DEFAULT,false,__stdcall,3,1,,0,0,0,0,application,recovered
0x000cbc14,50,FUN_000cbc14,DEFAULT,false,__stdcall,7,0,,0,0,0,0,application,recovered
0x000cbc48,12,FUN_000cbc48,DEFAULT,false,__stdcall,2,0,,0,0,0,0,application,recovered
0x000cbcc8,1182,application_substate_machine,USER_DEFINED,false,__stdcall,1,0,,0,0,1,0,application,annotated
0x000cc61e,24,FUN_000cc61e,DEFAULT,false,__stdcall,1,0,,0,0,0,0,application,recovered
0x000cc638,18,FUN_000cc638,DEFAULT,false,__stdcall,11,0,,0,0,0,0,application,recovered
0x000cc64c,16,FUN_000cc64c,DEFAULT,false,__stdcall,1,0,,0,0,0,0,application,recovered
0x000cc65e,30,FUN_000cc65e,DEFAULT,false,__stdcall,1,0,,0,0,0,0,application,recovered
0x000cc67e,16,FUN_000cc67e,DEFAULT,false,__stdcall,1,0,,0,0,0,0,application,recovered
0x000cc690,12,FUN_000cc690,DEFAULT,false,__stdcall,2,0,,0,0,0,0,application,recovered
0x000cc69e,16,FUN_000cc69e,DEFAULT,false,__stdcall,1,0,,0,0,0,0,application,recovered
0x000cc6b0,12,FUN_000cc6b0,DEFAULT,false,__stdcall,1,0,,0,0,0,0,application,recovered
0x000cc6e2,38,FUN_000cc6e2,DEFAULT,false,__stdcall,35,0,,0,0,0,0,application,recovered
0x000cc708,30,FUN_000cc708,DEFAULT,false,__stdcall,35,0,,0,0,0,0,application,recovered
0x000cc726,84,FUN_000cc726,DEFAULT,false,__stdcall,4,0,,0,0,0,0,application,recovered
0x000cc7ce,84,FUN_000cc7ce,DEFAULT,false,__stdcall,2,0,,0,0,0,0,application,recovered
0x000cc822,84,FUN_000cc822,DEFAULT,false,__stdcall,3,0,,0,0,0,0,application,recovered
0x000ccc02,56,FUN_000ccc02,DEFAULT,false,__stdcall,2,0,,0,0,0,0,application,recovered
0x000ccc72,86,FUN_000ccc72,DEFAULT,false,__stdcall,1,0,,0,0,0,0,application,recovered
0x000cccca,46,FUN_000cccca,DEFAULT,false,__stdcall,1,0,,0,0,0,0,application,recovered
0x000cccfa,118,FUN_000cccfa,DEFAULT,false,__stdcall,3,2,,0,0,1,0,application,recovered
0x000ccd70,118,FUN_000ccd70,DEFAULT,false,__stdcall,2,2,,0,0,1,0,application,recovered
0x000ccfce,68,FUN_000ccfce,DEFAULT,false,__stdcall,10,2,,0,0,1,0,application,recovered
0x000cd012,68,FUN_000cd012,DEFAULT,false,__stdcall,2,2,,0,0,1,0,application,recovered
0x000fc2a0,16,FUN_000fc2a0,DEFAULT,false,__stdcall,1,2,,0,0,0,0,application,recovered
0x000fc304,12,FUN_000fc304,DEFAULT,false,__stdcall,1,1,,0,0,0,0,application,recovered
0x000fc3cc,20,FUN_000fc3cc,DEFAULT,false,__stdcall,1,3,,0,0,0,0,application,recovered
0x000fc462,16,FUN_000fc462,DEFAULT,false,__stdcall,1,2,,0,0,0,0,application,recovered
0x000fc4c6,12,FUN_000fc4c6,DEFAULT,false,__stdcall,1,1,,0,0,0,0,application,recovered
0x000fc4f8,16,FUN_000fc4f8,DEFAULT,false,__stdcall,1,2,,0,0,0,0,application,recovered
0x000fc624,12,FUN_000fc624,DEFAULT,false,__stdcall,1,1,,0,0,0,0,application,recovered
0x000fc87c,16,FUN_000fc87c,DEFAULT,false,__stdcall,1,2,,0,0,0,0,application,recovered
0x000fc9a8,20,FUN_000fc9a8,DEFAULT,false,__stdcall,1,3,,0,0,0,0,application,recovered
0x000fcad4,12,FUN_000fcad4,DEFAULT,false,__stdcall,1,1,,0,0,0,0,application,recovered
0x000fcc00,78,FUN_000fcc00,DEFAULT,false,__stdcall,2,0,,22,0,0,0,application,recovered
0x000fcc4e,78,FUN_000fcc4e,DEFAULT,false,__stdcall,2,0,,24,0,0,0,application,recovered
0x000fcc9c,50,FUN_000fcc9c,DEFAULT,false,__stdcall,2,0,,10,0,0,0,application,recovered
0x000fd400,38,FUN_000fd400,DEFAULT,false,__stdcall,2,0,,10,0,0,0,application,recovered
0x000fd426,30,FUN_000fd426,DEFAULT,false,__stdcall,2,0,,8,0,0,0,application,recovered
0x000fd444,18,FUN_000fd444,DEFAULT,false,__stdcall,2,0,,4,0,0,0,application,recovered
0x000fd456,72,FUN_000fd456,DEFAULT,false,__stdcall,2,0,,22,0,0,0,application,recovered
0x000fd49e,196,FUN_000fd49e,DEFAULT,false,__stdcall,2,0,,54,0,9,0,application,recovered
0x000fd562,204,FUN_000fd562,DEFAULT,false,__stdcall,2,0,,62,0,0,0,application,recovered
0x000fdc00,12,FUN_000fdc00,DEFAULT,false,__stdcall,1,1,,0,0,0,0,application,recovered
0x000fdc14,12,FUN_000fdc14,DEFAULT,false,__stdcall,1,1,,0,0,0,0,application,recovered
0x000fdc28,12,FUN_000fdc28,DEFAULT,false,__stdcall,1,1,,0,0,0,0,application,recovered
0x000fdc3c,12,FUN_000fdc3c,DEFAULT,false,__stdcall,1,1,,0,0,0,0,application,recovered
0x000fdc50,12,FUN_000fdc50,DEFAULT,false,__stdcall,1,1,,0,0,0,0,application,recovered
0x000fdc64,12,FUN_000fdc64,DEFAULT,false,__stdcall,1,1,,0,0,0,0,application,recovered
0x000fdc78,12,FUN_000fdc78,DEFAULT,false,__stdcall,1,1,,0,0,0,0,application,recovered
0x000fdc8c,12,FUN_000fdc8c,DEFAULT,false,__stdcall,1,1,,0,0,0,0,application,recovered
0x000fdcf0,18,FUN_000fdcf0,DEFAULT,false,__stdcall,1,1,,0,0,0,0,application,recovered
0x000fdd04,16,FUN_000fdd04,DEFAULT,false,__stdcall,1,1,,0,0,0,0,application,recovered
0x000fdd18,18,FUN_000fdd18,DEFAULT,false,__stdcall,1,1,,0,0,0,0,application,recovered
0x000fdd2c,16,FUN_000fdd2c,DEFAULT,false,__stdcall,1,1,,0,0,0,0,application,recovered
0x000fdd40,18,FUN_000fdd40,DEFAULT,false,__stdcall,1,1,,0,0,0,0,application,recovered
0x000fdd54,16,FUN_000fdd54,DEFAULT,false,__stdcall,1,1,,0,0,0,0,application,recovered
0x000fdd68,12,FUN_000fdd68,DEFAULT,false,__stdcall,1,1,,0,0,0,0,application,recovered
0x000fdd90,8,thunk_FUN_000b0974,DEFAULT,true,__stdcall,4,1,,0,0,0,0,application,thunk
0x000fdda4,8,thunk_FUN_000bc710,DEFAULT,true,__stdcall,1,1,,0,0,0,0,application,thunk
0x000fddb8,8,thunk_FUN_000bc71e,DEFAULT,true,__stdcall,1,1,,0,0,0,0,application,thunk
0x000fdde0,8,thunk_FUN_000bb3c6,DEFAULT,true,__stdcall,2,1,,0,0,0,0,application,thunk
0x000fddf4,8,thunk_FUN_000bb5ec,DEFAULT,true,__stdcall,2,1,,0,0,0,0,application,thunk
0x000fde08,8,thunk_FUN_000b7f7c,DEFAULT,true,__stdcall,3,1,,0,0,0,0,application,thunk
0x000fde1c,8,thunk_FUN_000bb64c,DEFAULT,true,__stdcall,4,1,,0,0,0,0,application,thunk
0x000fde30,8,thunk_FUN_000b7d26,DEFAULT,true,__stdcall,1,1,,0,0,0,0,application,thunk
0x000fde44,8,thunk_FUN_000bb8c0,DEFAULT,true,__stdcall,4,1,,0,0,0,0,application,thunk
0x000fde6c,8,thunk_FUN_000b3974,DEFAULT,true,__stdcall,0,1,,0,0,0,0,application,thunk
0x000fdebc,8,thunk_FUN_000b6028,DEFAULT,true,__stdcall,1,1,,0,0,0,0,application,thunk
0x000fdee4,8,thunk_FUN_000b2898,DEFAULT,true,__stdcall,1,1,,0,0,0,0,application,thunk
0x000fdef8,8,thunk_FUN_000b9ccc,DEFAULT,true,__stdcall,1,1,,0,0,0,0,application,thunk
0x000fdf0c,8,thunk_FUN_000b986e,DEFAULT,true,__stdcall,1,1,,0,0,0,0,application,thunk
0x000fdf20,8,thunk_FUN_000ba012,DEFAULT,true,__stdcall,1,1,,0,0,0,0,application,thunk
0x000fdfc0,8,thunk_FUN_000b83ce,DEFAULT,true,__stdcall,1,1,,0,0,0,0,application,thunk
0x000fdfd4,8,thunk_FUN_000b8e0c,DEFAULT,true,__stdcall,1,1,,0,0,0,0,application,thunk
0x000fdfe8,8,thunk_FUN_000bb210,DEFAULT,true,__stdcall,2,1,,0,0,0,0,application,thunk
0x000fdffc,8,system_mode_event_set,DEFAULT,true,__stdcall,8,1,,0,0,0,0,application,thunk
0x000fe010,8,thunk_FUN_000b01e2,DEFAULT,true,__stdcall,2,1,,0,0,0,0,application,thunk
0x000fe024,8,thunk_FUN_000b201a,DEFAULT,true,__stdcall,1,1,,0,0,0,0,application,thunk
0x000fe038,8,thunk_FUN_000b1f34,DEFAULT,true,__stdcall,1,1,,0,0,0,0,application,thunk
0x000fe0d8,8,thunk_FUN_000b48ca,DEFAULT,true,__stdcall,1,1,,0,0,0,0,application,thunk
0x000fe114,12,FUN_000fe114,DEFAULT,false,__stdcall,1,1,,0,0,0,0,application,recovered
0x000fe128,12,FUN_000fe128,DEFAULT,false,__stdcall,1,1,,0,0,0,0,application,recovered
0x000fe13c,12,FUN_000fe13c,DEFAULT,false,__stdcall,1,1,,0,0,0,0,application,recovered
0x000fe150,8,thunk_FUN_000b209c,DEFAULT,true,__stdcall,0,1,,0,0,0,0,application,thunk
0x000fec00,8,thunk_FUN_0004c430,DEFAULT,true,__stdcall,13,1,,0,0,0,0,application,thunk
0x000fec14,8,thunk_FUN_0003b8f0,DEFAULT,true,__stdcall,1,1,,0,0,0,0,application,thunk
0x000fec28,8,thunk_FUN_0003b95e,DEFAULT,true,__stdcall,1,1,,0,0,0,0,application,thunk
0x000fec3c,8,thunk_FUN_0003bfd8,DEFAULT,true,__stdcall,1,1,,0,0,0,0,application,thunk
0x000fec64,8,thunk_FUN_00055c28,DEFAULT,true,__stdcall,17,1,,0,0,0,0,application,thunk
0x000fec78,8,thunk_FUN_0005634c,DEFAULT,true,__stdcall,2,1,,0,0,0,0,application,thunk
0x000fec8c,8,thunk_FUN_00056356,DEFAULT,true,__stdcall,11,1,,0,0,0,0,application,thunk
0x000feca0,8,thunk_FUN_0005635c,DEFAULT,true,__stdcall,11,1,,0,0,0,0,application,thunk
0x000fecb4,8,thunk_FUN_00056376,DEFAULT,true,__stdcall,3,1,,0,0,0,0,application,thunk
0x000fecc8,8,thunk_FUN_0005638e,DEFAULT,true,__stdcall,3,1,,0,0,0,0,application,thunk
0x000fecdc,8,thunk_FUN_00056362,DEFAULT,true,__stdcall,3,1,,0,0,0,0,application,thunk
0x000fecf0,8,thunk_FUN_0005636c,DEFAULT,true,__stdcall,3,1,,0,0,0,0,application,thunk
0x000fed04,8,thunk_FUN_00055e62,DEFAULT,true,__stdcall,16,1,,0,0,0,0,application,thunk
0x000fed18,8,thunk_FUN_00055b74,DEFAULT,true,__stdcall,16,1,,0,0,0,0,application,thunk
0x000fed2c,8,thunk_FUN_000562c8,DEFAULT,true,__stdcall,24,1,,0,0,0,0,application,thunk
0x000fed40,8,thunk_FUN_0005054e,DEFAULT,true,__stdcall,0,1,,0,0,0,0,application,thunk
0x000fed54,8,thunk_FUN_00050558,DEFAULT,true,__stdcall,2,1,,0,0,0,0,application,thunk
0x000fed68,8,thunk_FUN_0005056a,DEFAULT,true,__stdcall,1,1,,0,0,0,0,application,thunk
0x000fed7c,8,thunk_FUN_00050bea,DEFAULT,true,__stdcall,21,1,,0,0,0,0,application,thunk
0x000fed90,8,thunk_FUN_00050ce2,DEFAULT,true,__stdcall,14,1,,0,0,0,0,application,thunk
0x000feda4,8,thunk_FUN_00050db0,DEFAULT,true,__stdcall,5,1,,0,0,0,0,application,thunk
0x000fedb8,8,thunk_FUN_00051708,DEFAULT,true,__stdcall,3,1,,0,0,0,0,application,thunk
0x000fedcc,8,thunk_FUN_00051442,DEFAULT,true,__stdcall,9,1,,0,0,0,0,application,thunk
0x000fede0,8,thunk_FUN_00035252,DEFAULT,true,__stdcall,1,1,,0,0,0,0,application,thunk
0x000fedf4,8,thunk_FUN_0003547e,DEFAULT,true,__stdcall,1,1,,0,0,0,0,application,thunk
0x000fee08,8,thunk_FUN_00035260,DEFAULT,true,__stdcall,1,1,,0,0,0,0,application,thunk
0x000fee1c,8,thunk_FUN_0005588c,DEFAULT,true,__stdcall,14,1,,0,0,0,0,application,thunk
0x000fee30,8,thunk_FUN_00034984,DEFAULT,true,__stdcall,1,1,,0,0,0,0,application,thunk
0x000fee44,8,checkpoint_dual_incident_snapshot_persist,DEFAULT,true,__stdcall,1,1,,0,0,0,0,application,thunk
0x000fee58,8,thunk_FUN_00045328,DEFAULT,true,__stdcall,1,1,,0,0,0,0,application,thunk
0x000fee6c,8,thunk_FUN_00032774,DEFAULT,true,__stdcall,1,1,,0,0,0,0,application,thunk
0x000fee80,8,thunk_FUN_000346ae,DEFAULT,true,__stdcall,1,1,,0,0,0,0,application,thunk
0x000feea8,8,thunk_FUN_00033aa6,DEFAULT,true,__stdcall,0,1,,0,0,0,0,application,thunk
0x000feee4,8,thunk_FUN_00055db4,DEFAULT,true,__stdcall,18,1,,0,0,0,0,application,thunk
0x000feef8,8,checkpoint_multi_channel_u16_state_persist,DEFAULT,true,__stdcall,2,1,,0,0,0,0,application,thunk
0x000fef0c,8,thunk_FUN_00038e56,DEFAULT,true,__stdcall,3,1,,0,0,0,0,application,thunk
0x000fef20,8,thunk_FUN_00053562,DEFAULT,true,__stdcall,6,1,,0,0,0,0,application,thunk
0x000fef34,8,thunk_FUN_000536a8,DEFAULT,true,__stdcall,1,1,,0,0,0,0,application,thunk
0x000fef48,8,thunk_FUN_00047958,DEFAULT,true,__stdcall,2,1,,0,0,0,0,application,thunk
0x000fef5c,8,thunk_FUN_0004798a,DEFAULT,true,__stdcall,3,1,,0,0,0,0,application,thunk
0x000fef70,8,thunk_FUN_0005582a,DEFAULT,true,__stdcall,15,1,,0,0,0,0,application,thunk
0x000fef84,8,thunk_FUN_000558fa,DEFAULT,true,__stdcall,15,1,,0,0,0,0,application,thunk
0x000fef98,8,thunk_FUN_00055a54,DEFAULT,true,__stdcall,18,1,,0,0,0,0,application,thunk
0x000fefac,8,thunk_FUN_0004fc1a,DEFAULT,true,__stdcall,15,1,,0,0,0,0,application,thunk
0x000fefc0,12,FUN_000fefc0,DEFAULT,false,__stdcall,1,1,,0,0,0,0,application,recovered
0x000fefd4,12,FUN_000fefd4,DEFAULT,false,__stdcall,2,1,,0,0,0,0,application,recovered
0x000fefe8,12,FUN_000fefe8,DEFAULT,false,__stdcall,1,1,,0,0,0,0,application,recovered
0x000feffc,12,FUN_000feffc,DEFAULT,false,__stdcall,2,1,,0,0,0,0,application,recovered
0x000ff010,12,FUN_000ff010,DEFAULT,false,__stdcall,1,1,,0,0,0,0,application,recovered
0x000ff024,12,FUN_000ff024,DEFAULT,false,__stdcall,1,1,,0,0,0,0,application,recovered
0x000ff038,12,FUN_000ff038,DEFAULT,false,__stdcall,1,1,,0,0,0,0,application,recovered
0x000ff04c,12,FUN_000ff04c,DEFAULT,false,__stdcall,1,1,,0,0,0,0,application,recovered
0x000ff060,12,FUN_000ff060,DEFAULT,false,__stdcall,1,1,,0,0,0,0,application,recovered
0x000ff09c,14,FUN_000ff09c,DEFAULT,false,__stdcall,19,1,,0,0,0,0,application,recovered
0x000ff0b0,14,FUN_000ff0b0,DEFAULT,false,__stdcall,15,1,,0,0,0,0,application,recovered
0x000ff0c4,14,FUN_000ff0c4,DEFAULT,false,__stdcall,12,1,,0,0,0,0,application,recovered
0x000ff0d8,12,FUN_000ff0d8,DEFAULT,false,__stdcall,1,1,,0,0,0,0,application,recovered
0x000ff0ec,12,FUN_000ff0ec,DEFAULT,false,__stdcall,1,1,,0,0,0,0,application,recovered
0x000ff100,8,thunk_FUN_00050c7a,DEFAULT,true,__stdcall,6,1,,0,0,0,0,application,thunk
0x000ff114,8,thunk_FUN_00051994,DEFAULT,true,__stdcall,0,1,,0,0,0,0,application,thunk
0x000ff1a0,8,thunk_FUN_00050cbc,DEFAULT,true,__stdcall,11,1,,0,0,0,0,application,thunk
0x000ff1b4,8,thunk_FUN_0005527e,DEFAULT,true,__stdcall,0,1,,0,0,0,0,application,thunk
0x000ff1c8,8,thunk_FUN_000355b6,DEFAULT,true,__stdcall,2,1,,0,0,0,0,application,thunk
0x000ff204,8,thunk_FUN_00049404,DEFAULT,true,__stdcall,5,1,,0,0,0,0,application,thunk
0x000ff218,8,checkpoint_persistent_countdown_step,DEFAULT,true,__stdcall,0,1,,0,0,0,0,application,thunk
0x000ff240,8,thunk_FUN_00055ac6,DEFAULT,true,__stdcall,2,1,,0,0,0,0,application,thunk
0xfebf12b8,1,FUN_febf12b8,DEFAULT,false,__stdcall,1,0,,0,0,0,0,,recovered
