route,primary,mode_long,git,phase,n,n_fresh_request_cs,result_ids,applied_q,native_q,wheel_aEgo_q,B4_minus_applied_q,aEgo_minus_applied_q,B4_vs_applied_fit,B4_vs_aEgo_fit,B4_q_counts,B18_q_counts,B20_q_counts,B22_q_counts,B24_q_counts,B26_q_counts
00000003--78555c9090,False,True,66c7730ae11d18f50d52572fc0f9571f38c2b472,driver_brake,3397,3157,"{""11"": 6, ""63"": 3391}","[-0.623, 0.405, 0.6960000000000001]","[-0.623, 0.405, 0.6960000000000001]","[-2.767499494552612, -8.658063737390078e-17, 5.533263736090243e-10]","[-2.6882, -1.0099999999999998, -0.311]","[-2.4669457328796387, -0.6960000000000001, -0.20958421431779864]","{""intercept"": -1.1770943608511464, ""n"": 3157, ""r"": 0.6741140981277178, ""slope"": 1.2679899484824253}","{""intercept"": -0.3575819390247513, ""n"": 3157, ""r"": 0.9220344119975581, ""slope"": 0.8572570204048912}","[-3001.0, -567.0, -91.0]","[-621.0, 534.0, 696.0]","[-621.0, 534.0, 696.0]","[2378.2000000000003, 4228.0, 4510.199999999998]","[-621.0, 534.0, 696.0]","[7933.0, 8088.0, 8161.0]"
00000003--78555c9090,False,True,66c7730ae11d18f50d52572fc0f9571f38c2b472,driver_gas,5253,5253,"{""11"": 470, ""63"": 4783}","[-1.1054, -0.524, 0.4923999999999978]","[-1.1054, -0.524, 0.6903999999999997]","[-0.24961734116077422, 0.26554322242736816, 2.003390359878539]","[-0.003, 0.804, 2.4734]","[-0.13849196224212643, 0.789134355545044, 2.5321327964782707]","{""intercept"": 0.6105101362791929, ""n"": 5253, ""r"": 0.11726077653450742, ""slope"": 0.1970205629011802}","{""intercept"": 0.042728852646737925, ""n"": 5253, ""r"": 0.9443917124419327, ""slope"": 0.9538869193845214}","[-253.39999999999998, 279.0, 2050.3999999999996]","[-251.39999999999998, 279.0, 2050.3999999999996]","[-1105.4, -567.0, -168.60000000000036]","[1524.8000000000002, 2824.0, 4860.0]","[-302.0, 244.0, 2050.3999999999996]","[0.0, 0.0, 0.0]"
00000003--78555c9090,False,True,66c7730ae11d18f50d52572fc0f9571f38c2b472,standstill,2502,2502,"{""63"": 2502}","[-0.40800000000000003, -0.40800000000000003, -0.40800000000000003]","[-0.40800000000000003, -0.40800000000000003, -0.40800000000000003]","[0.0, -0.0, 0.0]","[0.0, 0.0, 0.0]","[0.40800000000000003, 0.40800000000000003, 0.40800000000000003]","{""intercept"": -0.00900000277384537, ""n"": 2502, ""r"": 0.997031568634067, ""slope"": 0.9781303848315889}","{""intercept"": null, ""n"": 2502, ""r"": null, ""slope"": null}","[-408.0, -408.0, -408.0]","[-408.0, -408.0, -408.0]","[-408.0, -408.0, -408.0]","[-408.0, -408.0, -408.0]","[-408.0, -408.0, -408.0]","[0.0, 0.0, 0.0]"
00000003--78555c9090,False,True,66c7730ae11d18f50d52572fc0f9571f38c2b472,op_braking,747,747,"{""11"": 743, ""63"": 4}","[-1.5, -0.936, -0.3143000000000001]","[-0.457, 0.708, 0.9420000000000001]","[-1.5237661719322204, -0.9410991668701172, 0.050612205266952]","[-0.040999999999999925, 0.004999999999999893, 0.07639999999999984]","[-0.2085801119327545, 0.03924767637252813, 0.40965200655087813]","{""intercept"": 0.01862899030124307, ""n"": 747, ""r"": 0.9796964738535113, ""slope"": 0.9977953659620542}","{""intercept"": -0.18348163222561462, ""n"": 747, ""r"": 0.951228731408094, ""slope"": 0.8312154367816118}","[-1497.0, -971.0, -290.30000000000007]","[-858.7, -583.0, -179.9000000000002]","[-858.7, -703.0, -195.9000000000002]","[1244.0, 3141.0, 4432.7]","[-858.7, -703.0, -195.9000000000002]","[0.0, 0.0, 0.0]"
00000003--78555c9090,False,True,66c7730ae11d18f50d52572fc0f9571f38c2b472,op_accelerating,135,135,"{""11"": 135}","[0.3107, 0.714, 0.9694999999999999]","[0.793, 0.835, 0.9440000000000001]","[0.08978060185909272, 1.031726360321045, 1.513598585128784]","[-0.10929999999999998, 0.009000000000000008, 0.06579999999999997]","[-0.29972273526340726, 0.4301138324737549, 0.6109395068168639]","{""intercept"": 0.08207398642646706, ""n"": 135, ""r"": 0.8753890654836726, ""slope"": 0.8696742624168051}","{""intercept"": 0.2522560276860358, ""n"": 135, ""r"": 0.8210684385740584, ""slope"": 0.4358823548519892}","[289.9, 709.0, 975.9]","[289.9, 709.0, 975.9]","[-791.6, -455.0, -72.7]","[2988.7, 3487.0, 4109.3]","[-789.3, -455.0, -72.7]","[0.0, 0.0, 0.0]"
00000003--78555c9090,False,True,66c7730ae11d18f50d52572fc0f9571f38c2b472,op_near_zero,8475,8475,"{""11"": 8475}","[-0.149, 0.012, 0.181]","[-0.074, 0.224, 0.787]","[-0.2632978647947311, 0.019741570577025414, 0.27481399774551385]","[-0.018999999999999996, -0.001, 0.018000000000000002]","[-0.23421458227634429, 0.007628814533352852, 0.20813499168157565]","{""intercept"": -0.0004980444206786537, ""n"": 8475, ""r"": 0.9838226488547416, ""slope"": 0.9912398644777295}","{""intercept"": 0.009549395718068664, ""n"": 8475, ""r"": 0.5375559849305425, ""slope"": 0.32532055768518864}","[-148.0, 10.0, 181.0]","[-146.0, 10.0, 181.0]","[-828.0, -529.0, -89.70000000000073]","[1313.0, 2087.0, 3362.2999999999993]","[-828.0, -529.0, -89.70000000000073]","[0.0, 0.0, 0.0]"
00000003--78555c9090,False,True,66c7730ae11d18f50d52572fc0f9571f38c2b472,native_or_stock_cruise,242,242,"{""11"": 241, ""63"": 1}","[0.03905, 0.637, 0.9419500000000001]","[0.043250000000000004, 0.648, 0.9419500000000001]","[0.12321426868438722, 0.8221995234489441, 1.1040070235729218]","[-0.0039499999999999995, 0.0040000000000000036, 0.03300000000000003]","[0.03523204474374652, 0.12383850175142289, 0.24884830510616296]","{""intercept"": 0.015700280561560698, ""n"": 242, ""r"": 0.9914942142242695, ""slope"": 0.9923982378994627}","{""intercept"": -0.1087724502732196, ""n"": 242, ""r"": 0.979801987806801, ""slope"": 0.9861954329351137}","[45.0, 675.0, 943.0]","[45.0, 675.0, 943.0]","[-787.0, -745.5, -675.1]","[2514.0, 4187.0, 4348.9]","[-786.95, -745.5, -675.1]","[0.0, 0.0, 0.0]"
00000003--78555c9090,False,True,66c7730ae11d18f50d52572fc0f9571f38c2b472,manual_moving,1235,1235,"{""11"": 12, ""63"": 1223}","[-0.676, -0.482, 0.21989999999999987]","[-0.676, -0.482, 0.21989999999999987]","[-0.9043100237846374, -0.37851569056510925, 0.21850896477699228]","[-0.0993, 0.0, 0.007000000000000006]","[-0.34752904797792433, 0.006438569068908717, 0.4056315770030022]","{""intercept"": -0.024201515210177955, ""n"": 1235, ""r"": 0.9710438122378776, ""slope"": 0.9515945453817121}","{""intercept"": -0.13977841406816816, ""n"": 1235, ""r"": 0.7850854741917729, ""slope"": 0.6406053709529078}","[-690.9, -478.0, 157.89999999999986]","[-673.0, -477.0, 212.89999999999986]","[-674.3, -480.0, 212.89999999999986]","[1865.5, 3095.0, 4176.6]","[-675.3, -480.0, 212.89999999999986]","[0.0, 0.0, 8188.0]"
00000009--b23bc60123,False,True,86efed0aea6c09691117140c344cf4c3d4b8f505,driver_brake,981,981,"{""11"": 3, ""63"": 978}","[-0.47200000000000003, 0.20800000000000002, 0.447]","[-0.47200000000000003, 0.203, 0.447]","[-1.2966392040252686, -0.17856869101524353, 0.017736757174134254]","[-1.433, -0.651, -0.19899999999999998]","[-1.1545998873710632, -0.4155254919528961, 0.082]","{""intercept"": -0.7777943604635735, ""n"": 981, ""r"": 0.4651505079379778, ""slope"": 0.8136564923604473}","{""intercept"": -0.577592888708903, ""n"": 981, ""r"": 0.27665293372895977, ""slope"": 0.31740748948916764}","[-1678.0, -602.0, 127.0]","[-469.0, 217.0, 486.0]","[-472.0, 211.0, 466.0]","[3699.0, 4131.0, 5059.0]","[-472.0, 211.0, 466.0]","[8053.0, 8128.0, 8172.0]"
00000009--b23bc60123,False,True,86efed0aea6c09691117140c344cf4c3d4b8f505,driver_gas,706,706,"{""11"": 12, ""63"": 694}","[-0.40825, -0.2645, 0.34650000000000003]","[-0.40275000000000005, -0.2605, 0.47525000000000006]","[-0.047482945024967194, 0.47642578184604645, 0.9356334656476974]","[0.08225, 0.6005, 1.13775]","[-0.021716408073902127, 0.693362314581871, 1.2118727785348893]","{""intercept"": 0.5180646988291272, ""n"": 706, ""r"": 0.24272888812822924, ""slope"": 0.3884741896422638}","{""intercept"": -0.017577760407134404, ""n"": 706, ""r"": 0.7275694607843344, ""slope"": 0.9864482746414055}","[-100.25, 478.0, 944.0]","[-91.75, 479.5, 944.0]","[-411.0, -269.0, 332.75]","[3660.75, 4673.0, 5862.0]","[-91.75, 479.5, 944.0]","[0.0, 0.0, 0.0]"
00000009--b23bc60123,False,True,86efed0aea6c09691117140c344cf4c3d4b8f505,standstill,18728,18461,"{""11"": 40, ""63"": 18688}","[-0.421, -0.421, -0.082]","[-0.421, -0.421, -0.082]","[0.0, 0.0, 0.0]","[0.0, 0.0, 0.0]","[0.082, 0.421, 0.421]","{""intercept"": 0.0024831266569016906, ""n"": 18461, ""r"": 0.9972451744931533, ""slope"": 1.0092190490143227}","{""intercept"": null, ""n"": 18461, ""r"": null, ""slope"": null}","[-421.0, -421.0, -82.0]","[-421.0, -421.0, -82.0]","[-421.0, -421.0, -82.0]","[-421.0, -421.0, -82.0]","[-421.0, -421.0, -82.0]","[0.0, 0.0, 0.0]"
00000009--b23bc60123,False,True,86efed0aea6c09691117140c344cf4c3d4b8f505,op_braking,487,487,"{""11"": 487}","[-1.3808, -0.533, -0.3143]","[-0.268, 0.774, 0.9450000000000001]","[-1.414937722682953, -0.584096372127533, 0.06805183663964218]","[-0.03370000000000003, 0.02299999999999991, 0.12300000000000004]","[-0.22099436540603634, -0.040669759273529005, 0.4923358635231852]","{""intercept"": -0.04100525702554495, ""n"": 487, ""r"": 0.7691841851116237, ""slope"": 0.8368616131517977}","{""intercept"": -0.17877185570993082, ""n"": 487, ""r"": 0.9260049045270109, ""slope"": 0.7022336369694421}","[-1312.7, -484.0, -262.3]","[-820.0, -449.0, -42.200000000000045]","[-1177.0, -639.0, -116.50000000000006]","[2674.3, 3382.0, 4161.1]","[-1177.0, -639.0, -116.50000000000006]","[0.0, 0.0, 0.0]"
00000009--b23bc60123,False,True,86efed0aea6c09691117140c344cf4c3d4b8f505,op_accelerating,345,345,"{""11"": 345}","[0.30619999999999997, 0.556, 1.3]","[0.0, 0.325, 0.926]","[0.1514448881149292, 0.5759243965148926, 1.6430594682693482]","[-0.374, -0.0010000000000000009, 0.06460000000000003]","[-0.528104297542572, 0.04077574396133421, 0.3756896257400513]","{""intercept"": 0.005881088882109296, ""n"": 345, ""r"": 0.9272922215396381, ""slope"": 0.9472284681296618}","{""intercept"": 0.15367305304615841, ""n"": 345, ""r"": 0.8676667510457479, ""slope"": 0.7334568910767417}","[213.99999999999997, 552.0, 1314.0]","[213.99999999999997, 552.0, 1314.0]","[-928.4, -531.0, -151.79999999999995]","[3004.2, 4509.0, 4830.400000000001]","[-928.4, -531.0, -155.39999999999998]","[0.0, 0.0, 0.0]"
00000009--b23bc60123,False,True,86efed0aea6c09691117140c344cf4c3d4b8f505,op_near_zero,5852,5852,"{""11"": 5849, ""63"": 3}","[-0.184, 0.015, 0.20600000000000002]","[-0.066, 0.06, 0.319]","[-0.20675657019019128, 0.0038176996167749166, 0.241791845113039]","[-0.024, -0.0009999999999999974, 0.022000000000000006]","[-0.2610568314760923, -0.012201237846165894, 0.2547040881412103]","{""intercept"": -0.00027608770863428976, ""n"": 5852, ""r"": 0.9774982034733679, ""slope"": 0.9918496156662668}","{""intercept"": 0.014950689412982155, ""n"": 5852, ""r"": 0.3010497381187936, ""slope"": 0.22215018328658293}","[-183.0, 14.0, 203.0]","[-181.0, 16.0, 203.0]","[-1024.0, -382.0, -22.0]","[2796.0, 3962.0, 4941.0]","[-1024.0, -382.0, -22.0]","[0.0, 0.0, 0.0]"
00000009--b23bc60123,False,True,86efed0aea6c09691117140c344cf4c3d4b8f505,native_or_stock_cruise,3,3,"{""11"": 2, ""63"": 1}","[-0.4098, 0.393, 0.4542]","[-0.403, 0.461, 0.461]","[-0.2767768412828445, 0.45871686935424805, 0.5009052276611328]","[-0.09839999999999999, -0.066, 0.008700000000000006]","[0.009204464721679668, 0.11259282302856444, 0.1377107540845871]","{""intercept"": null, ""n"": 3, ""r"": null, ""slope"": null}","{""intercept"": null, ""n"": 3, ""r"": null, ""slope"": null}","[-501.4, 395.0, 408.5]","[-501.4, 395.0, 408.5]","[-591.8, -509.0, -508.1]","[4177.8, 4473.0, 4475.7]","[-591.8, -509.0, -508.1]","[0.0, 0.0, 0.0]"
00000009--b23bc60123,False,True,86efed0aea6c09691117140c344cf4c3d4b8f505,manual_moving,930,930,"{""11"": 1, ""63"": 929}","[-0.481, 0.0505, 0.43454999999999994]","[-0.481, 0.0505, 0.43454999999999994]","[-0.4850044041872024, -0.02027515135705471, 0.41731519252061844]","[-0.14755000000000001, -0.008000000000000007, 0.008000000000000007]","[-0.4957639851301908, -0.05966365635395049, 0.31891514819562433]","{""intercept"": -0.034790843544528494, ""n"": 930, ""r"": 0.9751881394920527, ""slope"": 0.9279702210374156}","{""intercept"": 0.020473354743229383, ""n"": 930, ""r"": 0.6529517036249356, ""slope"": 0.5660918845064244}","[-500.1, 15.5, 423.54999999999995]","[-480.0, 52.0, 430.64999999999986]","[-480.55, 50.5, 428.54999999999995]","[3577.9, 4205.0, 5778.649999999996]","[-480.55, 50.5, 428.54999999999995]","[0.0, 0.0, 8190.0]"
00000010--1a669b40ed,False,True,86efed0aea6c09691117140c344cf4c3d4b8f505,driver_brake,985,985,"{""63"": 985}","[-0.4548, 0.041, 0.666]","[-0.4548, 0.041, 0.666]","[-1.592019271850586, -0.46826890110969543, 0.01796224415302269]","[-3.664, -0.9079999999999999, -0.21500000000000002]","[-1.4656513078689575, -0.666, 0.082]","{""intercept"": -1.1764585936996366, ""n"": 985, ""r"": -0.2655600222750169, ""slope"": -0.6796158791822637}","{""intercept"": -1.3315482491332784, ""n"": 985, ""r"": -0.10914328524480713, ""slope"": -0.1755830812876615}","[-3036.0, -1033.0, 59.399999999999636]","[-449.6, 45.0, 666.0]","[-449.6, 45.0, 666.0]","[849.0, 4063.0, 5393.8]","[-449.6, 45.0, 666.0]","[7835.0, 8103.0, 8171.0]"
00000010--1a669b40ed,False,True,86efed0aea6c09691117140c344cf4c3d4b8f505,driver_gas,1097,1096,"{""11"": 48, ""63"": 1049}","[-0.3935, -0.187, 0.934]","[-0.393, -0.187, 0.934]","[-0.09398743882775307, 0.9690036773681641, 1.439376175403595]","[0.012750000000000011, 0.998, 1.502]","[-0.016543714463710772, 0.9516015014648438, 1.5647895851135254]","{""intercept"": 0.8431986178455417, ""n"": 1096, ""r"": 0.3866098418080148, ""slope"": 0.5435586295612723}","{""intercept"": 0.12827369354770302, ""n"": 1096, ""r"": 0.7637228552200447, ""slope"": 0.8766857208098311}","[-122.19999999999999, 963.0, 1693.8000000000006]","[-118.0, 963.0, 1693.8000000000006]","[-756.1999999999999, -201.0, 627.6000000000004]","[3361.2, 5176.0, 6281.4]","[-131.0, 963.0, 1693.8000000000006]","[0.0, 0.0, 0.0]"
00000010--1a669b40ed,False,True,86efed0aea6c09691117140c344cf4c3d4b8f505,standstill,6748,6466,"{""11"": 72, ""63"": 6676}","[-0.387, -0.387, -0.387]","[-0.387, -0.387, -0.387]","[0.0, 0.0, -0.0]","[0.0, 0.0, 0.0]","[0.387, 0.387, 0.387]","{""intercept"": 0.0137646565699854, ""n"": 6466, ""r"": 0.7797780949004839, ""slope"": 1.0625381086617987}","{""intercept"": -0.38370140171043665, ""n"": 6466, ""r"": -0.026181542953395514, ""slope"": -0.15362992710360177}","[-387.0, -387.0, -82.0]","[-387.0, -387.0, -82.0]","[-387.0, -387.0, -82.0]","[-387.0, -387.0, -82.0]","[-387.0, -387.0, -82.0]","[0.0, 0.0, 0.0]"
00000010--1a669b40ed,False,True,86efed0aea6c09691117140c344cf4c3d4b8f505,op_braking,339,339,"{""11"": 337, ""63"": 2}","[-1.4511, -0.58, -0.297]","[-0.096, 0.916, 0.9461]","[-1.4853265762329102, -0.6929773688316345, 0.07828188836574414]","[-0.005100000000000002, 0.02999999999999997, 0.08800000000000002]","[-0.21066184077262878, -0.09413832759857166, 0.30285146689414966]","{""intercept"": 0.007328615152554994, ""n"": 339, ""r"": 0.9981173308577306, ""slope"": 0.9633590887526995}","{""intercept"": -0.02930474834226161, ""n"": 339, ""r"": 0.9631812317379099, ""slope"": 0.8340079691283644}","[-1384.4, -561.0, -270.7000000000001]","[-814.2, -455.0, -55.600000000000136]","[-846.3, -589.0, -133.60000000000014]","[2677.9, 2888.0, 4131.199999999998]","[-846.3, -589.0, -133.60000000000014]","[0.0, 0.0, 0.0]"
00000010--1a669b40ed,False,True,86efed0aea6c09691117140c344cf4c3d4b8f505,op_accelerating,203,203,"{""11"": 203}","[0.1, 0.499, 0.926]","[0.1, 0.499, 0.926]","[0.08920209780335427, 0.7764569520950317, 0.9735182642936706]","[-0.02100000000000002, 0.0050000000000000044, 0.07129999999999967]","[-0.11879590934515, 0.08052025127410889, 0.40931232213974]","{""intercept"": 0.018514270936656023, ""n"": 203, ""r"": 0.9800636199028928, ""slope"": 0.9849673116947257}","{""intercept"": 0.15384030276580768, ""n"": 203, ""r"": 0.7440004887113236, ""slope"": 0.580825290001977}","[102.1, 510.0, 931.0]","[102.1, 510.0, 931.0]","[-983.9, -583.0, -432.1]","[2651.2, 5865.0, 6098.3]","[-983.9, -583.0, -432.1]","[0.0, 0.0, 0.0]"
00000010--1a669b40ed,False,True,86efed0aea6c09691117140c344cf4c3d4b8f505,op_near_zero,7328,7328,"{""11"": 7328}","[-0.17065, 0.014, 0.188]","[-0.041, 0.045, 0.14]","[-0.18026263192296027, 0.0015041393344290555, 0.1609976008534431]","[-0.020999999999999994, 0.0, 0.019000000000000003]","[-0.23683388296905905, -0.020525749500840906, 0.2306522777892648]","{""intercept"": -4.689122824255858e-05, ""n"": 7328, ""r"": 0.9896625249307537, ""slope"": 0.9736849520718763}","{""intercept"": 0.012126544944943968, ""n"": 7328, ""r"": 0.173765761478843, ""slope"": 0.1483409710278787}","[-168.0, 14.0, 185.0]","[-164.0, 20.0, 185.0]","[-1069.0, -394.0, -15.700000000000728]","[2741.0, 3251.0, 5776.0]","[-1069.0, -394.0, -15.700000000000728]","[0.0, 0.0, 0.0]"
00000010--1a669b40ed,False,True,86efed0aea6c09691117140c344cf4c3d4b8f505,native_or_stock_cruise,3,3,"{""11"": 2, ""63"": 1}","[-0.4248, 0.0, 0.0972]","[-0.42500000000000004, -0.002, 0.1717]","[-0.5151008324464783, -0.002702312311157584, 0.1470396919408813]","[-0.041599999999999984, -0.0020000000000000018, 0.0033999999999999994]","[-0.1096354812150821, -0.1000340013504028, 0.13730652303695676]","{""intercept"": null, ""n"": 3, ""r"": null, ""slope"": null}","{""intercept"": null, ""n"": 3, ""r"": null, ""slope"": null}","[-465.8, 4.0, 95.79999999999998]","[-465.8, 4.0, 95.79999999999998]","[-596.3, -518.0, -388.40000000000003]","[2794.7, 2891.0, 5828.599999999999]","[-596.3, -518.0, -341.6]","[0.0, 0.0, 0.0]"
00000010--1a669b40ed,False,True,86efed0aea6c09691117140c344cf4c3d4b8f505,manual_moving,1405,1405,"{""11"": 2, ""63"": 1403}","[-0.4572, -0.092, 0.41000000000000003]","[-0.4572, -0.092, 0.41000000000000003]","[-0.4651540040969849, -0.14609625935554504, 0.30672966241836547]","[-0.175, -0.0010000000000000009, 0.006799999999999949]","[-0.5064537612438201, -0.05206288361549377, 0.3543532239198684]","{""intercept"": -0.033918843395676974, ""n"": 1405, ""r"": 0.9737909670775469, ""slope"": 0.9276128944715515}","{""intercept"": -0.026130883707854997, ""n"": 1405, ""r"": 0.6573738397840262, ""slope"": 0.5599162878109335}","[-458.8, -111.0, 381.79999999999995]","[-445.6, -92.0, 405.1999999999998]","[-453.6, -92.0, 405.1999999999998]","[3446.4, 4207.0, 5612.0]","[-451.4, -92.0, 405.1999999999998]","[0.0, 0.0, 8188.0]"
00000019--9855186dfe,False,True,54face157f02574d7df9562b05791df0a9412136,driver_brake,2108,2108,"{""11"": 9, ""63"": 2099}","[-0.464, 0.18, 0.785]","[-0.464, 0.181, 0.785]","[-2.05724915266037, -0.36149026453495026, 8.945074841903709e-05]","[-2.4375, -1.079, -0.24799999999999997]","[-2.0041177877426146, -0.6500357385924872, -0.037]","{""intercept"": -1.1718530354817078, ""n"": 2108, ""r"": 0.3353700206588941, ""slope"": 0.5657835499016104}","{""intercept"": -0.7957448141304517, ""n"": 2108, ""r"": 0.42342479558485024, ""slope"": 0.4289751181685778}","[-2255.25, -982.5, -99.75000000000068]","[-462.0, 189.0, 785.0]","[-463.65, 186.0, 785.0]","[861.9500000000003, 4258.0, 5139.0]","[-463.65, 186.0, 785.0]","[7955.0, 8087.0, 8168.0]"
00000019--9855186dfe,False,True,54face157f02574d7df9562b05791df0a9412136,driver_gas,3169,3167,"{""11"": 63, ""63"": 3106}","[-0.551, -0.272, 0.316]","[-0.5650000000000001, -0.309, 0.675]","[-0.1915473163127899, 0.6772030591964722, 2.0362017393112173]","[0.09530000000000001, 0.786, 2.2737]","[0.004258615782111895, 0.787759892463684, 2.4168058698654176]","{""intercept"": 0.8254318787142639, ""n"": 3167, ""r"": 0.15273550654447546, ""slope"": 0.39063478961381465}","{""intercept"": 0.030614667582528145, ""n"": 3167, ""r"": 0.934391327628406, ""slope"": 0.9414283216945891}","[-149.0, 659.0, 2176.7999999999997]","[-149.0, 659.0, 2176.7999999999997]","[-670.0, -413.0, 282.19999999999936]","[1909.0, 4036.0, 6026.2]","[-172.6, 659.0, 2176.7999999999997]","[0.0, 0.0, 0.0]"
00000019--9855186dfe,False,True,54face157f02574d7df9562b05791df0a9412136,standstill,2249,1899,"{""11"": 505, ""63"": 1744}","[-1.5, -0.082, 0.581]","[-0.4, -0.082, 0.581]","[-7.500273121216305e-15, 0.0, 2.3616968400179595e-15]","[-0.665, 0.0, 0.0]","[-0.581, 0.082, 1.5]","{""intercept"": -0.014554092591150022, ""n"": 1899, ""r"": 0.9932194341075745, ""slope"": 1.3829347615782268}","{""intercept"": -0.5515386115658154, ""n"": 1899, ""r"": 0.011978220048507997, ""slope"": 0.2051595881149624}","[-2163.0, -82.0, 206.99999999998863]","[-141.0, -82.0, 571.0]","[-141.0, -82.0, 571.0]","[-82.0, -82.0, 4298.6]","[-141.0, -82.0, 571.0]","[0.0, 0.0, 0.0]"
00000019--9855186dfe,False,True,54face157f02574d7df9562b05791df0a9412136,op_braking,1202,1202,"{""11"": 1201, ""63"": 1}","[-1.355, -0.758, -0.34619999999999984]","[-1.7247000000000001, 0.38, 0.838]","[-1.291108876466751, -0.7377119064331055, -0.3586668342351913]","[-0.01595000000000001, 0.006000000000000005, 0.06900000000000006]","[-0.1688085439443588, 0.022555639505386416, 0.1674264341771603]","{""intercept"": -0.00410984904727498, ""n"": 1202, ""r"": 0.9961110327683621, ""slope"": 0.977142965878887}","{""intercept"": -0.027731483150010495, ""n"": 1202, ""r"": 0.9376104587508872, ""slope"": 0.965164768506171}","[-1321.9, -750.0, -337.04999999999995]","[-889.0, -631.0, 94.55000000000041]","[-889.0, -750.0, 94.55000000000041]","[2030.05, 2831.0, 4203.95]","[-889.0, -750.0, 94.55000000000041]","[0.0, 0.0, 0.0]"
00000019--9855186dfe,False,True,54face157f02574d7df9562b05791df0a9412136,op_accelerating,46,46,"{""11"": 45, ""63"": 1}","[0.29425, 0.352, 0.378]","[0.14400000000000002, 0.255, 0.375]","[-0.06665831990540028, 0.3365137428045273, 0.4129011705517769]","[-0.34475, -0.0020000000000000018, 0.015749999999999972]","[-0.41865831990540026, -3.1089782714932568e-06, 0.11224875575304033]","{""intercept"": -0.45617430206431386, ""n"": 46, ""r"": 0.6693323010996479, ""slope"": 2.220201095549759}","{""intercept"": 0.21381688839854074, ""n"": 46, ""r"": 0.363561682602468, ""slope"": 0.30226137525472735}","[10.25, 340.5, 377.75]","[10.25, 340.5, 377.75]","[-513.75, -496.0, -473.0]","[2931.0, 4506.5, 4524.25]","[-513.75, -496.0, -469.25]","[0.0, 0.0, 0.0]"
00000019--9855186dfe,False,True,54face157f02574d7df9562b05791df0a9412136,op_near_zero,4828,4828,"{""11"": 4827, ""63"": 1}","[-0.171, 0.034, 0.20800000000000002]","[-0.043000000000000003, 0.256, 0.8616499999999996]","[-0.2633388727903366, 0.028380264528095722, 0.2832298710942267]","[-0.021999999999999992, -0.001, 0.01999999999999999]","[-0.20125949957966804, -0.006045493494719265, 0.20038573425859207]","{""intercept"": -0.000313825104367218, ""n"": 4828, ""r"": 0.9899693055913311, ""slope"": 0.9855682933798035}","{""intercept"": 0.01918121370628786, ""n"": 4828, ""r"": 0.6734809261287772, ""slope"": 0.4698228291734135}","[-169.0, 32.0, 207.0]","[-169.0, 32.0, 207.0]","[-695.0, -472.0, -204.0500000000011]","[1825.35, 3081.0, 4602.65]","[-695.0, -472.0, -204.0500000000011]","[0.0, 0.0, 0.0]"
00000019--9855186dfe,False,True,54face157f02574d7df9562b05791df0a9412136,native_or_stock_cruise,5,5,"{""11"": 4, ""63"": 1}","[0.0, 0.1, 0.663]","[-0.06, 0.634, 0.663]","[-0.09790690522640944, 0.1497899442911148, 0.18455833196640015]","[-0.6158, -0.494, -0.002800000000000001]","[-0.5115946893692017, -0.12463539838790894, 0.07478639025241135]","{""intercept"": null, ""n"": 5, ""r"": null, ""slope"": null}","{""intercept"": null, ""n"": 5, ""r"": null, ""slope"": null}","[-316.4, -2.0, 47.8]","[-316.4, -2.0, 47.8]","[-647.8, -590.0, -360.40000000000003]","[1976.2, 2836.0, 4824.2]","[-607.0, -590.0, -326.8]","[0.0, 0.0, 0.0]"
00000019--9855186dfe,False,True,54face157f02574d7df9562b05791df0a9412136,manual_moving,1071,1071,"{""11"": 2, ""63"": 1069}","[-0.486, -0.171, 0.3835]","[-0.486, -0.171, 0.3835]","[-0.6380821168422699, -0.1512347012758255, 0.39720144867897034]","[-0.12, 0.0, 0.008999999999999994]","[-0.309337427854538, -0.0054306721687317205, 0.4692965727448464]","{""intercept"": -0.01764226815897956, ""n"": 1071, ""r"": 0.9818882884258379, ""slope"": 0.9810467266076575}","{""intercept"": -0.08405356115001651, ""n"": 1071, ""r"": 0.758994682993297, ""slope"": 0.6114441346591851}","[-562.0, -174.0, 380.0]","[-486.0, -159.0, 380.0]","[-486.0, -167.0, 376.5]","[2987.0, 3858.0, 5208.5]","[-486.0, -163.0, 376.5]","[0.0, 0.0, 8185.0]"
0000003a--7d62f5b41f,False,True,747ea0ae4f389ae8316b5ee626af9ccd31509312,driver_brake,858,858,"{""63"": 858}","[-0.5613, 0.015, 0.42779999999999974]","[-0.5613, 0.015, 0.42779999999999974]","[-2.09294216632843, -0.3044250160455704, 0.045659499801695286]","[-1.8969999999999998, -0.6275000000000001, -0.18485000000000001]","[-1.6997264093875883, -0.4526166495382786, 0.082]","{""intercept"": -0.8172246822825441, ""n"": 858, ""r"": 0.568796872531859, ""slope"": 1.3176082466685433}","{""intercept"": -0.4096793192817946, ""n"": 858, ""r"": 0.6490903511989877, ""slope"": 0.6595928172152005}","[-2316.6, -665.5, 176.44999999999993]","[-554.45, 17.5, 471.9499999999997]","[-554.45, 17.5, 471.9499999999997]","[-82.0, 4027.5, 6080.2]","[-554.45, 17.5, 471.9499999999997]","[8006.0, 8131.0, 8175.0]"
0000003a--7d62f5b41f,False,True,747ea0ae4f389ae8316b5ee626af9ccd31509312,driver_gas,5194,5194,"{""63"": 5194}","[-1.111, -0.426, 0.030349999999999454]","[-1.111, -0.426, 0.030349999999999454]","[-0.4366792693734169, 0.17671306431293488, 0.8698186457157128]","[0.089, 0.653, 1.428]","[0.05482175978124142, 0.6038125929832459, 1.5032015783905979]","{""intercept"": 0.38287460980731075, ""n"": 5194, ""r"": 0.34683138930275415, ""slope"": 0.4007307760889298}","{""intercept"": 0.04579174033593764, ""n"": 5194, ""r"": 0.8256405239399601, ""slope"": 0.8310894181663024}","[-413.0499999999999, 166.0, 955.0]","[-413.0499999999999, 166.0, 955.0]","[-1111.0, -427.0, 30.0]","[2481.0, 4574.5, 6061.049999999998]","[-413.0499999999999, 166.0, 955.0]","[0.0, 0.0, 0.0]"
0000003a--7d62f5b41f,False,True,747ea0ae4f389ae8316b5ee626af9ccd31509312,standstill,15937,15656,"{""63"": 15937}","[-0.417, -0.417, -0.082]","[-0.417, -0.417, -0.082]","[0.0, -0.0, 0.0]","[0.0, 0.0, 0.0]","[0.082, 0.417, 0.417]","{""intercept"": -0.0009848450507896178, ""n"": 15656, ""r"": 0.9994312551760833, ""slope"": 0.9970538857478528}","{""intercept"": null, ""n"": 15656, ""r"": null, ""slope"": null}","[-417.0, -417.0, -82.0]","[-417.0, -417.0, -82.0]","[-417.0, -417.0, -82.0]","[-417.0, -417.0, -82.0]","[-417.0, -417.0, -82.0]","[0.0, 0.0, 0.0]"
0000003a--7d62f5b41f,False,True,747ea0ae4f389ae8316b5ee626af9ccd31509312,op_near_zero,34,1,"{""11"": 19, ""63"": 15}","[0.0, 0.0, 0.0]","[-0.004, -0.004, -0.004]","[0.11965841054916382, 0.11965841054916382, 0.11965841054916382]","[-0.279, -0.279, -0.279]","[0.11965841054916382, 0.11965841054916382, 0.11965841054916382]","{""intercept"": null, ""n"": 1, ""r"": null, ""slope"": null}","{""intercept"": null, ""n"": 1, ""r"": null, ""slope"": null}","[-336.05, -7.0, 5.049999999999994]","[-336.05, -7.0, 5.049999999999994]","[-349.35, -338.0, -315.0]","[4704.95, 6186.0, 6203.7]","[-348.35, -334.5, -314.3]","[0.0, 0.0, 0.0]"
0000003a--7d62f5b41f,False,True,747ea0ae4f389ae8316b5ee626af9ccd31509312,manual_moving,2016,2016,"{""63"": 2016}","[-0.628, -0.221, 0.32075]","[-0.628, -0.221, 0.32075]","[-0.7825935333967209, -0.1954599916934967, 0.263471283018589]","[-0.131, 0.0, 0.006249999999999978]","[-0.35490235990285873, 0.006095058858394634, 0.3455030842721462]","{""intercept"": -0.024247276500746543, ""n"": 2016, ""r"": 0.9891329835498044, ""slope"": 0.9450949522084001}","{""intercept"": -0.08044828953451652, ""n"": 2016, ""r"": 0.7564095570426362, ""slope"": 0.6512347234370305}","[-626.0, -225.0, 261.0]","[-626.0, -220.0, 320.0]","[-627.25, -221.0, 320.0]","[2782.75, 4670.0, 5242.0]","[-626.0, -220.0, 320.0]","[0.0, 0.0, 8189.0]"
0000003e--1a2f20417d,False,False,be56d6f688b557c4a2226e402da30ef3597eb5d7,driver_brake,7337,7337,"{""63"": 7337}","[-0.49019999999999997, -0.002, 1.073]","[-0.49019999999999997, -0.002, 1.073]","[-2.360148239135742, -0.816209614276886, 1.4928987638995608e-06]","[-2.3697999999999997, -1.073, -0.33580000000000015]","[-2.1547396011352538, -0.9496188144683837, -0.18778016953468332]","{""intercept"": -1.2056713677880024, ""n"": 7337, ""r"": 0.6182626143084695, ""slope"": 1.059614764412815}","{""intercept"": -0.2861319318887582, ""n"": 7337, ""r"": 0.8916169540503727, ""slope"": 0.8749148310179024}","[-2679.0, -920.0, -73.0]","[-489.2, 4.0, 1073.0]","[-489.2, 4.0, 1073.0]","[2236.4, 3906.0, 4758.0]","[-489.2, 4.0, 1073.0]","[7960.8, 8087.0, 8159.0]"
0000003e--1a2f20417d,False,False,be56d6f688b557c4a2226e402da30ef3597eb5d7,driver_gas,36750,36750,"{""11"": 237, ""63"": 36513}","[-0.791, -0.521, -0.083]","[-0.791, -0.521, -0.083]","[-0.3176364526152611, 0.1430637612938881, 1.3140135884284965]","[0.09900000000000003, 0.682, 1.7400000000000002]","[0.09972341732382774, 0.6761509934663772, 1.7153328728199002]","{""intercept"": 0.6367316304310655, ""n"": 36750, ""r"": 0.3317357175202513, ""slope"": 0.760668724718646}","{""intercept"": 0.013437696326894535, ""n"": 36750, ""r"": 0.9365324365439086, ""slope"": 0.9877432346664606}","[-348.0, 146.0, 1352.5499999999956]","[-348.0, 146.0, 1352.5499999999956]","[-796.0, -535.0, -144.0]","[1206.0, 2263.0, 5114.0]","[-356.0, 146.0, 1352.5499999999956]","[0.0, 0.0, 0.0]"
0000003e--1a2f20417d,False,False,be56d6f688b557c4a2226e402da30ef3597eb5d7,standstill,1689,1374,"{""63"": 1689}","[-0.181, -0.082, 0.67]","[-0.181, -0.082, 0.67]","[-9.168266379378988e-13, 0.0, 2.407249651893174e-13]","[-0.007000000000000006, 0.0, 0.0]","[-0.6701190814254806, 0.082, 0.181]","{""intercept"": -0.004889064718090175, ""n"": 1374, ""r"": 0.9940435740663852, ""slope"": 0.9664620459342329}","{""intercept"": null, ""n"": 1374, ""r"": null, ""slope"": null}","[-181.0, -82.0, 654.0]","[-181.0, -82.0, 659.1999999999998]","[-181.0, -82.0, 659.1999999999998]","[-181.0, -82.0, 5201.0]","[-181.0, -82.0, 659.1999999999998]","[0.0, 0.0, 0.0]"
0000003e--1a2f20417d,False,False,be56d6f688b557c4a2226e402da30ef3597eb5d7,native_or_stock_cruise,102599,102599,"{""11"": 102586, ""63"": 13}","[-0.201, 0.0, 0.11]","[-0.201, 0.0, 0.11]","[-0.21011534929275513, -0.0011914983624592423, 0.16904635131359097]","[-0.005999999999999998, -0.0010000000000000009, 0.004]","[-0.12892245033979416, 0.0031668173614889383, 0.13057805917263024]","{""intercept"": -0.0010846567005760048, ""n"": 102599, ""r"": 0.9990692295714854, ""slope"": 0.9961211888194942}","{""intercept"": -0.005439203702862305, ""n"": 102599, ""r"": 0.7855681223261565, ""slope"": 0.6609525141690874}","[-201.0, -2.0, 108.0]","[-201.0, -2.0, 108.0]","[-745.0, -627.0, -450.0]","[1139.0, 1383.0, 1765.0]","[-745.0, -627.0, -450.0]","[0.0, 0.0, 0.0]"
0000003e--1a2f20417d,False,False,be56d6f688b557c4a2226e402da30ef3597eb5d7,manual_moving,7643,7643,"{""11"": 1, ""63"": 7642}","[-0.638, -0.374, 0.25889999999999963]","[-0.638, -0.374, 0.25889999999999963]","[-0.6625339925289154, -0.29685550928115845, 0.19121040105819687]","[-0.015000000000000013, 0.0010000000000000009, 0.006000000000000005]","[-0.255922142791748, 0.04213627028465272, 0.3322920338138938]","{""intercept"": -0.011402903677773475, ""n"": 7643, ""r"": 0.9962142317403155, ""slope"": 0.9722272952271308}","{""intercept"": -0.13552922042820015, ""n"": 7643, ""r"": 0.7637992314098226, ""slope"": 0.6674199526734559}","[-638.0, -375.0, 174.89999999999964]","[-636.9, -373.0, 259.0]","[-637.0, -373.0, 258.0]","[1288.0, 3123.0, 4738.9]","[-636.9, -373.0, 259.0]","[0.0, 0.0, 0.0]"
0000003f--36e72f5fdc,False,False,be56d6f688b557c4a2226e402da30ef3597eb5d7,driver_brake,10478,10116,"{""11"": 5, ""63"": 10473}","[-0.495, 0.178, 0.714]","[-0.495, 0.178, 0.714]","[-2.415649950504303, -0.35368742048740387, 1.6670980471644725e-06]","[-2.19825, -1.3405, -0.31275]","[-2.077492899894714, -0.6984962849300355, -0.05094479182362556]","{""intercept"": -1.2711632840020068, ""n"": 10116, ""r"": 0.5920047193967863, ""slope"": 0.9497436337272315}","{""intercept"": -0.583170590225656, ""n"": 10116, ""r"": 0.825250821080598, ""slope"": 0.7202707149894025}","[-2544.35, -868.0, -138.0]","[-490.0, 210.0, 719.0]","[-491.0, 210.0, 719.0]","[1848.5500000000002, 3704.0, 4970.15]","[-491.0, 210.0, 719.0]","[7981.0, 8062.0, 8163.0]"
0000003f--36e72f5fdc,False,False,be56d6f688b557c4a2226e402da30ef3597eb5d7,driver_gas,36837,36837,"{""11"": 1247, ""63"": 35590}","[-0.793, -0.488, 0.066]","[-0.793, -0.488, 0.066]","[-0.35197563171386714, 0.18453523516654968, 1.3183735847473144]","[0.027999999999999997, 0.666, 1.8410000000000002]","[-0.000245929598808307, 0.6557567331790924, 1.7908291572570794]","{""intercept"": 0.47749631226117223, ""n"": 36837, ""r"": 0.19980457491735956, ""slope"": 0.3895973113345137}","{""intercept"": 0.019417813906088575, ""n"": 36837, ""r"": 0.9396135598111164, ""slope"": 0.972358064231862}","[-351.0, 189.0, 1396.0]","[-351.0, 189.0, 1396.0]","[-798.0, -515.0, -225.0]","[1191.0, 2135.0, 5068.0]","[-375.0, 183.0, 1396.0]","[0.0, 0.0, 0.0]"
0000003f--36e72f5fdc,False,False,be56d6f688b557c4a2226e402da30ef3597eb5d7,standstill,12085,12062,"{""63"": 12085}","[-0.181, -0.181, -0.181]","[-0.181, -0.181, -0.181]","[0.0, 0.0, -0.0]","[0.0, 0.0, 0.0]","[0.181, 0.181, 0.181]","{""intercept"": -0.007963316130313352, ""n"": 12062, ""r"": 0.9956432595487922, ""slope"": 0.9570366512677891}","{""intercept"": null, ""n"": 12062, ""r"": null, ""slope"": null}","[-181.0, -181.0, -181.0]","[-181.0, -181.0, -181.0]","[-181.0, -181.0, -181.0]","[-181.0, -181.0, -181.0]","[-181.0, -181.0, -181.0]","[0.0, 0.0, 0.0]"
0000003f--36e72f5fdc,False,False,be56d6f688b557c4a2226e402da30ef3597eb5d7,native_or_stock_cruise,101176,101176,"{""11"": 101107, ""63"": 69}","[-0.249, -0.002, 0.14400000000000002]","[-0.249, -0.002, 0.14400000000000002]","[-0.2593017593026161, -0.003388703684322536, 0.18043605238199234]","[-0.006000000000000005, -0.0010000000000000009, 0.0049999999999999975]","[-0.13395335425436497, 0.0012919280920177683, 0.13336847999691961]","{""intercept"": -0.001074602318894746, ""n"": 101176, ""r"": 0.9988451816998752, ""slope"": 1.000460887025363}","{""intercept"": -0.005461878871551759, ""n"": 101176, ""r"": 0.8573553573131403, ""slope"": 0.7898618507652253}","[-249.0, -3.0, 143.0]","[-247.0, -3.0, 143.0]","[-732.0, -582.0, -404.0]","[1117.0, 1416.0, 2207.0]","[-732.0, -582.0, -404.0]","[0.0, 0.0, 0.0]"
0000003f--36e72f5fdc,False,False,be56d6f688b557c4a2226e402da30ef3597eb5d7,manual_moving,6566,6552,"{""11"": 13, ""63"": 6553}","[-0.628, -0.404, 0.30644999999999983]","[-0.628, -0.404, 0.30644999999999983]","[-0.7141493201255799, -0.3441508263349533, 0.26967812776565525]","[-0.02345000000000001, 0.0009999999999999454, 0.008000000000000007]","[-0.31413300483226775, 0.021288077801465993, 0.43054918285608273]","{""intercept"": -0.010201151280097567, ""n"": 6552, ""r"": 0.9892808182345105, ""slope"": 0.9769917760858541}","{""intercept"": -0.14344303581566678, ""n"": 6552, ""r"": 0.7556613963320986, ""slope"": 0.6299170619516308}","[-628.0, -406.5, 307.75]","[-623.75, -402.0, 313.0]","[-626.75, -404.0, 312.75]","[1090.5, 2589.0, 4693.75]","[-626.75, -403.0, 312.75]","[0.0, 0.0, 8179.0]"
00000041--a8c2152e46,False,True,747ea0ae4f389ae8316b5ee626af9ccd31509312,driver_brake,325,260,"{""11"": 5, ""63"": 320}","[-0.543, -0.029, 0.707]","[-0.543, -0.029, 0.707]","[-3.1360028862953184, -0.6560315489768982, 0.0]","[-3.2294, -0.5625, -0.20899999999999996]","[-2.9753028862953186, -0.5790909402370452, 0.041]","{""intercept"": -1.197186519941087, ""n"": 260, ""r"": -0.022719588600749806, ""slope"": -0.06515774987416201}","{""intercept"": -0.6926962037704208, ""n"": 260, ""r"": 0.488905633162185, ""slope"": 0.521450844921814}","[-3188.4, -922.0, -304.0]","[-542.0, -41.0, 330.40000000000015]","[-542.0, -41.0, 330.40000000000015]","[-41.0, 3403.0, 4266.8]","[-542.0, -41.0, 330.40000000000015]","[7880.6, 8116.0, 8172.0]"
00000041--a8c2152e46,False,True,747ea0ae4f389ae8316b5ee626af9ccd31509312,driver_gas,857,857,"{""11"": 74, ""63"": 783}","[-0.6432, -0.23900000000000002, 0.2543999999999995]","[-0.6392, -0.23800000000000002, 0.9420000000000001]","[0.24762691259384156, 0.9752967953681946, 2.081589174270629]","[0.002, 1.1, 2.3331999999999993]","[0.16494388133287466, 1.1317715644836426, 2.3403183109283447]","{""intercept"": 0.9494211589826438, ""n"": 857, ""r"": 0.05157113328286331, ""slope"": 0.10829422709397778}","{""intercept"": 0.20320535667452347, ""n"": 857, ""r"": 0.7501583213038971, ""slope"": 0.753433305914087}","[2.8000000000000043, 856.0, 2157.3999999999987]","[3.0, 856.0, 2157.3999999999987]","[-971.8, -362.0, 260.7999999999997]","[2374.8, 4006.0, 5826.2]","[-101.19999999999999, 856.0, 2157.3999999999987]","[0.0, 0.0, 0.0]"
00000041--a8c2152e46,False,True,747ea0ae4f389ae8316b5ee626af9ccd31509312,standstill,146,18,"{""63"": 146}","[0.687, 0.687, 0.707]","[0.687, 0.687, 0.707]","[0.0, 0.0, 0.0]","[-0.29194999999999993, 0.0, 0.0]","[-0.707, -0.687, -0.687]","{""intercept"": null, ""n"": 18, ""r"": null, ""slope"": null}","{""intercept"": null, ""n"": 18, ""r"": null, ""slope"": null}","[-41.0, -41.0, 687.0]","[-41.0, -41.0, 687.0]","[-41.0, -41.0, 687.0]","[-41.0, -41.0, 4989.5]","[-41.0, -41.0, 687.0]","[0.0, 0.0, 0.0]"
00000041--a8c2152e46,False,True,747ea0ae4f389ae8316b5ee626af9ccd31509312,op_braking,486,486,"{""11"": 484, ""63"": 2}","[-1.5, -0.8310000000000001, -0.33725000000000005]","[-0.12125, 0.9065000000000001, 0.9447500000000001]","[-1.4620271623134613, -0.8308019936084747, -0.03920559585094452]","[-0.03975000000000002, 0.031000000000000028, 0.09500000000000006]","[-0.2119931330680847, -0.060649183988571165, 0.444592206388712]","{""intercept"": -0.037924294968305176, ""n"": 486, ""r"": 0.8998629548629213, ""slope"": 0.8942193380960488}","{""intercept"": -0.20116723523471483, ""n"": 486, ""r"": 0.8725598487775692, ""slope"": 0.7422705241006589}","[-1487.0, -789.0, -260.25]","[-820.25, -523.0, -67.75]","[-833.0, -578.0, -89.25]","[2709.25, 3000.0, 4292.75]","[-833.0, -578.0, -89.25]","[0.0, 0.0, 0.0]"
00000041--a8c2152e46,False,True,747ea0ae4f389ae8316b5ee626af9ccd31509312,op_accelerating,518,518,"{""11"": 517, ""63"": 1}","[0.30385, 0.85, 1.3]","[0.225, 0.748, 0.9460000000000001]","[0.1353839747607708, 0.7727029025554657, 1.4702777564525604]","[-0.1262999999999999, -0.0020000000000000018, 0.058300000000000005]","[-0.4774894909858704, -0.006725061655044551, 0.3187856850624084]","{""intercept"": -0.0011976251456718226, ""n"": 518, ""r"": 0.958974987060047, ""slope"": 0.9765506412572197}","{""intercept"": 0.16265528998112025, ""n"": 518, ""r"": 0.9213311142596741, ""slope"": 0.8059974727040242}","[289.85, 782.5, 1304.0]","[290.0, 782.5, 1304.0]","[-737.0, -494.0, -104.85000000000002]","[2861.0, 4911.0, 6052.15]","[-737.0, -494.0, -104.85000000000002]","[0.0, 0.0, 0.0]"
00000041--a8c2152e46,False,True,747ea0ae4f389ae8316b5ee626af9ccd31509312,op_near_zero,7465,7465,"{""11"": 7464, ""63"": 1}","[-0.189, 0.007, 0.194]","[-0.063, 0.073, 0.294]","[-0.17897660434246063, -0.00020943261915817857, 0.21527879238128603]","[-0.020000000000000004, 0.0, 0.019000000000000003]","[-0.20551545596122742, -0.008516935829073192, 0.23249504553079556]","{""intercept"": -0.001206851559706865, ""n"": 7465, ""r"": 0.9745713361008341, ""slope"": 0.9778692787081067}","{""intercept"": 0.0038144788845331057, ""n"": 7465, ""r"": 0.38921458333794784, ""slope"": 0.3340826811601948}","[-189.0, 5.0, 192.0]","[-186.0, 5.0, 192.0]","[-1063.0, -500.0, -73.0]","[2496.4, 2996.0, 4985.0]","[-1063.0, -500.0, -73.0]","[0.0, 0.0, 0.0]"
00000041--a8c2152e46,False,True,747ea0ae4f389ae8316b5ee626af9ccd31509312,native_or_stock_cruise,7,7,"{""11"": 6, ""63"": 1}","[-0.2666, 0.01, 0.5393999999999998]","[-0.40759999999999996, 0.01, 0.279]","[-0.2798762299120426, 0.04613044485449791, 0.4968073606491085]","[-0.21820000000000003, -0.027000000000000003, 0.006900000000000001]","[-0.19364070901274683, 0.0020790870860219, 0.044740001001954036]","{""intercept"": null, ""n"": 7, ""r"": null, ""slope"": null}","{""intercept"": null, ""n"": 7, ""r"": null, ""slope"": null}","[-326.4, -6.0, 483.59999999999957]","[-326.4, -6.0, 483.59999999999957]","[-494.0, -440.0, -422.8]","[2099.0, 2895.0, 5616.0999999999985]","[-494.0, -440.0, -383.90000000000003]","[0.0, 0.0, 0.0]"
00000041--a8c2152e46,False,True,747ea0ae4f389ae8316b5ee626af9ccd31509312,manual_moving,608,608,"{""11"": 6, ""63"": 602}","[-0.543, -0.4475, -0.05070000000000005]","[-0.543, -0.4475, -0.05070000000000005]","[-0.6314311534166336, -0.4069949686527252, 0.13462424576282495]","[-0.01330000000000001, 0.0010000000000000009, 0.007000000000000006]","[-0.19630870070457457, 0.07406659591197967, 0.43335417610257854]","{""intercept"": -0.002064753298500349, ""n"": 608, ""r"": 0.9179905041834491, ""slope"": 0.9824887736662125}","{""intercept"": -0.2832285752137694, ""n"": 608, ""r"": 0.5173540170417209, ""slope"": 0.34276304146622383}","[-553.0, -447.0, -47.35000000000002]","[-543.0, -447.0, -35.700000000000045]","[-543.0, -448.5, -47.35000000000002]","[2896.0, 3811.5, 4483.65]","[-543.0, -448.5, -47.35000000000002]","[0.0, 0.0, 0.0]"
00000042--169d4d611d,False,,747ea0ae4f389ae8316b5ee626af9ccd31509312,driver_brake,76,0,"{""63"": 76}",,,,,,"{""intercept"": null, ""n"": 0, ""r"": null, ""slope"": null}","{""intercept"": null, ""n"": 0, ""r"": null, ""slope"": null}","[-717.0, -589.5, -221.0]","[-12.0, -6.0, 2.0]","[-12.0, -6.0, 2.0]","[3417.0, 3421.0, 3426.0]","[-12.0, -6.0, 2.0]","[8123.0, 8135.0, 8172.0]"
00000042--169d4d611d,False,,747ea0ae4f389ae8316b5ee626af9ccd31509312,manual_moving,1,0,"{""63"": 1}",,,,,,"{""intercept"": null, ""n"": 0, ""r"": null, ""slope"": null}","{""intercept"": null, ""n"": 0, ""r"": null, ""slope"": null}","[-213.0, -213.0, -213.0]","[-13.0, -13.0, -13.0]","[-13.0, -13.0, -13.0]","[3416.0, 3416.0, 3416.0]","[-13.0, -13.0, -13.0]","[8173.0, 8173.0, 8173.0]"
00000043--29caa20fbc,False,True,747ea0ae4f389ae8316b5ee626af9ccd31509312,driver_brake,10080,9945,"{""11"": 129, ""63"": 9951}","[-0.5608, 0.644, 0.7030000000000001]","[-0.5608, 0.644, 0.7030000000000001]","[-2.1334909915924074, 0.0, 2.3397476447625347e-13]","[-1.8230000000000002, -0.877, -0.507]","[-1.7671642044067384, -0.644, -0.3761040060997012]","{""intercept"": -1.008950612961616, ""n"": 9945, ""r"": 0.8172273022639719, ""slope"": 1.1106836267435944}","{""intercept"": -0.241807371304248, ""n"": 9945, ""r"": 0.9475393543821642, ""slope"": 0.8990538451295514}","[-2170.0, -282.0, 47.0]","[-531.0, 644.0, 753.0]","[-531.0, 644.0, 753.0]","[2888.0, 4327.0, 4438.0]","[-531.0, 644.0, 753.0]","[8009.95, 8107.0, 8140.0]"
00000043--29caa20fbc,False,True,747ea0ae4f389ae8316b5ee626af9ccd31509312,driver_gas,12777,12777,"{""11"": 715, ""63"": 12062}","[-0.685, -0.459, 0.0]","[-0.722, -0.464, 0.39119999999999894]","[-0.2683671772480011, 0.26573485136032104, 1.805384373664853]","[0.001, 0.671, 2.192]","[0.025267105293273927, 0.6622531479597091, 2.1538528451919556]","{""intercept"": 0.6094974820035606, ""n"": 12777, ""r"": 0.1634255419482803, ""slope"": 0.38071897018689654}","{""intercept"": 0.0014536686859126392, ""n"": 12777, ""r"": 0.9560631189499806, ""slope"": 1.0037825661760682}","[-262.0, 248.0, 1834.7999999999956]","[-262.0, 248.0, 1834.7999999999956]","[-841.0, -519.0, -230.0]","[1616.0, 2903.0, 5318.0]","[-281.0, 248.0, 1834.7999999999956]","[0.0, 0.0, 0.0]"
00000043--29caa20fbc,False,True,747ea0ae4f389ae8316b5ee626af9ccd31509312,standstill,398,398,"{""63"": 398}","[-0.397, -0.397, 0.747]","[-0.397, -0.397, 0.747]","[-5.659320950236745e-12, 0.0, 1.6858465231445003e-11]","[-0.007000000000000023, 0.0, 0.0]","[-0.747, 0.397, 0.39700000000131697]","{""intercept"": -0.009848538348194272, ""n"": 398, ""r"": 0.995680610903026, ""slope"": 0.9784690895663699}","{""intercept"": null, ""n"": 398, ""r"": null, ""slope"": null}","[-397.0, -397.0, 740.4499999999999]","[-397.0, -397.0, 743.5999999999999]","[-397.0, -397.0, 743.5999999999999]","[-397.0, -397.0, 5243.0]","[-397.0, -397.0, 743.5999999999999]","[0.0, 0.0, 0.0]"
00000043--29caa20fbc,False,True,747ea0ae4f389ae8316b5ee626af9ccd31509312,op_braking,710,710,"{""11"": 710}","[-1.5, -1.268, -0.34435000000000016]","[-2.94, -0.1985, 0.4048499999999997]","[-1.553311276435852, -1.2328357100486755, -0.23255622237920776]","[-0.09710000000000005, 0.0020000000000000018, 0.10354999999999988]","[-0.16793255400657653, 0.006987841725349442, 0.19647470922470067]","{""intercept"": -0.009071692386159437, ""n"": 710, ""r"": 0.9913345248441745, ""slope"": 0.9849072356364894}","{""intercept"": -0.0700532359015721, ""n"": 710, ""r"": 0.9776054148343437, ""slope"": 0.9307091955584186}","[-1497.0, -1280.0, -316.0]","[-767.0, -539.5, -314.45000000000005]","[-782.55, -606.5, -430.45000000000005]","[1263.45, 3168.0, 4752.0]","[-781.55, -606.5, -430.45000000000005]","[0.0, 0.0, 0.0]"
00000043--29caa20fbc,False,True,747ea0ae4f389ae8316b5ee626af9ccd31509312,op_accelerating,243,243,"{""11"": 243}","[0.327, 0.41100000000000003, 0.499]","[0.6525000000000001, 0.983, 1.0669]","[0.21124620735645294, 0.403730571269989, 0.5109192252159118]","[-0.02899999999999997, -0.0020000000000000018, 0.021899999999999947]","[-0.2089297842979431, -0.0037895517349243457, 0.09801304183006276]","{""intercept"": -0.018395223771555946, ""n"": 243, ""r"": 0.9226885433881403, ""slope"": 1.0346289591039064}","{""intercept"": 0.25750826085544354, ""n"": 243, ""r"": 0.5634669274853144, ""slope"": 0.3839081679326877}","[317.2, 412.0, 496.0]","[317.2, 412.0, 496.0]","[-573.9, -496.0, -470.0]","[1718.2, 1981.0, 2723.999999999998]","[-573.9, -496.0, -470.0]","[0.0, 0.0, 0.0]"
00000043--29caa20fbc,False,True,747ea0ae4f389ae8316b5ee626af9ccd31509312,op_near_zero,5752,5752,"{""11"": 5744, ""63"": 8}","[-0.17200000000000001, -0.001, 0.16444999999999982]","[-0.093, 0.0885, 0.734]","[-0.2832125589251518, -0.01662041526287794, 0.2674448654055594]","[-0.019000000000000003, -0.0010000000000000009, 0.018000000000000002]","[-0.20404302140176295, -0.008112956702709201, 0.18380910167098044]","{""intercept"": -0.0015924837482837464, ""n"": 5752, ""r"": 0.9847756405392046, ""slope"": 1.0004535288083491}","{""intercept"": -0.0012592480722102123, ""n"": 5752, ""r"": 0.698531289654285, ""slope"": 0.46866596351172374}","[-176.0, -2.0, 163.0]","[-176.0, -2.0, 163.0]","[-1037.0, -545.0, -171.0]","[1337.0, 1936.0, 3190.0]","[-1037.0, -545.0, -171.0]","[0.0, 0.0, 0.0]"
00000043--29caa20fbc,False,True,747ea0ae4f389ae8316b5ee626af9ccd31509312,native_or_stock_cruise,7,7,"{""11"": 7}","[-0.0866, 0.0, 0.49009999999999954]","[-0.556, 0.008, 0.6890000000000001]","[-0.07124276794493198, 0.014322576113045216, 0.07378397174179552]","[-0.4706, -0.002, 0.023799999999999998]","[-0.4489866067409516, -0.0478937141597271, 0.11362153017744417]","{""intercept"": null, ""n"": 7, ""r"": null, ""slope"": null}","{""intercept"": null, ""n"": 7, ""r"": null, ""slope"": null}","[-93.0, 17.0, 21.0]","[-93.0, 17.0, 21.0]","[-782.0, -640.0, -297.0]","[1649.3, 2131.0, 2164.7]","[-759.6, -639.0, -297.0]","[0.0, 0.0, 0.0]"
00000043--29caa20fbc,False,True,747ea0ae4f389ae8316b5ee626af9ccd31509312,manual_moving,3715,3714,"{""11"": 7, ""63"": 3708}","[-0.7000000000000001, -0.45, 0.057]","[-0.7000000000000001, -0.45, 0.057]","[-0.75800062417984, -0.4488274157047272, 0.01465604160912322]","[-0.05534999999999999, 0.0, 0.0040000000000000036]","[-0.24074175324440003, 0.013213474512100226, 0.20832176760137083]","{""intercept"": -0.031171038380583157, ""n"": 3714, ""r"": 0.982828929086955, ""slope"": 0.937277015102718}","{""intercept"": -0.15646992534098958, ""n"": 3714, ""r"": 0.7307045609039534, ""slope"": 0.6437844934131848}","[-700.0, -450.0, -6.700000000000273]","[-699.0, -449.0, 57.0]","[-699.0, -449.0, 57.0]","[1612.7, 2968.0, 4493.0]","[-699.0, -449.0, 57.0]","[0.0, 0.0, 8182.0]"
00000045--805b7ca6ab,False,False,f8bd956a4b23eb4992c6abbe899e72b27cd91d80,driver_brake,5217,5208,"{""63"": 5217}","[-0.6, -0.134, 0.679]","[-0.6, -0.134, 0.679]","[-2.557694375514984, -0.9832623600959778, 0.061356018297374144]","[-2.55955, -1.1150000000000002, -0.26]","[-2.220347289180755, -0.8746290011405944, -0.07692689213752757]","{""intercept"": -1.207999869588079, ""n"": 5208, ""r"": 0.5314884526816049, ""slope"": 1.0814434907777442}","{""intercept"": -0.43562713876186165, ""n"": 5208, ""r"": 0.8776867430196711, ""slope"": 0.8211364252608114}","[-2892.4, -1226.0, -69.0]","[-595.0, -129.0, 679.0]","[-595.0, -129.0, 679.0]","[2505.2, 3803.0, 4831.2]","[-595.0, -129.0, 679.0]","[7942.0, 8083.0, 8167.0]"
00000045--805b7ca6ab,False,False,f8bd956a4b23eb4992c6abbe899e72b27cd91d80,driver_gas,7638,7638,"{""11"": 50, ""63"": 7588}","[-0.862, -0.399, 0.10200000000000001]","[-0.862, -0.399, 0.10200000000000001]","[-0.19549510478973386, 0.625686377286911, 2.127940464019775]","[0.10685000000000001, 1.0290000000000001, 2.618]","[0.06695806919038294, 1.016746970921755, 2.5389994210243225]","{""intercept"": 0.995272745823788, ""n"": 7638, ""r"": 0.25367764170066104, ""slope"": 0.5864536804258281}","{""intercept"": 0.02050766343547471, ""n"": 7638, ""r"": 0.9508349715498605, ""slope"": 1.000034829572561}","[-190.0, 640.0, 2274.2999999999993]","[-190.0, 640.0, 2274.2999999999993]","[-862.0, -444.0, 33.149999999999636]","[2488.7, 4073.0, 5974.0]","[-193.14999999999998, 635.5, 2274.2999999999993]","[0.0, 0.0, 0.0]"
00000045--805b7ca6ab,False,False,f8bd956a4b23eb4992c6abbe899e72b27cd91d80,standstill,1503,1188,"{""0"": 7, ""63"": 1496}","[-0.442, -0.082, 0.6158499999999988]","[-0.442, -0.082, 0.6158499999999988]","[-4.5149618500315085e-21, 0.0, 2.2545458838306366e-20]","[-0.0040000000000000036, 0.0, 0.0]","[-0.61585, 0.082, 0.442]","{""intercept"": -0.003230142357771278, ""n"": 1188, ""r"": 0.9974689725470526, ""slope"": 0.98038759245463}","{""intercept"": null, ""n"": 1188, ""r"": null, ""slope"": null}","[-442.0, -82.0, 292.0]","[-442.0, -82.0, 298.59999999999945]","[-442.0, -82.0, 298.59999999999945]","[-442.0, -82.0, 4849.0]","[-442.0, -82.0, 298.59999999999945]","[0.0, 0.0, 0.0]"
00000045--805b7ca6ab,False,False,f8bd956a4b23eb4992c6abbe899e72b27cd91d80,native_or_stock_cruise,10888,10888,"{""11"": 10851, ""13"": 29, ""63"": 8}","[-0.157, 0.03, 0.7586499999999996]","[-0.157, 0.03, 0.7586499999999996]","[-0.1460186041891575, 0.003681960399262607, 0.6625054240226745]","[-0.006999999999999999, -0.0010000000000000009, 0.008000000000000007]","[-0.1809653129175305, -0.02572385062277317, 0.21779044486582272]","{""intercept"": -0.000757297644316545, ""n"": 10888, ""r"": 0.9992020971807348, ""slope"": 1.0008575782114848}","{""intercept"": 0.023176961679865826, ""n"": 10888, ""r"": 0.8664410066292527, ""slope"": 0.8177617967895728}","[-155.0, 28.0, 758.0]","[-155.0, 28.0, 758.0]","[-795.65, -509.0, -259.35000000000036]","[1936.0, 2207.0, 3676.0]","[-795.65, -509.0, -259.35000000000036]","[0.0, 0.0, 0.0]"
00000045--805b7ca6ab,False,False,f8bd956a4b23eb4992c6abbe899e72b27cd91d80,manual_moving,3926,3926,"{""11"": 17, ""13"": 2, ""63"": 3907}","[-0.762, -0.263, 0.33325000000000005]","[-0.762, -0.263, 0.33325000000000005]","[-0.709836557507515, -0.2814493924379349, 0.260290265083313]","[-0.09800000000000003, 0.0, 0.007000000000000006]","[-0.3365518517792225, 0.0005381211917847325, 0.33997650194168094]","{""intercept"": -0.017918654889771943, ""n"": 3926, ""r"": 0.98571389901573, ""slope"": 0.9565764137951184}","{""intercept"": -0.09333581037162976, ""n"": 3926, ""r"": 0.7427317662352335, ""slope"": 0.6731727346453523}","[-763.5, -265.0, 255.75]","[-756.75, -261.0, 330.25]","[-758.75, -263.0, 330.25]","[2008.0, 3538.5, 5285.0]","[-758.75, -262.0, 330.25]","[0.0, 0.0, 8183.0]"
00000048--709f22277b,False,False,bfa1352b25e64e50e1332d8661af475be9be04a4,driver_brake,2515,2451,"{""11"": 4, ""63"": 2511}","[-0.6960000000000001, 0.099, 0.666]","[-0.6960000000000001, 0.099, 0.666]","[-2.3925342559814453, -0.3871065676212311, 0.1041639894247055]","[-2.904, -0.8049999999999999, -0.20150000000000004]","[-1.7918563923835755, -0.616459394454956, 0.029234957158565528]","{""intercept"": -1.0973773765425678, ""n"": 2451, ""r"": 0.5805807895660077, ""slope"": 1.5349011001952055}","{""intercept"": -0.2685849433801337, ""n"": 2451, ""r"": 0.8465403561448895, ""slope"": 1.088867237302681}","[-3145.9, -689.0, 112.29999999999973]","[-683.9, 81.0, 666.0]","[-683.9, 79.0, 666.0]","[2648.0, 4266.0, 5274.299999999999]","[-683.9, 79.0, 666.0]","[7910.0, 8109.0, 8172.0]"
00000048--709f22277b,False,False,bfa1352b25e64e50e1332d8661af475be9be04a4,driver_gas,2890,2890,"{""11"": 69, ""63"": 2821}","[-0.9745499999999999, -0.4905, 0.32329999999999837]","[-0.9745499999999999, -0.4905, 0.32329999999999837]","[-0.37029190510511395, 0.6683410406112671, 1.7677755415439602]","[0.069, 1.024, 2.290649999999999]","[0.08069566814601423, 1.1535844348669053, 2.174291779756546]","{""intercept"": 0.985906100977155, ""n"": 2890, ""r"": 0.36258206235123774, ""slope"": 0.6887974250723731}","{""intercept"": -0.017256576921103245, ""n"": 2890, ""r"": 0.9234992949796665, ""slope"": 1.0144544963642332}","[-428.54999999999995, 600.0, 1827.0999999999995]","[-428.54999999999995, 600.0, 1827.0999999999995]","[-972.55, -501.0, 202.64999999999918]","[2239.8, 4427.5, 6038.0]","[-445.0, 600.0, 1827.0999999999995]","[0.0, 0.0, 0.0]"
00000048--709f22277b,False,False,bfa1352b25e64e50e1332d8661af475be9be04a4,standstill,360,100,"{""63"": 360}","[-0.467, 0.642, 1.119]","[-0.467, 0.642, 1.119]","[-3.0649762265966274e-05, 0.0, 0.0002472472100635056]","[-0.18144999999999997, -0.0040000000000000036, 0.0]","[-1.1184501352630323, -0.642, 0.467]","{""intercept"": -0.033135360742811364, ""n"": 100, ""r"": 0.9766867960173918, ""slope"": 0.9804586694934048}","{""intercept"": null, ""n"": 100, ""r"": null, ""slope"": null}","[-467.0, -82.0, 657.0]","[-467.0, -82.0, 664.0]","[-467.0, -82.0, 664.0]","[-467.0, -82.0, 5180.0]","[-467.0, -82.0, 664.0]","[0.0, 0.0, 8185.0]"
00000048--709f22277b,False,False,bfa1352b25e64e50e1332d8661af475be9be04a4,native_or_stock_cruise,7778,7778,"{""11"": 7767, ""63"": 11}","[-0.247, -0.001, 0.29014999999999963]","[-0.247, -0.001, 0.29014999999999963]","[-0.290568695962429, 0.007491735043004155, 0.25617225319147097]","[-0.015000000000000013, -0.001, 0.011000000000000003]","[-0.3797373414516449, -0.0008008489310741412, 0.3324387721389531]","{""intercept"": -0.0009869511718707587, ""n"": 7778, ""r"": 0.9983499871132578, ""slope"": 0.9777270622917786}","{""intercept"": 0.007980159635771578, ""n"": 7778, ""r"": 0.1842236089143283, ""slope"": 0.17481319487639432}","[-243.0, -3.0, 285.0]","[-243.0, -3.0, 285.0]","[-959.0, -461.0, -130.0]","[2157.0, 3200.0, 5916.299999999999]","[-959.0, -461.0, -130.0]","[0.0, 0.0, 0.0]"
00000048--709f22277b,False,False,bfa1352b25e64e50e1332d8661af475be9be04a4,manual_moving,1069,1069,"{""11"": 7, ""63"": 1062}","[-0.8160000000000001, -0.232, 0.4421999999999998]","[-0.8160000000000001, -0.232, 0.4421999999999998]","[-0.8179585933685303, -0.2512567937374115, 0.36108711361885065]","[-0.1346, -0.0019999999999999463, 0.009000000000000008]","[-0.4086452542513609, -0.017409674406051623, 0.4023517429351804]","{""intercept"": -0.03671713657985394, ""n"": 1069, ""r"": 0.9733582436924897, ""slope"": 0.9146365335051633}","{""intercept"": -0.0809582822708492, ""n"": 1069, ""r"": 0.7808325315885769, ""slope"": 0.7149344742526174}","[-817.0, -255.0, 324.0]","[-815.0, -229.0, 434.5999999999999]","[-816.0, -231.0, 434.5999999999999]","[2152.2, 3881.0, 4966.799999999999]","[-816.0, -230.0, 434.5999999999999]","[0.0, 0.0, 8186.0]"
00000051--894db634a8,False,True,501bdc7cf66aae90d8237133e89281f09fe2748d,driver_brake,1283,1223,"{""11"": 5, ""63"": 1278}","[-0.631, -0.225, 0.594]","[-0.631, -0.225, 0.594]","[-3.198198342323303, -1.3339052200317383, -0.09606266394257551]","[-3.2762, -1.2080000000000002, -0.328700000000001]","[-2.8553669820785523, -1.2219449071884156, -0.11024988360405015]","{""intercept"": -1.3644651415025812, ""n"": 1223, ""r"": 0.4492671688770294, ""slope"": 1.284633384287149}","{""intercept"": -0.1340354934853363, ""n"": 1223, ""r"": 0.920668424200065, ""slope"": 1.0058775306229295}","[-3580.9, -1345.0, -287.40000000000055]","[-627.9, -183.0, 583.8999999999999]","[-627.9, -183.0, 583.8999999999999]","[1878.2, 3370.0, 4694.9]","[-627.9, -183.0, 583.8999999999999]","[7882.1, 8072.0, 8159.9]"
00000051--894db634a8,False,True,501bdc7cf66aae90d8237133e89281f09fe2748d,driver_gas,3410,3322,"{""11"": 276, ""63"": 3134}","[-0.976, -0.4625, 0.7249499999999998]","[-0.976, -0.462, 0.7489499999999998]","[-0.48122853338718413, 0.5317210257053375, 1.6839361488819122]","[-0.0010000000000000009, 0.901, 2.0119499999999997]","[-0.09435310199260713, 0.8723481425046921, 2.040425453996658]","{""intercept"": 0.8143962104984099, ""n"": 3322, ""r"": 0.4503830361481803, ""slope"": 0.6875680036480654}","{""intercept"": 0.03977574950904523, ""n"": 3322, ""r"": 0.9378359287084698, ""slope"": 0.9946933416711798}","[-539.0999999999999, 558.0, 1819.0999999999995]","[-536.0, 558.0, 1821.6499999999992]","[-974.55, -476.0, 164.54999999999973]","[2176.0, 3272.0, 5755.549999999999]","[-536.0, 538.0, 1821.6499999999992]","[0.0, 0.0, 0.0]"
00000051--894db634a8,False,True,501bdc7cf66aae90d8237133e89281f09fe2748d,standstill,3106,3000,"{""63"": 3106}","[-0.296, -0.296, -0.296]","[-0.296, -0.296, -0.296]","[-1.1792925002449017e-39, 0.0, 1.1069924569325423e-38]","[0.0, 0.0, 0.0]","[0.296, 0.296, 0.296]","{""intercept"": -0.04420683943329522, ""n"": 3000, ""r"": 0.9706908243338154, ""slope"": 0.8512966055770297}","{""intercept"": null, ""n"": 3000, ""r"": null, ""slope"": null}","[-296.0, -296.0, -296.0]","[-296.0, -296.0, -296.0]","[-296.0, -296.0, -296.0]","[-296.0, -296.0, -296.0]","[-296.0, -296.0, -296.0]","[0.0, 0.0, 0.0]"
00000051--894db634a8,False,True,501bdc7cf66aae90d8237133e89281f09fe2748d,op_braking,473,473,"{""11"": 469, ""63"": 4}","[-2.0808, -0.9460000000000001, -0.304]","[-0.3122, 0.588, 0.931]","[-1.574881362915039, -1.0187182426452637, -0.10446701943874359]","[-0.11719999999999997, 0.027000000000000135, 0.5714000000000002]","[-0.20575523166656495, 0.10877115774154666, 0.5430570318222047]","{""intercept"": -0.1330128413840366, ""n"": 473, ""r"": 0.9713819034088775, ""slope"": 0.7719920688918663}","{""intercept"": -0.1320756748196245, ""n"": 473, ""r"": 0.9610776197953391, ""slope"": 0.8835612275914467}","[-1592.4, -941.0, -288.80000000000007]","[-685.4, -491.0, -28.60000000000025]","[-685.4, -534.0, -102.60000000000014]","[2880.2, 3008.0, 5091.6]","[-685.4, -532.0, -102.60000000000014]","[0.0, 0.0, 0.0]"
00000051--894db634a8,False,True,501bdc7cf66aae90d8237133e89281f09fe2748d,op_accelerating,768,767,"{""11"": 768}","[0.0, 0.395, 0.9410000000000001]","[0.0, 0.641, 0.9410000000000001]","[0.06712864041328433, 0.4539375305175781, 0.9941335022449493]","[-0.030700000000000022, -0.0010000000000000009, 0.04969999999999992]","[-0.16325123708844186, 0.026428297519683785, 0.21842733702659584]","{""intercept"": 0.010817803617864155, ""n"": 767, ""r"": 0.985600305830226, ""slope"": 0.9792995571921861}","{""intercept"": -0.010107632366754458, ""n"": 767, ""r"": 0.9471985082472867, ""slope"": 0.9746276742964692}","[0.0, 393.0, 940.0]","[0.0, 393.0, 940.0]","[-703.0, -586.0, -347.35]","[2662.9, 4071.5, 5981.0]","[-703.0, -586.0, -346.0]","[0.0, 0.0, 0.0]"
00000051--894db634a8,False,True,501bdc7cf66aae90d8237133e89281f09fe2748d,op_near_zero,4640,4640,"{""11"": 4639, ""63"": 1}","[-0.211, 0.016, 0.21910000000000038]","[-0.053, 0.078, 0.7082000000000007]","[-0.21118917986750602, 0.008858743123710155, 0.23129847645759588]","[-0.017, -0.0009999999999999974, 0.015000000000000013]","[-0.2221200976077467, 0.0030346075445413546, 0.20773949421346188]","{""intercept"": -0.0018071180793668262, ""n"": 4640, ""r"": 0.9715227900964172, ""slope"": 0.9840480011702527}","{""intercept"": 0.0025516204838283746, ""n"": 4640, ""r"": 0.6143392620502117, ""slope"": 0.5294956479967184}","[-211.0, 14.0, 214.0]","[-211.0, 14.0, 214.0]","[-1133.05, -583.0, -314.0]","[1959.0, 3149.0, 5982.05]","[-1133.05, -583.0, -314.0]","[0.0, 0.0, 0.0]"
00000051--894db634a8,False,True,501bdc7cf66aae90d8237133e89281f09fe2748d,native_or_stock_cruise,609,609,"{""11"": 606, ""63"": 3}","[-0.053, 0.024, 0.6846000000000001]","[-0.053, 0.025, 0.6846000000000001]","[-0.21421225070953367, 0.06513804197311401, 0.6250723958015442]","[-0.013000000000000001, -0.001, 0.008]","[-0.2035215983390808, -0.009939840435981756, 0.16100068957805638]","{""intercept"": -0.003981647677394405, ""n"": 609, ""r"": 0.9866131128107222, ""slope"": 0.9944917792508514}","{""intercept"": 0.020089937866145973, ""n"": 609, ""r"": 0.9134364204348775, ""slope"": 0.9192668557371615}","[-54.0, 19.0, 682.0]","[-54.0, 19.0, 682.0]","[-653.6, -542.0, -432.4]","[1615.4, 2759.0, 4498.0]","[-653.6, -542.0, -432.4]","[0.0, 0.0, 0.0]"
00000051--894db634a8,False,True,501bdc7cf66aae90d8237133e89281f09fe2748d,manual_moving,1501,1487,"{""11"": 17, ""63"": 1484}","[-0.7135, -0.317, 0.2424000000000001]","[-0.7135, -0.317, 0.2424000000000001]","[-0.7739181280136108, -0.13051992654800415, 0.36840562522411363]","[-0.10769999999999999, 0.0010000000000000009, 0.016]","[-0.46887934579849244, 0.052734639361500746, 0.7862871033251286]","{""intercept"": -0.013067512949360248, ""n"": 1487, ""r"": 0.9748453154591745, ""slope"": 0.9549746613068755}","{""intercept"": -0.15925577615027456, ""n"": 1487, ""r"": 0.5690213721729722, ""slope"": 0.4913540306448814}","[-715.0, -305.0, 272.0]","[-702.0, -251.0, 274.0]","[-702.0, -290.0, 269.0]","[1644.0, 3478.0, 4954.0]","[-702.0, -290.0, 269.0]","[0.0, 0.0, 8179.0]"
00000055--0d20bbf0c0,False,True,179df2fd493aae178cc6c929fa8548c9deaed80f,driver_brake,898,898,"{""11"": 7, ""63"": 891}","[-0.49515, 0.022, 0.40700000000000003]","[-0.48674999999999996, 0.022, 0.4155999999999999]","[-1.4424911499023438, -0.3421587198972702, 0.010639650281518686]","[-1.639, -0.6065, -0.21570000000000003]","[-1.160478834104538, -0.48650489151477816, 0.082]","{""intercept"": -0.7575543673082067, ""n"": 898, ""r"": 0.4347847736273282, ""slope"": 0.9170684505567641}","{""intercept"": -0.5726812102225879, ""n"": 898, ""r"": 0.32799920645747116, ""slope"": 0.36744277977329376}","[-1585.45, -571.5, -126.0]","[-488.45, 23.0, 423.44999999999993]","[-488.45, 23.0, 423.44999999999993]","[-82.0, 3968.0, 5247.0]","[-488.45, 23.0, 423.44999999999993]","[8032.0, 8133.0, 8171.0]"
00000055--0d20bbf0c0,False,True,179df2fd493aae178cc6c929fa8548c9deaed80f,driver_gas,1443,1443,"{""11"": 87, ""63"": 1356}","[-0.904, -0.274, 0.16189999999999988]","[-0.904, -0.274, 0.16189999999999988]","[-0.0865006722509861, 0.583842933177948, 1.1795025587081909]","[0.11020000000000006, 0.836, 1.5866999999999996]","[0.014413781599700486, 0.7806145858764648, 1.7757003885746]","{""intercept"": 0.6415120629898658, ""n"": 1443, ""r"": 0.19671529903550133, ""slope"": 0.2573186447475586}","{""intercept"": 0.07400444103889486, ""n"": 1443, ""r"": 0.8308737407147927, ""slope"": 0.8958533236556034}","[-192.0, 554.0, 1379.299999999999]","[-192.0, 554.0, 1379.299999999999]","[-904.9, -325.0, 138.79999999999973]","[2488.4, 4591.0, 6178.0]","[-193.89999999999998, 554.0, 1379.299999999999]","[0.0, 0.0, 0.0]"
00000055--0d20bbf0c0,False,True,179df2fd493aae178cc6c929fa8548c9deaed80f,standstill,379,85,"{""63"": 379}","[-0.434, 0.619, 0.742]","[-0.434, 0.619, 0.742]","[-0.00034270203032065176, 0.0, 0.00025681908009573813]","[-0.06280000000000005, 0.0, 0.0]","[-0.7423356893137607, -0.619, 0.43400000007200484]","{""intercept"": -0.008088470796699521, ""n"": 85, ""r"": 0.9982530794623506, ""slope"": 0.9888721253020418}","{""intercept"": null, ""n"": 85, ""r"": null, ""slope"": null}","[-434.0, -82.0, 697.4999999999991]","[-434.0, -82.0, 725.3]","[-434.0, -82.0, 725.3]","[-434.0, -82.0, 5171.0]","[-434.0, -82.0, 725.3]","[0.0, 0.0, 0.0]"
00000055--0d20bbf0c0,False,True,179df2fd493aae178cc6c929fa8548c9deaed80f,op_braking,363,363,"{""11"": 358, ""63"": 5}","[-1.8469, -0.5650000000000001, -0.33720000000000006]","[-1.2066, -0.115, 0.927]","[-1.3435801267623901, -0.6921457052230835, -0.1621956646442414]","[-0.11279999999999998, 0.0040000000000000036, 0.5264999999999997]","[-0.32718276472091673, -0.04230518817901607, 0.5310769818305969]","{""intercept"": -0.1925232636065503, ""n"": 363, ""r"": 0.9471307595198112, ""slope"": 0.6817469370679041}","{""intercept"": -0.20009403491845354, ""n"": 363, ""r"": 0.8139795313070753, ""slope"": 0.6918017614649707}","[-1335.9, -569.0, -333.0]","[-739.6999999999999, -343.0, 17.899999999999977]","[-1014.8999999999999, -355.0, 17.899999999999977]","[2777.1, 4892.0, 5326.3]","[-1014.8999999999999, -355.0, 17.899999999999977]","[0.0, 0.0, 0.0]"
00000055--0d20bbf0c0,False,True,179df2fd493aae178cc6c929fa8548c9deaed80f,op_accelerating,401,401,"{""11"": 401}","[0.31, 0.367, 0.781]","[0.241, 0.512, 0.929]","[0.11130611598491669, 0.3919299244880676, 0.7154051661491394]","[-0.035999999999999976, -0.0020000000000000018, 0.025999999999999968]","[-0.2357668937444687, -0.0377900240421295, 0.16139654827117916]","{""intercept"": -0.004800294272296806, ""n"": 401, ""r"": 0.9852057008249637, ""slope"": 1.002243942396431}","{""intercept"": 0.24186754780133118, ""n"": 401, ""r"": 0.681591195325978, ""slope"": 0.47898522395662874}","[298.0, 367.0, 779.0]","[298.0, 367.0, 779.0]","[-989.0, -368.0, -90.0]","[4488.0, 5527.0, 6389.0]","[-989.0, -368.0, -90.0]","[0.0, 0.0, 0.0]"
00000055--0d20bbf0c0,False,True,179df2fd493aae178cc6c929fa8548c9deaed80f,op_near_zero,4083,4077,"{""11"": 4073, ""63"": 10}","[-0.171, -0.005, 0.169]","[-0.051000000000000004, 0.059000000000000004, 0.167]","[-0.23245074450969697, -0.001064050942659378, 0.2306106656789779]","[-0.028000000000000004, 0.0, 0.025]","[-0.20730170941352843, 0.0017678763568401354, 0.2457611025333404]","{""intercept"": -0.0013064464537011844, ""n"": 4077, ""r"": 0.9665787589438931, ""slope"": 0.9873834396668895}","{""intercept"": -0.008036921004828586, ""n"": 4077, ""r"": 0.42787370925249013, ""slope"": 0.29587948444906037}","[-174.0, -5.0, 168.89999999999964]","[-164.0, -2.0, 169.0]","[-832.9, -389.0, -97.0]","[2792.0, 4596.0, 5989.0]","[-832.9, -389.0, -97.0]","[0.0, 0.0, 0.0]"
00000055--0d20bbf0c0,False,True,179df2fd493aae178cc6c929fa8548c9deaed80f,native_or_stock_cruise,658,657,"{""11"": 653, ""63"": 5}","[-0.117, 0.092, 0.3093999999999995]","[-0.1174, 0.092, 0.3093999999999995]","[-0.23867615461349487, 0.02625100687146187, 0.30460781455039937]","[-0.019000000000000006, -0.0020000000000000018, 0.01499999999999999]","[-0.36009096000194546, -0.0632665750682354, 0.2850733340263365]","{""intercept"": 0.0003652379350944465, ""n"": 657, ""r"": 0.8927471744670611, ""slope"": 0.8786017545567317}","{""intercept"": 0.06133531091780936, ""n"": 657, ""r"": 0.27368086521077595, ""slope"": 0.1961741564610809}","[-118.3, 87.0, 274.15]","[-118.3, 87.0, 274.15]","[-1140.15, -732.5, -89.40000000000009]","[2502.0, 4074.0, 6249.15]","[-1140.15, -732.5, -89.40000000000009]","[0.0, 0.0, 0.0]"
00000055--0d20bbf0c0,False,True,179df2fd493aae178cc6c929fa8548c9deaed80f,manual_moving,1237,1237,"{""11"": 11, ""63"": 1226}","[-1.0534, -0.147, 0.35360000000000014]","[-1.0534, -0.147, 0.35360000000000014]","[-0.999360704421997, -0.13128505647182465, 0.3655267894268036]","[-0.10119999999999998, 0.0, 0.009000000000000008]","[-0.38954930691719053, 0.035422538280487026, 0.448268838644028]","{""intercept"": -0.021087303263758583, ""n"": 1237, ""r"": 0.9721269130387112, ""slope"": 0.9340016709067881}","{""intercept"": -0.06594132017908562, ""n"": 1237, ""r"": 0.7762295089213114, ""slope"": 0.7566916855048065}","[-1036.4, -147.0, 311.2000000000003]","[-1036.4, -138.0, 350.0]","[-1048.2, -145.0, 350.0]","[2883.0, 4179.0, 5268.0]","[-1048.2, -143.0, 350.0]","[0.0, 0.0, 8190.0]"
00000057--c5d7da1e7d,False,True,a09d30f23fe4577ead50f9dd4a1b3010c5da2dcf,driver_brake,1296,1296,"{""63"": 1296}","[-0.26, 0.07150000000000001, 0.6565000000000001]","[-0.26, 0.07150000000000001, 0.6565000000000001]","[-1.2672881484031677, -0.3031707853078842, 0.05930475424975157]","[-2.0625, -0.556, -0.17075]","[-1.5274726824760438, -0.4440956233739853, 0.082]","{""intercept"": -0.6655208701520895, ""n"": 1296, ""r"": 0.05198445040217034, ""slope"": 0.1126698285485631}","{""intercept"": -0.456212271668341, ""n"": 1296, ""r"": 0.35981521455640036, ""slope"": 0.4435390818988773}","[-1678.5, -522.0, 75.25]","[-260.75, 75.0, 666.0]","[-260.75, 75.0, 666.0]","[3629.75, 4344.0, 6214.5]","[-260.75, 75.0, 666.0]","[7989.75, 8137.0, 8175.25]"
00000057--c5d7da1e7d,False,True,a09d30f23fe4577ead50f9dd4a1b3010c5da2dcf,driver_gas,1123,1123,"{""11"": 44, ""63"": 1079}","[-0.6990000000000001, -0.167, 0.46289999999999853]","[-0.6990000000000001, -0.167, 0.46289999999999853]","[-0.21143126040697097, 0.4889453053474426, 1.6710570335388175]","[0.008, 0.585, 2.1055999999999995]","[-0.09636966630220412, 0.6392029075622558, 1.946956725025177]","{""intercept"": 0.7823696529864301, ""n"": 1123, ""r"": 0.4359217158744266, ""slope"": 0.8074594129221255}","{""intercept"": 0.021641648145418975, ""n"": 1123, ""r"": 0.8924655923966772, ""slope"": 1.0775375296931293}","[-223.39999999999998, 499.0, 2123.8999999999987]","[-223.39999999999998, 499.0, 2123.8999999999987]","[-699.0, -281.0, 431.1999999999989]","[3552.2, 5172.0, 6422.0]","[-234.0, 499.0, 2123.8999999999987]","[0.0, 0.0, 0.0]"
00000057--c5d7da1e7d,False,True,a09d30f23fe4577ead50f9dd4a1b3010c5da2dcf,standstill,3657,3293,"{""63"": 3657}","[-0.462, -0.082, -0.082]","[-0.462, -0.082, -0.082]","[-1.519805163920401e-34, 0.0, 1.1188761144018374e-33]","[0.0, 0.0, 0.0]","[0.082, 0.082, 0.462]","{""intercept"": -0.002014238052525076, ""n"": 3293, ""r"": 0.9973976439695181, ""slope"": 0.9900644480504258}","{""intercept"": null, ""n"": 3293, ""r"": null, ""slope"": null}","[-462.0, -82.0, -82.0]","[-462.0, -82.0, -82.0]","[-462.0, -82.0, -82.0]","[-462.0, -82.0, -82.0]","[-462.0, -82.0, -82.0]","[0.0, 0.0, 0.0]"
00000057--c5d7da1e7d,False,True,a09d30f23fe4577ead50f9dd4a1b3010c5da2dcf,op_near_zero,12,12,"{""11"": 7, ""63"": 5}","[-0.13685, -0.046, 0.04519999999999999]","[-0.13685, -0.046, 0.04519999999999999]","[-0.20287193730473518, -0.12177718058228493, -0.03461509216576815]","[-0.14670000000000002, -0.07200000000000001, -0.04495000000000002]","[-0.18791477597355843, -0.09135986267030238, 0.02912461330592633]","{""intercept"": -0.08136288396397849, ""n"": 12, ""r"": 0.8850545594040925, ""slope"": 1.1065522492416673}","{""intercept"": -0.039440768180134055, ""n"": 12, ""r"": 0.4809473397580419, ""slope"": 0.6690290158213605}","[-211.0, -137.0, -2.5000000000000497]","[-211.0, -137.0, -2.5000000000000497]","[-212.45, -202.0, -104.0]","[4729.95, 4849.0, 6271.85]","[-212.45, -202.0, -104.0]","[0.0, 0.0, 0.0]"
00000057--c5d7da1e7d,False,True,a09d30f23fe4577ead50f9dd4a1b3010c5da2dcf,native_or_stock_cruise,193,193,"{""11"": 191, ""63"": 2}","[-0.0334, 0.225, 0.6905999999999999]","[-0.0334, 0.225, 0.6905999999999999]","[-0.02768149152398109, 0.12887346744537354, 0.6597312808036804]","[-0.0702, -0.02200000000000002, 0.013999999999999947]","[-0.1727066454410553, -0.04926251494884493, 0.08797440950870514]","{""intercept"": -0.01775443578034758, ""n"": 193, ""r"": 0.9955199314417665, ""slope"": 0.9927587725318934}","{""intercept"": 0.006554209838954265, ""n"": 193, ""r"": 0.9615316762553183, ""slope"": 1.061395427121429}","[-33.4, 182.0, 690.1999999999998]","[-33.4, 182.0, 690.1999999999998]","[-669.4, -229.0, -112.0]","[4369.6, 6220.0, 6287.4]","[-668.4, -229.0, -112.0]","[0.0, 0.0, 0.0]"
00000057--c5d7da1e7d,False,True,a09d30f23fe4577ead50f9dd4a1b3010c5da2dcf,manual_moving,1532,1532,"{""11"": 8, ""63"": 1524}","[-0.546, -0.125, 0.42890000000000006]","[-0.546, -0.125, 0.42890000000000006]","[-0.5030904442071915, -0.11651656776666641, 0.4234134078025818]","[-0.11200000000000002, 0.0, 0.010000000000000009]","[-0.38314527828097344, 0.03291826850175858, 0.4346785556122662]","{""intercept"": -0.015491539342527299, ""n"": 1532, ""r"": 0.9733165651653745, ""slope"": 0.9572494356259881}","{""intercept"": -0.060699071219428545, ""n"": 1532, ""r"": 0.6942833885252733, ""slope"": 0.6453843230121955}","[-539.9, -127.0, 427.45000000000005]","[-539.9, -119.5, 428.9000000000001]","[-543.9, -122.0, 418.9000000000001]","[3736.75, 4508.0, 5959.8]","[-543.9, -122.0, 418.9000000000001]","[0.0, 0.0, 8189.0]"
00000064--6d1ea4acc9,False,True,7a7573521b9d1133de6fa50cc51ddcd01dd326f0,driver_brake,2954,2857,"{""11"": 13, ""63"": 2941}","[-0.42539999999999994, 0.013000000000000001, 0.618]","[-0.425, 0.013000000000000001, 0.618]","[-2.10034966468811, -0.5260503888130188, 2.2916146463103357e-06]","[-2.128, -0.9969999999999999, -0.24280000000000018]","[-1.9971167774200436, -0.6180205652977456, -0.14505605880022074]","{""intercept"": -1.08507025710837, ""n"": 2857, ""r"": 0.28183780478279996, ""slope"": 0.5791070208062513}","{""intercept"": -0.44025229907282853, ""n"": 2857, ""r"": 0.7869925457998918, ""slope"": 0.7839447012012818}","[-2842.7, -945.5, 0.0]","[-421.0, 6.0, 618.0]","[-421.0, 6.0, 618.0]","[2599.9, 4059.0, 5175.35]","[-421.0, 6.0, 618.0]","[7944.0, 8092.0, 8168.0]"
00000064--6d1ea4acc9,False,True,7a7573521b9d1133de6fa50cc51ddcd01dd326f0,driver_gas,6970,6970,"{""11"": 454, ""63"": 6516}","[-0.68, -0.189, 0.024]","[-0.679, -0.319, 0.903]","[-0.15561057105660436, 0.44097450375556946, 1.5840774238109587]","[0.001, 0.755, 1.887]","[2.2135328729342382e-24, 0.7419417777061463, 1.9693401067256926]","{""intercept"": 0.6349453694030364, ""n"": 6970, ""r"": 0.15059638570225758, ""slope"": 0.3138516712335525}","{""intercept"": 0.03907144466632958, ""n"": 6970, ""r"": 0.9237698236044475, ""slope"": 0.9362548565803626}","[-204.54999999999995, 459.0, 1554.0]","[-199.54999999999995, 459.0, 1554.0]","[-790.0, -463.0, -5.450000000000728]","[2051.0, 3703.0, 5730.549999999999]","[-337.0, 459.0, 1554.0]","[0.0, 0.0, 0.0]"
00000064--6d1ea4acc9,False,True,7a7573521b9d1133de6fa50cc51ddcd01dd326f0,standstill,523,334,"{""11"": 205, ""63"": 318}","[-2.0060000000000002, -1.8010000000000002, 0.669]","[-0.168, 0.9, 0.9]","[-0.0013976689166156548, 0.0, 0.0001255529728950907]","[-0.12399999999999967, -0.01200000000000001, 0.06969999999999989]","[-0.669, 1.8010706805149095, 2.006000004053062]","{""intercept"": -0.01255839470425645, ""n"": 334, ""r"": 0.9982372869192595, ""slope"": 1.0333384216157413}","{""intercept"": -1.1118593112049033, ""n"": 334, ""r"": -0.04970919308562227, ""slope"": -0.4362923982059158}","[-2128.0, -168.0, 634.0]","[-168.0, -82.0, 671.9]","[-168.0, -82.0, 671.9]","[-168.0, 3360.0, 5180.0]","[-168.0, -82.0, 671.9]","[0.0, 0.0, 0.0]"
00000064--6d1ea4acc9,False,True,7a7573521b9d1133de6fa50cc51ddcd01dd326f0,op_braking,1930,1927,"{""11"": 1929, ""63"": 1}","[-1.5864, -0.658, -0.262]","[-0.5478999999999999, 0.382, 0.9400000000000001]","[-1.4856270909309388, -0.6706672310829163, -0.02762970514595509]","[-0.11969999999999999, 0.009000000000000119, 0.23569999999999977]","[-0.2152931025981903, 0.03770551300048841, 0.3911295259594915]","{""intercept"": -0.15925555974803193, ""n"": 1927, ""r"": 0.9213809822608617, ""slope"": 0.7599512913407938}","{""intercept"": -0.18311464792353077, ""n"": 1927, ""r"": 0.9387220693483886, ""slope"": 0.7724220358520044}","[-1354.55, -681.0, -225.0]","[-755.55, -413.5, -2.0]","[-760.55, -527.0, -35.80000000000018]","[2068.9, 3227.0, 4792.55]","[-760.55, -527.0, -35.80000000000018]","[0.0, 0.0, 0.0]"
00000064--6d1ea4acc9,False,True,7a7573521b9d1133de6fa50cc51ddcd01dd326f0,op_accelerating,270,267,"{""11"": 270}","[0.296, 0.685, 1.4621999999999995]","[0.0027000000000000066, 0.559, 0.935]","[0.06359802037477494, 0.7522189617156982, 1.6907305836677546]","[-0.14969999999999997, -0.0040000000000000036, 0.16769999999999874]","[-0.3485622829988599, 0.0019236049652099352, 0.7254950013160696]","{""intercept"": 0.1241058819517254, ""n"": 267, ""r"": 0.7710709267834792, ""slope"": 0.848691727144794}","{""intercept"": 0.1267204083158617, ""n"": 267, ""r"": 0.9080978197430932, ""slope"": 0.791171275573121}","[77.10000000000011, 737.0, 1575.1]","[77.10000000000011, 737.0, 1575.1]","[-677.1, -459.0, -347.0]","[2771.45, 3877.5, 6087.0]","[-677.1, -459.0, -347.0]","[0.0, 0.0, 0.0]"
00000064--6d1ea4acc9,False,True,7a7573521b9d1133de6fa50cc51ddcd01dd326f0,op_near_zero,16937,16929,"{""11"": 16934, ""63"": 3}","[-0.191, -0.006, 0.17400000000000002]","[-0.051000000000000004, 0.075, 0.6495999999999985]","[-0.2334966331720352, -0.00030743982642889023, 0.24225312769412977]","[-0.017999999999999988, -0.0010000000000000009, 0.017]","[-0.19569984115958214, 0.007213930368423466, 0.19293427457213394]","{""intercept"": -0.0005822950674881015, ""n"": 16929, ""r"": 0.9789429211511137, ""slope"": 0.9897295948043702}","{""intercept"": -0.003391904900108081, ""n"": 16929, ""r"": 0.6215937166903889, ""slope"": 0.4570436873111612}","[-191.0, -7.0, 173.0]","[-190.0, -7.0, 173.0]","[-810.0, -511.0, -210.0]","[1765.0, 2949.0, 4544.0]","[-810.0, -511.0, -210.0]","[0.0, 0.0, 0.0]"
00000064--6d1ea4acc9,False,True,7a7573521b9d1133de6fa50cc51ddcd01dd326f0,native_or_stock_cruise,17,17,"{""11"": 15, ""63"": 2}","[-0.5236000000000001, -0.037, 0.0]","[-0.43300000000000005, -0.037, 0.20439999999999994]","[-0.6774361371994019, -0.007712705060839653, 0.3153115153312681]","[-0.18539999999999995, -0.003, 0.060799999999999965]","[-0.215018338060379, 0.09162828546762466, 0.5391229978084564]","{""intercept"": -0.04394825805663828, ""n"": 17, ""r"": 0.8163882578461336, ""slope"": 1.007582173910502}","{""intercept"": -0.16814880291307124, ""n"": 17, ""r"": 0.7377597210605047, ""slope"": 0.6253279599759037}","[-678.2, -57.0, 10.199999999999964]","[-642.4, -57.0, 10.199999999999964]","[-852.8, -510.0, -312.8000000000001]","[2091.8, 2924.0, 4655.8]","[-824.8, -494.0, -289.40000000000015]","[0.0, 0.0, 0.0]"
00000064--6d1ea4acc9,False,True,7a7573521b9d1133de6fa50cc51ddcd01dd326f0,manual_moving,2462,2462,"{""11"": 21, ""63"": 2441}","[-0.629, -0.326, 0.338]","[-0.629, -0.326, 0.338]","[-0.6427465111017228, -0.2694471925497055, 0.30592016428709007]","[-0.086, 0.0, 0.004999999999999999]","[-0.36522886397242543, 0.008056545495986972, 0.28197455569505686]","{""intercept"": -0.018724680430310583, ""n"": 2462, ""r"": 0.9877323548071956, ""slope"": 0.9488035792413803}","{""intercept"": -0.07759219761676002, ""n"": 2462, ""r"": 0.7356499605456539, ""slope"": 0.6608346761786849}","[-622.0, -322.0, 308.7999999999993]","[-622.0, -310.0, 335.9499999999998]","[-624.0, -326.0, 335.9499999999998]","[2096.1, 3145.0, 5281.9]","[-624.0, -326.0, 335.9499999999998]","[0.0, 0.0, 8187.0]"
00000065--36d6c66a72,False,True,7a7573521b9d1133de6fa50cc51ddcd01dd326f0,driver_brake,4074,4074,"{""11"": 10, ""63"": 4064}","[-0.648, 0.1685, 0.713]","[-0.648, 0.1695, 0.713]","[-2.030250918865204, -0.1719038411974907, 0.00010668196409824251]","[-2.1497, -0.8899999999999999, -0.24500000000000002]","[-1.8906986036777496, -0.713, -0.014927613040804992]","{""intercept"": -0.9831136633815359, ""n"": 4074, ""r"": 0.6796142837931873, ""slope"": 0.9851554998582502}","{""intercept"": -0.35883348216106337, ""n"": 4074, ""r"": 0.7755152292063173, ""slope"": 0.7272432309402452}","[-2132.35, -596.0, -98.0]","[-647.0, 173.0, 713.0]","[-647.0, 173.0, 713.0]","[2407.3, 4397.0, 5044.7]","[-647.0, 173.0, 713.0]","[8004.0, 8117.0, 8168.0]"
00000065--36d6c66a72,False,True,7a7573521b9d1133de6fa50cc51ddcd01dd326f0,driver_gas,5789,5789,"{""11"": 91, ""63"": 5698}","[-0.7886, -0.357, 0.091]","[-0.8280000000000001, -0.391, 0.6970000000000001]","[-0.23021171689033507, 0.44884055852890015, 1.6647866725921627]","[0.09199999999999997, 0.704, 2.233199999999999]","[0.06899984941482544, 0.717879056930542, 2.172586197471618]","{""intercept"": 0.645306434121825, ""n"": 5789, ""r"": 0.12036749921796466, ""slope"": 0.2392102462632965}","{""intercept"": 0.013388497983703732, ""n"": 5789, ""r"": 0.9438732614153819, ""slope"": 1.0187105118256414}","[-265.0, 463.0, 1765.7999999999984]","[-265.0, 463.0, 1765.7999999999984]","[-829.0, -496.0, 72.0]","[1792.4, 3059.0, 6021.0]","[-288.0, 463.0, 1765.7999999999984]","[0.0, 0.0, 0.0]"
00000065--36d6c66a72,False,True,7a7573521b9d1133de6fa50cc51ddcd01dd326f0,standstill,840,560,"{""63"": 840}","[-0.506, -0.082, 0.706]","[-0.506, -0.082, 0.706]","[-1.3934586793332162e-24, 0.0, 7.666560657171711e-25]","[-0.006050000000000002, 0.0, 0.0]","[-0.706, 0.082, 0.506]","{""intercept"": -0.005274195448975836, ""n"": 560, ""r"": 0.9949770536111899, ""slope"": 0.9790943995411043}","{""intercept"": null, ""n"": 560, ""r"": null, ""slope"": null}","[-506.0, -82.0, 638.0]","[-506.0, -82.0, 638.0]","[-506.0, -82.0, 638.0]","[-506.0, -82.0, 5151.0]","[-506.0, -82.0, 638.0]","[0.0, 0.0, 0.0]"
00000065--36d6c66a72,False,True,7a7573521b9d1133de6fa50cc51ddcd01dd326f0,op_braking,1276,1276,"{""11"": 1276}","[-1.3962500000000002, -0.4225, -0.309]","[-0.13675, 0.594, 0.91025]","[-1.474529206752777, -0.4385838359594345, -0.16326555237174034]","[-0.028000000000000025, 0.0020000000000000018, 0.030250000000000013]","[-0.19077142560482024, -0.00021860194206238526, 0.2623800245523453]","{""intercept"": -0.004943619058550345, ""n"": 1276, ""r"": 0.9967402840855731, ""slope"": 0.9876440985717152}","{""intercept"": -0.10726313377335725, ""n"": 1276, ""r"": 0.9252330328607532, ""slope"": 0.8442802031252187}","[-1391.0, -421.0, -300.75]","[-683.0, -421.0, -300.75]","[-710.0, -528.0, -407.0]","[1517.75, 3001.0, 4600.0]","[-710.0, -528.0, -407.0]","[0.0, 0.0, 0.0]"
00000065--36d6c66a72,False,True,7a7573521b9d1133de6fa50cc51ddcd01dd326f0,op_accelerating,452,452,"{""11"": 452}","[0.296, 0.357, 0.743]","[-0.021, 0.444, 0.793]","[0.1524508200585842, 0.4410885125398636, 0.8098354250192641]","[-0.026449999999999935, -0.0015000000000000013, 0.02599999999999996]","[-0.19176324125528335, 0.03765083372592923, 0.1933250120162963]","{""intercept"": 9.446581521810328e-05, ""n"": 452, ""r"": 0.9590801979014859, ""slope"": 0.9855084806456302}","{""intercept"": 0.11853671644481258, ""n"": 452, ""r"": 0.8084999415917726, ""slope"": 0.6754363815375123}","[279.0, 355.5, 744.45]","[279.0, 355.5, 744.45]","[-630.0, -489.0, -263.0]","[2198.55, 2758.5, 3342.6499999999996]","[-630.0, -489.0, -263.0]","[0.0, 0.0, 0.0]"
00000065--36d6c66a72,False,True,7a7573521b9d1133de6fa50cc51ddcd01dd326f0,op_near_zero,17323,17305,"{""11"": 17318, ""63"": 5}","[-0.186, 0.003, 0.19979999999999928]","[-0.034, 0.112, 0.714]","[-0.24181031584739685, 0.00847879983484745, 0.28125684857368466]","[-0.017, -0.0010000000000000009, 0.016]","[-0.18191959602832794, 0.004636866565793752, 0.18241621356010432]","{""intercept"": -0.00017320613226098758, ""n"": 17305, ""r"": 0.9639033722483852, ""slope"": 0.9660462769892494}","{""intercept"": 0.003093962642622045, ""n"": 17305, ""r"": 0.6932902254678283, ""slope"": 0.5130140233946583}","[-186.0, 2.0, 200.0]","[-186.0, 2.0, 200.0]","[-753.0, -519.0, -242.0]","[1584.0, 2130.0, 3234.0]","[-753.0, -519.0, -242.0]","[0.0, 0.0, 0.0]"
00000065--36d6c66a72,False,True,7a7573521b9d1133de6fa50cc51ddcd01dd326f0,native_or_stock_cruise,7,7,"{""11"": 7}","[-0.0033999999999999933, 0.147, 0.38]","[-0.29669999999999996, 0.147, 0.38]","[-0.13296140134334564, 0.02538003772497177, 0.33264513313770294]","[-0.4794, -0.06599999999999999, 0.0395]","[-0.5129614013433457, -0.12161996227502822, 0.24404029772281643]","{""intercept"": null, ""n"": 7, ""r"": null, ""slope"": null}","{""intercept"": null, ""n"": 7, ""r"": null, ""slope"": null}","[-99.4, 79.0, 135.1]","[-99.4, 79.0, 135.1]","[-813.9, -564.0, -260.3]","[2095.6, 2331.0, 3152.0]","[-813.9, -564.0, -260.3]","[0.0, 0.0, 0.0]"
00000065--36d6c66a72,False,True,7a7573521b9d1133de6fa50cc51ddcd01dd326f0,manual_moving,1996,1996,"{""11"": 15, ""63"": 1981}","[-0.544, -0.2625, 0.33475]","[-0.544, -0.2625, 0.33475]","[-0.6184129863977432, -0.2599235028028488, 0.2805659621953964]","[-0.13499999999999998, 0.0, 0.0050000000000000044]","[-0.3497253467142582, 0.00015548361837863095, 0.320489096801728]","{""intercept"": -0.03177270534569236, ""n"": 1996, ""r"": 0.9649922335246852, ""slope"": 0.9264906108860295}","{""intercept"": -0.09098506004837363, ""n"": 1996, ""r"": 0.7315061224158527, ""slope"": 0.6522632699481062}","[-530.25, -284.0, 330.5]","[-516.25, -261.5, 333.0]","[-540.0, -262.0, 332.25]","[1561.75, 3777.0, 4991.25]","[-540.0, -262.0, 332.25]","[0.0, 0.0, 8188.0]"
00000066--5a75411946,False,False,e62f85cde183d33f17a5c667b078100bfb53dc4d,driver_brake,2554,2389,"{""11"": 3, ""62"": 6, ""63"": 2545}","[-0.6998000000000001, -0.14400000000000002, 0.5700000000000001]","[-0.6998000000000001, -0.14400000000000002, 0.5700000000000001]","[-2.323130702972412, -1.1656118631362915, 0.0005745577276684338]","[-2.6114, -1.2240000000000002, -0.23700000000000002]","[-2.139295674133301, -0.9684568843841552, -0.013047271466255252]","{""intercept"": -1.305110163930338, ""n"": 2389, ""r"": 0.3859635857877511, ""slope"": 0.8627292965873411}","{""intercept"": -0.39289381901944814, ""n"": 2389, ""r"": 0.811851806405901, ""slope"": 0.9001574778048503}","[-2759.05, -1496.0, 44.0]","[-680.05, -82.0, 569.0]","[-680.05, -82.0, 565.0]","[-82.0, 3422.0, 5026.0]","[-680.05, -82.0, 565.0]","[7939.0, 8066.0, 8169.0]"
00000066--5a75411946,False,False,e62f85cde183d33f17a5c667b078100bfb53dc4d,driver_gas,3523,3523,"{""11"": 14, ""63"": 3509}","[-0.68, -0.356, 0.2116999999999989]","[-0.68, -0.356, 0.2116999999999989]","[-0.24017682820558547, 0.5557900071144104, 2.235349369049072]","[0.091, 0.799, 2.5090000000000003]","[0.04152887344658374, 0.7869395134449005, 2.4558065862655636]","{""intercept"": 0.8679730520023416, ""n"": 3523, ""r"": 0.16730507179985524, ""slope"": 0.4354310245975664}","{""intercept"": 0.028352986846022568, ""n"": 3523, ""r"": 0.9548706560535186, ""slope"": 0.9768412132246058}","[-225.0, 588.0, 2244.0]","[-225.0, 588.0, 2244.0]","[-681.9, -360.0, 155.79999999999927]","[2242.1, 3960.0, 5980.5999999999985]","[-226.0, 586.0, 2244.0]","[0.0, 0.0, 0.0]"
00000066--5a75411946,False,False,e62f85cde183d33f17a5c667b078100bfb53dc4d,standstill,669,426,"{""62"": 35, ""63"": 634}","[-0.213, -0.213, 0.9520000000000001]","[-0.213, -0.213, 0.9520000000000001]","[-1.9805400839345566e-06, 0.0, 1.8818446960722213e-06]","[-0.008000000000000007, 0.0, 0.0]","[-0.9519985633381812, 0.213, 0.21300000010070413]","{""intercept"": -0.0044599224259804435, ""n"": 426, ""r"": 0.9977448252360892, ""slope"": 0.9823482640718558}","{""intercept"": null, ""n"": 426, ""r"": null, ""slope"": null}","[-213.0, -213.0, 735.0]","[-213.0, -213.0, 739.2000000000002]","[-213.0, -213.0, 739.2000000000002]","[-213.0, -213.0, 5046.0]","[-213.0, -213.0, 739.2000000000002]","[0.0, 0.0, 0.0]"
00000066--5a75411946,False,False,e62f85cde183d33f17a5c667b078100bfb53dc4d,native_or_stock_cruise,8348,8348,"{""11"": 8343, ""63"": 5}","[-0.165, 0.016, 0.7996499999999996]","[-0.165, 0.016, 0.799]","[-0.156056547164917, 0.02120728325098753, 0.7514120578765867]","[-0.008999999999999994, -0.0010000000000000009, 0.009000000000000008]","[-0.1911704506576061, -0.007219706926262006, 0.2069112913787363]","{""intercept"": -0.0008221701936423049, ""n"": 8348, ""r"": 0.999234231361612, ""slope"": 0.9979482558379653}","{""intercept"": 0.008976317771367842, ""n"": 8348, ""r"": 0.8893701476850921, ""slope"": 0.8994534153560955}","[-162.0, 15.0, 799.0]","[-162.0, 15.0, 799.0]","[-690.0, -515.0, -246.0]","[1954.35, 2870.0, 4506.0]","[-690.0, -515.0, -246.0]","[0.0, 0.0, 0.0]"
00000066--5a75411946,False,False,e62f85cde183d33f17a5c667b078100bfb53dc4d,manual_moving,1965,1965,"{""11"": 18, ""63"": 1947}","[-0.8320000000000001, -0.368, 0.4479999999999998]","[-0.8320000000000001, -0.368, 0.4479999999999998]","[-0.9314852476119995, -0.2802497446537018, 0.36735873222351073]","[-0.125, -0.0010000000000000009, 0.006000000000000005]","[-0.4270410874485969, -0.0262795341014862, 0.42196631729602807]","{""intercept"": -0.01827024161067496, ""n"": 1965, ""r"": 0.9859240682502982, ""slope"": 0.9658665819978539}","{""intercept"": -0.046111005343199674, ""n"": 1965, ""r"": 0.8347855060042445, ""slope"": 0.7921193127722104}","[-843.0, -359.0, 447.9999999999998]","[-833.8, -357.0, 451.39999999999986]","[-833.8, -368.0, 443.1999999999998]","[2047.4, 3229.0, 5378.599999999999]","[-833.8, -368.0, 443.1999999999998]","[0.0, 0.0, 8185.0]"
00000067--abf9d48e19,False,True,e62f85cde183d33f17a5c667b078100bfb53dc4d,driver_brake,1695,1695,"{""11"": 18, ""63"": 1677}","[-0.6910000000000001, -0.034, 0.373]","[-0.6890000000000001, -0.033, 0.373]","[-3.4027173042297365, -0.7902558445930481, 0.046379382908344195]","[-3.7312999999999996, -0.8939999999999999, -0.25570000000000004]","[-3.054990397453308, -0.7266168222427368, 0.000716829800605729]","{""intercept"": -1.1943668396769176, ""n"": 1695, ""r"": 0.48155808679489537, ""slope"": 1.6631757137950738}","{""intercept"": -0.26641124577788217, ""n"": 1695, ""r"": 0.9033257933394139, ""slope"": 0.953639480092876}","[-4097.0, -1035.0, -120.70000000000005]","[-689.6, -33.0, 370.0]","[-689.6, -33.0, 370.0]","[2592.0, 3981.0, 4746.0]","[-689.6, -33.0, 370.0]","[7836.0, 8106.0, 8167.0]"
00000067--abf9d48e19,False,True,e62f85cde183d33f17a5c667b078100bfb53dc4d,driver_gas,3684,3684,"{""11"": 54, ""63"": 3630}","[-0.795, -0.261, 0.133]","[-0.795, -0.2605, 0.874]","[-0.10043716393411159, 0.6266765892505646, 2.09625643491745]","[0.08600000000000002, 0.8495, 2.6310000000000002]","[0.0652075851917267, 0.8738937675952911, 2.446348838567734]","{""intercept"": 0.7204851755940421, ""n"": 3684, ""r"": -0.01128729976782826, ""slope"": -0.023697544847563506}","{""intercept"": -0.01668619065751609, ""n"": 3684, ""r"": 0.9343364751079455, ""slope"": 1.0042797802712817}","[-149.85, 560.0, 2335.85]","[-148.0, 560.0, 2335.85]","[-888.7, -561.0, 119.84999999999991]","[2626.15, 3993.5, 5817.0]","[-165.0, 560.0, 2335.85]","[0.0, 0.0, 0.0]"
00000067--abf9d48e19,False,True,e62f85cde183d33f17a5c667b078100bfb53dc4d,standstill,680,493,"{""63"": 680}","[-0.378, -0.213, 0.7672]","[-0.378, -0.213, 0.7672]","[-4.912185415373302e-12, 0.0, 1.6381077744264946e-11]","[-0.0030000000000000027, 0.0, 0.0]","[-0.7672, 0.213, 0.3780000000003917]","{""intercept"": -0.003278535593153266, ""n"": 493, ""r"": 0.9991109834733146, ""slope"": 0.9890104756058827}","{""intercept"": null, ""n"": 493, ""r"": null, ""slope"": null}","[-378.0, -213.0, 733.3999999999996]","[-378.0, -213.0, 741.4499999999996]","[-378.0, -213.0, 741.4499999999996]","[-378.0, -213.0, 4592.849999999992]","[-378.0, -213.0, 741.4499999999996]","[0.0, 0.0, 0.0]"
00000067--abf9d48e19,False,True,e62f85cde183d33f17a5c667b078100bfb53dc4d,op_braking,1146,1146,"{""11"": 1146}","[-1.827, -0.6755, -0.31225]","[-0.44275, 0.755, 0.9380000000000001]","[-1.5434699058532715, -0.6901209950447083, -0.03690279647707939]","[-0.08349999999999999, 0.008000000000000007, 0.2747500000000001]","[-0.2518276623487472, 0.06989558947086338, 0.36332073330879217]","{""intercept"": -0.07012979683236142, ""n"": 1146, ""r"": 0.9814815432139252, ""slope"": 0.8790688944731064}","{""intercept"": -0.13133512671839298, ""n"": 1146, ""r"": 0.9512454872187097, ""slope"": 0.8805176914180002}","[-1542.5, -687.5, -302.0]","[-764.0, -540.0, -221.5]","[-764.0, -595.0, -228.0]","[1962.5, 4085.5, 5340.75]","[-764.0, -595.0, -228.0]","[0.0, 0.0, 0.0]"
00000067--abf9d48e19,False,True,e62f85cde183d33f17a5c667b078100bfb53dc4d,op_accelerating,548,548,"{""11"": 548}","[0.303, 0.4235, 0.783]","[0.273, 0.779, 0.893]","[0.15665292292833327, 0.41677597165107727, 0.8574258863925933]","[-0.059, -0.0010000000000000009, 0.02999999999999999]","[-0.272650714276731, -0.0019320472478866757, 0.21460098834037766]","{""intercept"": -0.004786624673944608, ""n"": 548, ""r"": 0.9642021741697142, ""slope"": 0.99814097890001}","{""intercept"": 0.18190132210046386, ""n"": 548, ""r"": 0.7801218595893212, ""slope"": 0.6249541865062472}","[289.35, 421.0, 783.65]","[289.35, 421.0, 783.65]","[-781.0, -548.0, -328.35]","[2448.0, 3039.0, 4278.45]","[-781.0, -548.0, -328.35]","[0.0, 0.0, 0.0]"
00000067--abf9d48e19,False,True,e62f85cde183d33f17a5c667b078100bfb53dc4d,op_near_zero,6671,6671,"{""11"": 6671}","[-0.231, 0.03, 0.23]","[-0.066, 0.091, 0.806]","[-0.2525590658187866, 0.010738899931311607, 0.2915632873773575]","[-0.017000000000000015, -0.0010000000000000009, 0.017999999999999995]","[-0.17464728984236716, -0.01609098213911056, 0.2103502945303917]","{""intercept"": -0.00012426300451819547, ""n"": 6671, ""r"": 0.994690793844638, ""slope"": 0.9924401215235681}","{""intercept"": 0.013210497394946978, ""n"": 6671, ""r"": 0.7087724589628145, ""slope"": 0.5733104278297834}","[-226.5, 29.0, 230.0]","[-225.5, 29.0, 230.0]","[-1022.0, -504.0, -187.0]","[1977.0, 2699.0, 4359.5]","[-1022.0, -504.0, -186.5]","[0.0, 0.0, 0.0]"
00000067--abf9d48e19,False,True,e62f85cde183d33f17a5c667b078100bfb53dc4d,native_or_stock_cruise,2,2,"{""11"": 2}","[-0.01025, 0.005499999999999998, 0.021249999999999998]","[0.023, 0.023, 0.023]","[0.0179188690148294, 0.026105248369276524, 0.03429162772372365]","[-0.033850000000000005, -0.014500000000000002, 0.004849999999999998]","[0.01304162772372365, 0.020605248369276526, 0.028168869014829397]","{""intercept"": null, ""n"": 2, ""r"": null, ""slope"": null}","{""intercept"": null, ""n"": 2, ""r"": null, ""slope"": null}","[-12.6, -9.0, -5.4]","[-12.6, -9.0, -5.4]","[-498.0, -498.0, -498.0]","[1988.0, 1988.0, 1988.0]","[-498.0, -498.0, -498.0]","[0.0, 0.0, 0.0]"
00000067--abf9d48e19,False,True,e62f85cde183d33f17a5c667b078100bfb53dc4d,manual_moving,1554,1554,"{""11"": 6, ""63"": 1548}","[-0.653, -0.085, 0.40304999999999974]","[-0.653, -0.085, 0.40304999999999974]","[-0.7408152043819427, -0.19878246635198593, 0.28513762950897215]","[-0.06800000000000002, -0.0010000000000000009, 0.0069999999999999975]","[-0.4152339951097965, -0.03531953498162328, 0.22613513885140388]","{""intercept"": -0.009388625447835596, ""n"": 1554, ""r"": 0.9921722582249649, ""slope"": 0.9786443821337463}","{""intercept"": 0.002618418236221394, ""n"": 1554, ""r"": 0.7704276429490551, ""slope"": 0.7239280302871685}","[-660.35, -91.0, 395.0]","[-657.0, -82.0, 396.39999999999964]","[-657.0, -86.5, 396.39999999999964]","[2173.95, 4124.0, 5271.35]","[-657.0, -86.5, 396.39999999999964]","[0.0, 0.0, 8186.0]"
00000080--0fbf6ed502,False,True,ef7dce65bd257cd5500b79ce5e89d8bbe24811be,driver_brake,964,324,"{""63"": 964}","[0.047150000000000004, 0.436, 0.7527999999999997]","[0.047150000000000004, 0.436, 0.7527999999999997]","[-0.892238637804985, -0.30506235361099243, 0.005219698321888965]","[-2.28045, -0.7785, -0.2333000000000001]","[-1.4789998501062394, -0.6953262527585029, -0.28851976261734985]","{""intercept"": -0.23408911380251554, ""n"": 324, ""r"": -0.3689225288747689, ""slope"": -0.8343834704954202}","{""intercept"": -0.4138230510958858, ""n"": 324, ""r"": 0.2084703415951681, ""slope"": 0.35343215630563213}","[-1842.05, -614.0, -41.600000000000364]","[-497.0, 47.0, 667.0499999999988]","[-497.0, 47.0, 667.0499999999988]","[2801.1000000000004, 3997.0, 5182.85]","[-497.0, 47.0, 667.0499999999988]","[7975.15, 8119.0, 8172.0]"
00000080--0fbf6ed502,False,True,ef7dce65bd257cd5500b79ce5e89d8bbe24811be,driver_gas,4116,410,"{""63"": 4116}","[-0.25855, -0.1, 0.45629999999999976]","[-0.25855, -0.1, 0.45629999999999976]","[0.1947084866464138, 0.543919563293457, 0.9600039571523666]","[0.12415000000000002, 0.403, 1.1820000000000002]","[0.20600000789165507, 0.524024036169052, 0.9612377740621566]","{""intercept"": 0.4885404179360986, ""n"": 410, ""r"": 0.4902436664741817, ""slope"": 0.7845106996980975}","{""intercept"": -0.1948971338085198, ""n"": 410, ""r"": 0.8516424792439037, ""slope"": 1.249721028817117}","[-268.0, 62.0, 803.25]","[-268.0, 62.0, 803.25]","[-1042.0, -524.5, -68.25]","[2288.0, 2879.0, 5343.5]","[-268.0, 62.0, 803.25]","[0.0, 0.0, 0.0]"
00000080--0fbf6ed502,False,True,ef7dce65bd257cd5500b79ce5e89d8bbe24811be,standstill,278,19,"{""63"": 278}","[0.512, 0.527, 0.537]","[0.512, 0.527, 0.537]","[-2.0297457012929953e-07, 1.2509245550518244e-07, 2.7044766738981705e-06]","[-0.12930000000000005, -0.0030000000000000027, 0.0]","[-0.5369978542412123, -0.5269992052871108, -0.512000059670817]","{""intercept"": null, ""n"": 19, ""r"": null, ""slope"": null}","{""intercept"": null, ""n"": 19, ""r"": null, ""slope"": null}","[-497.0, -497.0, 1029.75]","[-497.0, -497.0, 1037.75]","[-497.0, -497.0, 1037.75]","[-497.0, -497.0, 5575.65]","[-497.0, -497.0, 1037.75]","[0.0, 0.0, 0.0]"
00000080--0fbf6ed502,False,True,ef7dce65bd257cd5500b79ce5e89d8bbe24811be,op_braking,137,137,"{""11"": 137}","[-0.888, -0.646, -0.3022]","[-1.3338, 0.066, 0.931]","[-0.8776081681251526, -0.6048799157142639, -0.27722289562225355]","[-0.0712, 0.007000000000000006, 0.06720000000000002]","[-0.1979908646583557, 0.027883101701736468, 0.1536756679534912]","{""intercept"": -0.06418930992166423, ""n"": 137, ""r"": 0.9556302320325626, ""slope"": 0.8854370374780497}","{""intercept"": -0.20923037508346737, ""n"": 137, ""r"": 0.7869453754403682, ""slope"": 0.6590187275721526}","[-871.4, -621.0, -356.8]","[-354.0, -252.0, -191.8]","[-354.0, -252.0, -191.8]","[3311.8, 3329.0, 4881.0]","[-354.0, -252.0, -191.8]","[0.0, 0.0, 0.0]"
00000080--0fbf6ed502,False,True,ef7dce65bd257cd5500b79ce5e89d8bbe24811be,op_accelerating,424,424,"{""11"": 424}","[0.3013, 0.3685, 0.6880499999999996]","[0.157, 0.521, 0.933]","[-0.09112844467163085, 0.3475814163684845, 0.6272892445325849]","[-0.04199999999999998, -0.0050000000000000044, 0.031849999999999996]","[-0.4050853794619441, -0.04397454047203067, 0.09300460677146909]","{""intercept"": -0.010140463413390418, ""n"": 424, ""r"": 0.9637876423219559, ""slope"": 1.0109085178381019}","{""intercept"": 0.3030320316798225, ""n"": 424, ""r"": 0.5693446003927164, ""slope"": 0.29523781649280795}","[290.0, 366.5, 684.8499999999999]","[290.0, 366.5, 684.8499999999999]","[-217.54999999999998, -156.0, 44.24999999999983]","[3145.3, 3629.5, 6324.0]","[-217.54999999999998, -156.0, 44.24999999999983]","[0.0, 0.0, 0.0]"
00000080--0fbf6ed502,False,True,ef7dce65bd257cd5500b79ce5e89d8bbe24811be,op_near_zero,3660,3659,"{""11"": 3659, ""63"": 1}","[-0.212, 0.002, 0.2420999999999999]","[-0.08209999999999999, 0.021, 0.7494999999999995]","[-0.18154596984386445, 0.012504245154559612, 0.22222414314746847]","[-0.025, 0.0, 0.022099999999999925]","[-0.24440530579984188, 0.0139695582985878, 0.2528507664769888]","{""intercept"": 0.000252093114511607, ""n"": 3659, ""r"": 0.9912139591701568, ""slope"": 0.9883620413255155}","{""intercept"": 0.0004556143202814076, ""n"": 3659, ""r"": 0.32985681159256175, ""slope"": 0.3223042822207101}","[-205.0, 2.0, 241.04999999999973]","[-198.04999999999998, 14.0, 241.04999999999973]","[-568.0, -181.0, 94.04999999999973]","[2900.95, 3703.0, 5657.299999999998]","[-568.0, -181.0, 94.04999999999973]","[0.0, 0.0, 0.0]"
00000080--0fbf6ed502,False,True,ef7dce65bd257cd5500b79ce5e89d8bbe24811be,native_or_stock_cruise,106,0,"{""11"": 106}",,,,,,"{""intercept"": null, ""n"": 0, ""r"": null, ""slope"": null}","{""intercept"": null, ""n"": 0, ""r"": null, ""slope"": null}","[-3.0, 6.0, 21.0]","[-3.0, 6.0, 21.0]","[-97.75, -87.0, -83.0]","[3292.0, 3302.0, 3307.0]","[-97.75, -87.0, -83.0]","[0.0, 0.0, 0.0]"
00000080--0fbf6ed502,False,True,ef7dce65bd257cd5500b79ce5e89d8bbe24811be,manual_moving,1139,311,"{""11"": 5, ""63"": 1134}","[-0.051500000000000004, 0.34800000000000003, 0.5545]","[-0.051500000000000004, 0.34800000000000003, 0.5545]","[-0.21515145897865295, 0.09254845231771469, 0.43932874500751495]","[-0.165, -0.01699999999999996, 0.007000000000000001]","[-0.572067795438692, -0.30594393315911295, 0.41031755673885345]","{""intercept"": -0.005512469059434432, ""n"": 311, ""r"": 0.9523132355155144, ""slope"": 0.8902219615300548}","{""intercept"": 0.2710092648111191, ""n"": 311, ""r"": -0.10308556867345463, ""slope"": -0.08880866704000621}","[-603.2, -112.0, 624.3999999999996]","[-600.3, -110.0, 745.0]","[-600.3, -111.0, 745.0]","[2783.9, 3880.0, 5227.1]","[-600.3, -110.0, 745.0]","[0.0, 0.0, 8190.0]"
00000086--575a5fd6a5,True,True,c2d3dcba9faa17c9f3ca41f1478ac03f22bad9cc,driver_brake,4567,4507,"{""11"": 94, ""63"": 4473}","[-0.5477000000000001, 0.382, 1.06]","[-0.5477000000000001, 0.382, 1.06]","[-2.42069935798645, -0.10606890916824341, 0.027842729538679015]","[-2.795, -1.203, -0.2003000000000002]","[-2.25123577709198, -0.801, -0.1133079480290414]","{""intercept"": -1.122653595717036, ""n"": 4507, ""r"": 0.5252070427132729, ""slope"": 0.6992051104417937}","{""intercept"": -0.3947474051423541, ""n"": 4507, ""r"": 0.7935353967646057, ""slope"": 0.8745126735388007}","[-2908.8, -681.0, 87.0]","[-529.0, 408.0, 1060.0]","[-529.0, 408.0, 1060.0]","[3166.3, 4519.0, 5265.0]","[-529.0, 408.0, 1060.0]","[7914.0, 8074.0, 8170.0]"
00000086--575a5fd6a5,True,True,c2d3dcba9faa17c9f3ca41f1478ac03f22bad9cc,driver_gas,5275,5275,"{""11"": 110, ""63"": 5165}","[-0.9400000000000001, -0.41100000000000003, 0.033]","[-0.9503, -0.47100000000000003, 0.06160000000000036]","[-0.3314051926136017, 0.5501295328140259, 2.103570437431336]","[0.04799999999999999, 1.048, 2.6983]","[-0.04170064218342306, 1.0359688556790352, 2.693157843685151]","{""intercept"": 0.8201777649889349, ""n"": 5275, ""r"": 0.11905921633312799, ""slope"": 0.2769151669938961}","{""intercept"": 0.006496995014683895, ""n"": 5275, ""r"": 0.9550176369511709, ""slope"": 1.0061902312518378}","[-334.6, 579.0, 2216.1000000000013]","[-334.6, 579.0, 2216.1000000000013]","[-938.3, -512.0, 15.0]","[1785.7, 3177.0, 5866.3]","[-354.3, 579.0, 2216.1000000000013]","[0.0, 0.0, 0.0]"
00000086--575a5fd6a5,True,True,c2d3dcba9faa17c9f3ca41f1478ac03f22bad9cc,standstill,31687,31389,"{""63"": 31687}","[-0.18, -0.18, -0.18]","[-0.18, -0.18, -0.18]","[0.0, 0.0, 0.0]","[0.0, 0.0, 0.0]","[0.18, 0.18, 0.18]","{""intercept"": -0.005533873861001991, ""n"": 31389, ""r"": 0.9977179008232125, ""slope"": 0.9693740364663029}","{""intercept"": null, ""n"": 31389, ""r"": null, ""slope"": null}","[-180.0, -180.0, -180.0]","[-180.0, -180.0, -180.0]","[-180.0, -180.0, -180.0]","[-180.0, -180.0, -180.0]","[-180.0, -180.0, -180.0]","[0.0, 0.0, 0.0]"
00000086--575a5fd6a5,True,True,c2d3dcba9faa17c9f3ca41f1478ac03f22bad9cc,op_braking,566,566,"{""11"": 566}","[-2.03575, -1.953, -0.40900000000000003]","[-3.43275, -1.094, 0.5640000000000001]","[-1.9081196784973145, -1.5863553285598755, -0.23794673383235931]","[-0.046750000000000014, 0.17300000000000015, 0.57575]","[-0.04788938319683071, 0.17541407215595245, 0.5655521210432053]","{""intercept"": -0.08753310337092858, ""n"": 566, ""r"": 0.9619741801352187, ""slope"": 0.820128816102278}","{""intercept"": -0.1357958227679029, ""n"": 566, ""r"": 0.9862359638357951, ""slope"": 0.9111895714629465}","[-1856.75, -1593.5, -360.5]","[-858.0, -726.0, -360.5]","[-858.0, -726.0, -546.25]","[2501.25, 3452.0, 4467.0]","[-858.0, -726.0, -546.25]","[0.0, 0.0, 0.0]"
00000086--575a5fd6a5,True,True,c2d3dcba9faa17c9f3ca41f1478ac03f22bad9cc,op_accelerating,291,291,"{""11"": 291}","[0.3735, 0.665, 0.715]","[0.044, 0.183, 0.34850000000000003]","[0.326716810464859, 0.6694437861442566, 0.8479999601840973]","[-0.01699999999999996, 0.0, 0.020999999999999963]","[-0.16467476397752762, 0.013225481033325215, 0.18179633688926694]","{""intercept"": 0.0059191428046584385, ""n"": 291, ""r"": 0.9090409760630592, ""slope"": 0.9841907177013448}","{""intercept"": 0.2736285549946158, ""n"": 291, ""r"": 0.7322607622959837, ""slope"": 0.5464553709941781}","[369.0, 664.0, 714.0]","[369.0, 664.0, 714.0]","[-546.0, -415.0, -404.0]","[2314.0, 2576.0, 3044.0]","[-546.0, -415.0, -404.0]","[0.0, 0.0, 0.0]"
00000086--575a5fd6a5,True,True,c2d3dcba9faa17c9f3ca41f1478ac03f22bad9cc,op_near_zero,3309,3309,"{""11"": 3309}","[-0.17300000000000001, -0.014, 0.11]","[-0.074, 0.044, 0.5723999999999997]","[-0.2037593126296997, -0.030454782769083977, 0.14596357643604277]","[-0.016, -0.0010000000000000009, 0.01599999999999999]","[-0.19100651936531068, -0.02951159095764161, 0.21747834115028364]","{""intercept"": -0.0006291047090841714, ""n"": 3309, ""r"": 0.9910252195069785, ""slope"": 0.9798654658947982}","{""intercept"": -0.006719990334218975, ""n"": 3309, ""r"": 0.3722723692817739, ""slope"": 0.29426284431180894}","[-168.0, -15.0, 109.59999999999991]","[-168.0, -15.0, 109.59999999999991]","[-675.0, -509.0, -43.0]","[1917.0, 3827.0, 4705.2]","[-675.0, -509.0, -43.0]","[0.0, 0.0, 0.0]"
00000086--575a5fd6a5,True,True,c2d3dcba9faa17c9f3ca41f1478ac03f22bad9cc,native_or_stock_cruise,5,5,"{""11"": 5}","[-0.0608, 0.0, 0.734]","[-0.1248, 0.386, 0.734]","[-0.04058773396536708, 0.09979173541069031, 0.2654972791671753]","[-0.8506, -0.024000000000000007, -0.0014000000000000004]","[-0.4889758970737457, -0.05010044202208519, 0.14012600798085328]","{""intercept"": null, ""n"": 5, ""r"": null, ""slope"": null}","{""intercept"": null, ""n"": 5, ""r"": null, ""slope"": null}","[-116.6, -100.0, -1.4000000000000004]","[-116.6, -100.0, -1.4000000000000004]","[-609.0, -599.0, -303.20000000000005]","[2223.0, 2597.0, 4235.599999999999]","[-600.6, -582.0, -285.6]","[0.0, 0.0, 0.0]"
00000086--575a5fd6a5,True,True,c2d3dcba9faa17c9f3ca41f1478ac03f22bad9cc,manual_moving,1874,1862,"{""11"": 5, ""63"": 1869}","[-0.6689, -0.27, 0.43684999999999946]","[-0.6689, -0.27, 0.43684999999999946]","[-0.8134687632322312, -0.18169478327035904, 0.39497835934162134]","[-0.12094999999999996, 0.0, 0.00799999999999998]","[-0.30892979861497877, 0.011219679832458501, 0.39787336805090295]","{""intercept"": -0.024040012276993074, ""n"": 1862, ""r"": 0.9868636852441026, ""slope"": 0.9405595095167898}","{""intercept"": -0.07959924697399243, ""n"": 1862, ""r"": 0.8222635094267975, ""slope"": 0.7156202432648633}","[-663.7, -265.0, 414.74999999999955]","[-663.7, -258.0, 455.0]","[-666.35, -265.0, 455.0]","[2836.65, 4052.5, 5215.949999999999]","[-663.7, -262.5, 455.0]","[0.0, 0.0, 8186.0]"
00000087--7e7f16f8af,True,True,c2d3dcba9faa17c9f3ca41f1478ac03f22bad9cc,driver_brake,3549,3378,"{""63"": 3549}","[-0.70815, 0.077, 0.705]","[-0.70815, 0.077, 0.705]","[-2.1117611289024354, -0.36722177267074585, 0.09101619720458878]","[-3.0505999999999998, -0.756, -0.22585000000000036]","[-1.9890624897480012, -0.666, 0.06147879188656591]","{""intercept"": -0.987012800384815, ""n"": 3378, ""r"": 0.42675635350837604, ""slope"": 0.8229044504461415}","{""intercept"": -0.39846145714970127, ""n"": 3378, ""r"": 0.7190971729184581, ""slope"": 0.800526034161746}","[-2783.4, -710.0, 67.19999999999982]","[-699.0, 84.0, 697.0]","[-699.0, 84.0, 697.0]","[849.0, 4043.0, 5066.0]","[-699.0, 84.0, 697.0]","[7880.0, 8115.0, 8170.0]"
00000087--7e7f16f8af,True,True,c2d3dcba9faa17c9f3ca41f1478ac03f22bad9cc,driver_gas,4039,4039,"{""11"": 186, ""63"": 3853}","[-0.798, -0.189, 0.23529999999999973]","[-0.798, -0.197, 0.6272999999999997]","[-0.13823629170656204, 0.5419244766235352, 1.6126855850219726]","[0.006, 0.696, 2.3844]","[0.03352471879720688, 0.720716594696045, 2.215877160263061]","{""intercept"": 0.5093233311200811, ""n"": 4039, ""r"": -0.24080545461198402, ""slope"": -0.44507960829773435}","{""intercept"": -0.02273182335955267, ""n"": 4039, ""r"": 0.9354567401541268, ""slope"": 1.041682936427251}","[-151.1, 511.0, 1802.2999999999997]","[-151.1, 511.0, 1802.2999999999997]","[-803.0, -449.0, 209.19999999999982]","[1734.9, 4468.0, 6289.1]","[-215.0, 511.0, 1802.2999999999997]","[0.0, 0.0, 0.0]"
00000087--7e7f16f8af,True,True,c2d3dcba9faa17c9f3ca41f1478ac03f22bad9cc,standstill,238,142,"{""63"": 238}","[-0.52, 0.6125, 1.0718]","[-0.52, 0.6125, 1.0718]","[-0.004428606573492288, 0.0, 0.031012922804802587]","[-0.1402, -0.0040000000000000036, 0.0]","[-1.0718, -0.6154999999999999, 0.5199999999995717]","{""intercept"": -0.03663102846280367, ""n"": 142, ""r"": 0.9822598603956244, ""slope"": 1.0159715695118587}","{""intercept"": 0.48129130325956404, ""n"": 142, ""r"": 0.050147437829049596, ""slope"": 0.999378796733693}","[-520.0, 169.5, 1043.3999999999996]","[-520.0, 228.0, 1060.6]","[-520.0, 228.0, 1060.6]","[-520.0, 3917.5, 5171.499999999999]","[-520.0, 228.0, 1060.6]","[0.0, 0.0, 8186.0]"
00000087--7e7f16f8af,True,True,c2d3dcba9faa17c9f3ca41f1478ac03f22bad9cc,op_braking,62,62,"{""11"": 62}","[-0.614, -0.431, -0.28835000000000005]","[-0.19490000000000002, -0.081, 0.28600000000000003]","[-0.658904767036438, -0.3773719370365143, -0.1263802580535413]","[-0.11695000000000004, -0.02350000000000002, 0.08294999999999995]","[-0.17362198858261108, -0.005769511580467207, 0.303454140895605]","{""intercept"": 0.06686148830147357, ""n"": 62, ""r"": 0.910261766131259, ""slope"": 1.2074627545965881}","{""intercept"": -0.1984794227098808, ""n"": 62, ""r"": 0.8098225722284347, ""slope"": 0.6214027000413515}","[-651.95, -456.5, -228.60000000000005]","[-500.95, -420.5, -228.60000000000005]","[-774.95, -471.0, -309.4000000000002]","[1482.45, 3130.0, 3261.95]","[-774.95, -471.0, -309.4000000000002]","[0.0, 0.0, 0.0]"
00000087--7e7f16f8af,True,True,c2d3dcba9faa17c9f3ca41f1478ac03f22bad9cc,op_near_zero,5148,5148,"{""11"": 5148}","[-0.149, -0.019, 0.12]","[-0.057, 0.0695, 0.656]","[-0.2554031938314438, -0.006990299327298999, 0.1894675999879834]","[-0.017, -0.0010000000000000009, 0.017]","[-0.1981664288163185, 0.0005878887176513671, 0.20083298655748366]","{""intercept"": -0.0009622645299017808, ""n"": 5148, ""r"": 0.9882932091243423, ""slope"": 0.9769683391735843}","{""intercept"": -0.010966448233366085, ""n"": 5148, ""r"": 0.49817696119254046, ""slope"": 0.3015351188483727}","[-147.64999999999998, -19.0, 120.0]","[-147.64999999999998, -19.0, 120.0]","[-963.0, -459.0, -142.0]","[1693.35, 2465.5, 3631.0]","[-963.0, -459.0, -142.0]","[0.0, 0.0, 0.0]"
00000087--7e7f16f8af,True,True,c2d3dcba9faa17c9f3ca41f1478ac03f22bad9cc,native_or_stock_cruise,9,9,"{""11"": 9}","[-0.5028, 0.0, 0.115]","[-0.0986, 0.076, 0.3276]","[-0.665877616405487, -0.0292176716029644, 0.23139294385910034]","[-0.699, -0.001, 0.023799999999999974]","[-0.780877616405487, 0.08465953743457794, 0.23139294385910034]","{""intercept"": null, ""n"": 9, ""r"": null, ""slope"": null}","{""intercept"": null, ""n"": 9, ""r"": null, ""slope"": null}","[-643.8, -32.0, 0.1999999999999993]","[-496.6, -32.0, 0.1999999999999993]","[-759.4, -497.0, -421.6]","[1777.8, 3164.0, 4145.599999999999]","[-746.8, -497.0, -358.2]","[0.0, 0.0, 0.0]"
00000087--7e7f16f8af,True,True,c2d3dcba9faa17c9f3ca41f1478ac03f22bad9cc,manual_moving,1600,1600,"{""11"": 10, ""63"": 1590}","[-0.61, -0.112, 0.45909999999999995]","[-0.61, -0.112, 0.45909999999999995]","[-0.6633898198604584, -0.19008911401033401, 0.22391213178634642]","[-0.10399999999999998, 0.0, 0.008999999999999952]","[-0.4692468996450305, -0.025898939609527577, 0.21496248193085193]","{""intercept"": -0.016952914725145436, ""n"": 1600, ""r"": 0.9853141430311727, ""slope"": 0.9429934161868299}","{""intercept"": 0.014204443033676226, ""n"": 1600, ""r"": 0.775631616927499, ""slope"": 0.8092100469089301}","[-606.0, -113.5, 434.0]","[-606.0, -101.0, 456.04999999999995]","[-608.05, -112.0, 456.04999999999995]","[3044.95, 4234.0, 5968.25]","[-614.0, -110.5, 456.04999999999995]","[0.0, 0.0, 8186.0]"
00000088--462e38e23b,True,True,c2d3dcba9faa17c9f3ca41f1478ac03f22bad9cc,driver_brake,3560,3560,"{""63"": 3560}","[-0.31005, 0.384, 1.082]","[-0.31005, 0.384, 1.082]","[-1.8520742237567902, -0.025424056686460972, 0.09004939161241052]","[-2.602, -0.99, -0.233]","[-1.9575292213916777, -0.6249999999163091, 0.082]","{""intercept"": -1.0411423540709936, ""n"": 3560, ""r"": 0.285046511628559, ""slope"": 0.6052124901255092}","{""intercept"": -0.6029333544980178, ""n"": 3560, ""r"": 0.41641834512825887, ""slope"": 0.568600672867992}","[-2555.0, -582.0, 211.0]","[-308.09999999999997, 385.0, 1082.0]","[-308.09999999999997, 385.0, 1082.0]","[-82.0, 4364.5, 5281.049999999999]","[-308.09999999999997, 385.0, 1082.0]","[7938.0, 8095.0, 8170.0]"
00000088--462e38e23b,True,True,c2d3dcba9faa17c9f3ca41f1478ac03f22bad9cc,driver_gas,4107,4107,"{""11"": 279, ""63"": 3828}","[-0.498, -0.331, 0.111]","[-0.5747000000000001, -0.399, 0.6960000000000001]","[-0.2712800055742264, 0.39644283056259155, 1.6020952939987179]","[0.0, 0.532, 1.9283999999999997]","[-0.012405505356937628, 0.5635518370270729, 2.0386352740287776]","{""intercept"": 0.664879524310121, ""n"": 4107, ""r"": 0.24974046181723467, ""slope"": 0.6203507992576204}","{""intercept"": 0.012530467706919757, ""n"": 4107, ""r"": 0.9533494481192822, ""slope"": 0.9699839372365712}","[-249.0, 345.0, 1554.0]","[-249.0, 345.0, 1554.0]","[-856.4, -465.0, 99.09999999999945]","[1897.2000000000003, 3427.0, 6039.0]","[-262.0, 345.0, 1554.0]","[0.0, 0.0, 0.0]"
00000088--462e38e23b,True,True,c2d3dcba9faa17c9f3ca41f1478ac03f22bad9cc,standstill,805,526,"{""63"": 805}","[-0.336, -0.082, 0.911]","[-0.336, -0.082, 0.911]","[-3.055296703447063e-23, 0.0, 2.023229626159006e-24]","[-0.02075000000000002, 0.0, 0.0]","[-0.911, 0.082, 0.336]","{""intercept"": -0.005788115855284493, ""n"": 526, ""r"": 0.9969102017295596, ""slope"": 0.968899291188595}","{""intercept"": null, ""n"": 526, ""r"": null, ""slope"": null}","[-336.0, -82.0, 679.0]","[-336.0, -82.0, 682.1999999999998]","[-336.0, -82.0, 682.1999999999998]","[-336.0, -82.0, 4928.0]","[-336.0, -82.0, 682.1999999999998]","[0.0, 0.0, 0.0]"
00000088--462e38e23b,True,True,c2d3dcba9faa17c9f3ca41f1478ac03f22bad9cc,op_braking,472,472,"{""11"": 467, ""63"": 5}","[-1.446, -0.9375, -0.31465000000000004]","[-0.7274999999999999, 0.2025, 0.9460000000000001]","[-1.3528809547424316, -0.952414482831955, -0.2165496431291104]","[-0.052899999999999996, 0.008999999999999897, 0.18190000000000003]","[-0.2459798898220062, -0.0029372205734253254, 0.21207252297401424]","{""intercept"": -0.04560858648367034, ""n"": 472, ""r"": 0.9847681989893958, ""slope"": 0.9195305120783519}","{""intercept"": -0.11021371868918842, ""n"": 472, ""r"": 0.89185371445492, ""slope"": 0.8394104505133294}","[-1274.15, -950.0, -305.1]","[-721.9, -525.5, -164.0]","[-721.9, -548.0, -164.55]","[2171.0, 3011.0, 3990.0]","[-721.9, -548.0, -164.55]","[0.0, 0.0, 0.0]"
00000088--462e38e23b,True,True,c2d3dcba9faa17c9f3ca41f1478ac03f22bad9cc,op_accelerating,26,26,"{""11"": 26}","[0.307, 0.34500000000000003, 0.38825]","[0.17025, 0.234, 0.28]","[0.2706664204597473, 0.3683667778968811, 0.47190870344638824]","[-0.03624999999999999, -0.007000000000000006, 0.027500000000000024]","[-0.049234412848949444, 0.021856740832328775, 0.1191504086256027]","{""intercept"": -0.027623742344315798, ""n"": 26, ""r"": 0.8237847704528855, ""slope"": 1.0652585217580104}","{""intercept"": 0.2266483762658218, ""n"": 26, ""r"": 0.6318374845175281, ""slope"": 0.3118580479948788}","[291.0, 342.5, 389.0]","[291.0, 342.5, 389.0]","[-633.0, -632.0, -630.0]","[4430.0, 4431.0, 4434.0]","[-633.0, -632.0, -630.0]","[0.0, 0.0, 0.0]"
00000088--462e38e23b,True,True,c2d3dcba9faa17c9f3ca41f1478ac03f22bad9cc,op_near_zero,7556,7556,"{""11"": 7555, ""63"": 1}","[-0.198, 0.004, 0.17500000000000002]","[-0.03725, 0.176, 0.76]","[-0.3273686096072197, 0.0019043000065721571, 0.26906178891658783]","[-0.019000000000000017, -0.0010000000000000009, 0.017]","[-0.21580373933911323, -0.008332933038473133, 0.20610272553004325]","{""intercept"": -0.0012956792088478354, ""n"": 7556, ""r"": 0.9924854320704976, ""slope"": 0.9980701752940766}","{""intercept"": 0.004168865880197394, ""n"": 7556, ""r"": 0.6899304372383186, ""slope"": 0.4387395609414049}","[-197.0, 2.0, 175.0]","[-197.0, 2.0, 175.0]","[-752.0, -519.0, -117.75]","[1919.0, 2793.5, 4582.0]","[-752.0, -519.0, -117.75]","[0.0, 0.0, 0.0]"
00000088--462e38e23b,True,True,c2d3dcba9faa17c9f3ca41f1478ac03f22bad9cc,native_or_stock_cruise,9,9,"{""11"": 9}","[-0.0912, -0.058, 0.48059999999999986]","[-0.058, 0.258, 0.6968]","[-0.12886144816875458, 0.057715047150850296, 0.3117734968662262]","[-0.43520000000000003, -0.00399999999999999, 0.008799999999999994]","[-0.3607935835361481, 0.11571504715085029, 0.257590240907669]","{""intercept"": null, ""n"": 9, ""r"": null, ""slope"": null}","{""intercept"": null, ""n"": 9, ""r"": null, ""slope"": null}","[-89.2, -85.0, 81.79999999999995]","[-89.2, -85.0, 81.79999999999995]","[-752.0, -523.0, -481.6]","[2075.8, 3048.0, 4035.9999999999995]","[-732.8, -523.0, -481.6]","[0.0, 0.0, 0.0]"
00000088--462e38e23b,True,True,c2d3dcba9faa17c9f3ca41f1478ac03f22bad9cc,manual_moving,2062,2062,"{""11"": 20, ""63"": 2042}","[-0.5779, -0.383, 0.40800000000000003]","[-0.5779, -0.383, 0.40800000000000003]","[-0.544877341389656, -0.25501860678195953, 0.32011703103780736]","[-0.12194999999999999, 0.0010000000000000009, 0.006000000000000005]","[-0.33681410798728467, 0.046661212395876644, 0.40793770405650137]","{""intercept"": -0.030015517395504773, ""n"": 2062, ""r"": 0.977661085383165, ""slope"": 0.903371357789843}","{""intercept"": -0.1199489196642954, ""n"": 2062, ""r"": 0.7659404223572057, ""slope"": 0.7187155096313139}","[-568.0, -378.0, 318.9499999999998]","[-568.0, -378.0, 403.9499999999998]","[-570.95, -382.0, 403.9499999999998]","[1976.15, 3770.0, 5143.95]","[-570.95, -381.5, 403.9499999999998]","[0.0, 0.0, 8182.0]"
00000089--0dd1afd752,True,,c2d3dcba9faa17c9f3ca41f1478ac03f22bad9cc,driver_brake,15,0,"{""63"": 15}",,,,,,"{""intercept"": null, ""n"": 0, ""r"": null, ""slope"": null}","{""intercept"": null, ""n"": 0, ""r"": null, ""slope"": null}","[-1427.1, -1407.0, -1060.4000000000003]","[-82.0, -82.0, -82.0]","[-82.0, -82.0, -82.0]","[32767.0, 32767.0, 32767.0]","[-82.0, -82.0, -82.0]","[8061.0, 8063.0, 8103.6]"
00000089--0dd1afd752,True,,c2d3dcba9faa17c9f3ca41f1478ac03f22bad9cc,standstill,59,0,"{""0"": 4, ""63"": 55}",,,,,,"{""intercept"": null, ""n"": 0, ""r"": null, ""slope"": null}","{""intercept"": null, ""n"": 0, ""r"": null, ""slope"": null}","[-88.29999999999998, -82.0, -82.0]","[-82.0, -82.0, -82.0]","[-82.0, -82.0, -82.0]","[-82.0, -82.0, 32767.0]","[-82.0, -82.0, -82.0]","[0.0, 0.0, 815.7999999999536]"
0000008a--0c0e51b672,True,True,c2d3dcba9faa17c9f3ca41f1478ac03f22bad9cc,driver_brake,2502,2398,"{""63"": 2502}","[-0.5513, 0.095, 0.674]","[-0.5513, 0.095, 0.674]","[-2.566029500961304, -0.13279453665018082, 0.06340909227728857]","[-2.261, -0.8440000000000001, -0.21799999999999997]","[-2.0546216571807863, -0.4771781281803269, -0.01316393252117558]","{""intercept"": -1.0693948599556868, ""n"": 2398, ""r"": 0.5110488717959729, ""slope"": 1.1006727537771757}","{""intercept"": -0.5245581219120747, ""n"": 2398, ""r"": 0.7803513683884642, ""slope"": 0.7292861961095024}","[-2510.0, -748.0, 26.69999999999891]","[-543.95, 92.0, 673.8999999999996]","[-543.95, 92.0, 673.8999999999996]","[2651.0, 3944.0, 4762.0]","[-543.95, 92.0, 673.8999999999996]","[7959.0, 8102.0, 8171.0]"
0000008a--0c0e51b672,True,True,c2d3dcba9faa17c9f3ca41f1478ac03f22bad9cc,driver_gas,7490,7490,"{""11"": 707, ""63"": 6783}","[-0.79555, -0.461, 0.0]","[-0.79555, -0.496, 0.164]","[-0.2650921642780304, 0.17218002676963806, 1.208653485774992]","[0.0, 0.579, 1.87]","[0.01538874958753586, 0.552305079139769, 1.810202687454223]","{""intercept"": 0.26613064940653336, ""n"": 7490, ""r"": -0.00026512641150838056, ""slope"": -0.00038354090081224877}","{""intercept"": 0.014941181877905328, ""n"": 7490, ""r"": 0.92578176778608, ""slope"": 0.9568200879491193}","[-277.54999999999995, 147.0, 1283.6499999999978]","[-277.54999999999995, 147.0, 1283.6499999999978]","[-807.55, -527.0, -95.90000000000146]","[1715.45, 2699.0, 5023.0999999999985]","[-367.54999999999995, 147.0, 1283.6499999999978]","[0.0, 0.0, 0.0]"
0000008a--0c0e51b672,True,True,c2d3dcba9faa17c9f3ca41f1478ac03f22bad9cc,standstill,212,81,"{""63"": 212}","[-0.529, 0.212, 0.668]","[-0.529, 0.212, 0.668]","[-2.2356240151566453e-05, 0.0, 0.00029064068803563714]","[-0.114, -0.0030000000000000027, 0.0]","[-0.6680000000000054, -0.212, 0.529]","{""intercept"": -0.034234721402775885, ""n"": 81, ""r"": 0.9845991307590114, ""slope"": 1.008895568753006}","{""intercept"": null, ""n"": 81, ""r"": null, ""slope"": null}","[-529.0, -82.0, 659.25]","[-529.0, -82.0, 662.0]","[-529.0, -82.0, 662.0]","[-529.0, -82.0, 5176.15]","[-529.0, -82.0, 662.0]","[0.0, 0.0, 8187.45]"
0000008a--0c0e51b672,True,True,c2d3dcba9faa17c9f3ca41f1478ac03f22bad9cc,op_braking,30,30,"{""11"": 29, ""63"": 1}","[-0.3471, -0.336, -0.2979]","[0.0998, 0.124, 0.185]","[-0.5534764915704727, -0.3304596394300461, 0.014326803386210923]","[-0.015550000000000013, 0.0, 0.026849999999999975]","[-0.21197649157047269, 0.00580645465850832, 0.324826803386211]","{""intercept"": null, ""n"": 30, ""r"": null, ""slope"": null}","{""intercept"": -0.3033890751106099, ""n"": 30, ""r"": 0.3638432564472918, ""slope"": 0.0792410083721323}","[-347.55, -335.5, -277.80000000000007]","[-347.55, -335.5, -277.80000000000007]","[-392.55, -375.0, -368.35]","[2846.0, 3062.5, 3074.1]","[-392.0, -375.0, -368.35]","[0.0, 0.0, 0.0]"
0000008a--0c0e51b672,True,True,c2d3dcba9faa17c9f3ca41f1478ac03f22bad9cc,op_near_zero,3865,3865,"{""11"": 3865}","[-0.17200000000000001, -0.02, 0.1477999999999997]","[-0.09, 0.042, 0.431]","[-0.26557177901268003, -0.014801944606006145, 0.1591635525226593]","[-0.019, -0.0010000000000000009, 0.01600000000000001]","[-0.20274297957420348, -0.005455017179250718, 0.18201433070898054]","{""intercept"": -0.00128153254974833, ""n"": 3865, ""r"": 0.9852562506444186, ""slope"": 0.9759529372702724}","{""intercept"": -0.008513489167523815, ""n"": 3865, ""r"": 0.4920309891214543, ""slope"": 0.34721132042704095}","[-170.0, -20.0, 144.0]","[-170.0, -20.0, 144.0]","[-948.0, -487.0, -182.0]","[1794.0, 2835.0, 4257.0]","[-948.0, -487.0, -182.0]","[0.0, 0.0, 0.0]"
0000008a--0c0e51b672,True,True,c2d3dcba9faa17c9f3ca41f1478ac03f22bad9cc,native_or_stock_cruise,8,8,"{""11"": 7, ""63"": 1}","[-0.27965, -0.016, 0.05529999999999997]","[-0.27965, -0.013000000000000001, 0.05704999999999997]","[-0.20561079010367392, 0.130253653973341, 0.2840533681213855]","[-0.0529, -0.0125, 0.05979999999999996]","[0.022135145682096492, 0.11901292636990546, 0.32905336812138547]","{""intercept"": null, ""n"": 8, ""r"": null, ""slope"": null}","{""intercept"": null, ""n"": 8, ""r"": null, ""slope"": null}","[-307.75, -39.0, 109.84999999999991]","[-307.75, -39.0, 109.84999999999991]","[-1012.65, -541.5, -303.8000000000001]","[1685.35, 2545.5, 4414.7]","[-1012.65, -528.0, -303.8000000000001]","[0.0, 0.0, 0.0]"
0000008a--0c0e51b672,True,True,c2d3dcba9faa17c9f3ca41f1478ac03f22bad9cc,manual_moving,1670,1643,"{""11"": 6, ""63"": 1664}","[-0.603, -0.384, 0.18559999999999946]","[-0.603, -0.384, 0.18559999999999946]","[-0.7250979125499725, -0.33727362751960754, 0.21881699711084363]","[-0.08179999999999998, 0.0, 0.006000000000000005]","[-0.25320121264457707, 0.01226260733604434, 0.2906091696321964]","{""intercept"": -0.019198464399735476, ""n"": 1643, ""r"": 0.9774019493144362, ""slope"": 0.9553241998989571}","{""intercept"": -0.13485098667082476, ""n"": 1643, ""r"": 0.761400412374888, ""slope"": 0.6144648903505412}","[-602.0, -379.0, 223.0999999999999]","[-601.0, -376.5, 229.19999999999982]","[-602.55, -378.0, 229.19999999999982]","[2690.7000000000003, 3782.0, 4587.0]","[-602.0, -377.5, 229.19999999999982]","[0.0, 0.0, 8184.0]"
0000008d--a9f348691a,False,False,ddd1f6fac47e636c6b5ec470849350587ee04272,driver_brake,2046,2046,"{""11"": 3, ""63"": 2043}","[-0.846, -0.105, 0.581]","[-0.846, -0.105, 0.581]","[-2.157308280467987, -0.8006596267223358, 0.018419936764985323]","[-2.6350000000000002, -0.7775000000000001, -0.186]","[-2.036661108016968, -0.7098448343276977, 0.10815481217578055]","{""intercept"": -0.9237339201850323, ""n"": 2046, ""r"": 0.5829047831101463, ""slope"": 1.357713610255005}","{""intercept"": -0.1963002223306302, ""n"": 2046, ""r"": 0.8250390941368732, ""slope"": 0.9717604208723056}","[-2841.0, -868.5, 206.75]","[-841.25, -102.5, 589.0]","[-841.25, -103.0, 589.0]","[2416.25, 4199.5, 4999.0]","[-841.25, -103.0, 589.0]","[7934.0, 8116.0, 8174.0]"
0000008d--a9f348691a,False,False,ddd1f6fac47e636c6b5ec470849350587ee04272,driver_gas,3357,3357,"{""11"": 25, ""63"": 3332}","[-1.028, -0.376, 0.044]","[-1.028, -0.376, 0.044]","[-0.27202005982398986, 0.5954400300979614, 1.705325651168823]","[0.09960000000000005, 1.0070000000000001, 2.406]","[-0.05902799520492552, 1.065106240272522, 2.283841609764099]","{""intercept"": 0.6837974745116384, ""n"": 3357, ""r"": 0.03724816675736835, ""slope"": 0.07085320813609536}","{""intercept"": 0.06337455182200119, ""n"": 3357, ""r"": 0.8983326838934831, ""slope"": 0.9459034331382932}","[-296.0, 590.0, 1850.3999999999996]","[-296.0, 590.0, 1850.3999999999996]","[-1065.2, -463.0, 42.19999999999982]","[2468.8, 4500.0, 6324.0]","[-326.59999999999997, 590.0, 1850.3999999999996]","[0.0, 0.0, 0.0]"
0000008d--a9f348691a,False,False,ddd1f6fac47e636c6b5ec470849350587ee04272,standstill,9342,8934,"{""63"": 9342}","[-0.535, -0.535, -0.427]","[-0.535, -0.535, -0.427]","[0.0, 0.0, 0.0]","[0.0, 0.0, 0.0]","[0.427, 0.535, 0.535]","{""intercept"": -0.005229540574727642, ""n"": 8934, ""r"": 0.999031717496931, ""slope"": 0.9898403029605327}","{""intercept"": null, ""n"": 8934, ""r"": null, ""slope"": null}","[-535.0, -535.0, -427.0]","[-535.0, -535.0, -427.0]","[-535.0, -535.0, -427.0]","[-535.0, -535.0, -427.0]","[-535.0, -535.0, -427.0]","[0.0, 0.0, 0.0]"
0000008d--a9f348691a,False,False,ddd1f6fac47e636c6b5ec470849350587ee04272,native_or_stock_cruise,5112,5112,"{""11"": 5093, ""63"": 19}","[-0.3092499999999999, 0.009000000000000001, 0.3148999999999996]","[-0.3092499999999999, 0.009000000000000001, 0.3148999999999996]","[-0.34886556714773176, 0.000581096435780637, 0.2565215572714805]","[-0.018, -0.0010000000000000009, 0.010449999999999777]","[-0.255480624628067, -0.0277832793276757, 0.30789911374449724]","{""intercept"": -0.0021480165179766962, ""n"": 5112, ""r"": 0.9981306391425665, ""slope"": 0.9963741625381137}","{""intercept"": 0.00151150542194658, ""n"": 5112, ""r"": 0.5905603731750685, ""slope"": 0.5984381061538276}","[-314.0, 7.0, 312.89999999999964]","[-314.0, 8.0, 312.89999999999964]","[-1102.0, -485.5, -20.0]","[2127.0, 3342.0, 5001.9]","[-1102.0, -485.5, -20.0]","[0.0, 0.0, 0.0]"
0000008d--a9f348691a,False,False,ddd1f6fac47e636c6b5ec470849350587ee04272,manual_moving,1861,1861,"{""11"": 13, ""63"": 1848}","[-0.707, -0.074, 0.547]","[-0.707, -0.074, 0.547]","[-0.7720338106155396, -0.05219254270195961, 0.3243817687034607]","[-0.10199999999999998, 0.0, 0.006000000000000005]","[-0.4898031000196934, 0.0336979382634163, 0.3048344210386276]","{""intercept"": -0.01431872734204147, ""n"": 1861, ""r"": 0.9819399480677525, ""slope"": 0.9533088607314678}","{""intercept"": -0.028901554819981582, ""n"": 1861, ""r"": 0.7423391310187561, ""slope"": 0.7082635528621205}","[-709.0, -91.0, 506.0]","[-705.0, -70.0, 540.0]","[-707.0, -72.0, 540.0]","[2780.0, 4667.0, 5323.0]","[-707.0, -72.0, 540.0]","[0.0, 0.0, 8187.0]"
000000d9--a1a459c5b5,False,True,e00d4ede69b7c2119f784e0beda26ebe15e0c6f2,driver_brake,1736,0,"{""63"": 1736}",,,,,,"{""intercept"": null, ""n"": 0, ""r"": null, ""slope"": null}","{""intercept"": null, ""n"": 0, ""r"": null, ""slope"": null}","[-1946.25, -753.0, 159.0]","[-588.0, 68.0, 874.0]","[-588.0, 68.0, 874.0]","[3188.0, 4065.5, 5034.25]","[-588.0, 68.0, 874.0]","[8050.75, 8121.0, 8164.0]"
000000d9--a1a459c5b5,False,True,e00d4ede69b7c2119f784e0beda26ebe15e0c6f2,driver_gas,3408,0,"{""63"": 3408}",,,,,,"{""intercept"": null, ""n"": 0, ""r"": null, ""slope"": null}","{""intercept"": null, ""n"": 0, ""r"": null, ""slope"": null}","[-319.0, 284.0, 1553.8999999999978]","[-319.0, 284.0, 1553.8999999999978]","[-1082.0, -606.5, 54.649999999999636]","[2060.0, 3220.5, 5237.65]","[-319.0, 284.0, 1553.8999999999978]","[0.0, 0.0, 0.0]"
000000d9--a1a459c5b5,False,True,e00d4ede69b7c2119f784e0beda26ebe15e0c6f2,standstill,6127,0,"{""63"": 6127}",,,,,,"{""intercept"": null, ""n"": 0, ""r"": null, ""slope"": null}","{""intercept"": null, ""n"": 0, ""r"": null, ""slope"": null}","[-409.0, -409.0, -409.0]","[-409.0, -409.0, -409.0]","[-409.0, -409.0, -409.0]","[-409.0, -409.0, -409.0]","[-409.0, -409.0, -409.0]","[0.0, 0.0, 0.0]"
000000d9--a1a459c5b5,False,True,e00d4ede69b7c2119f784e0beda26ebe15e0c6f2,op_braking,247,0,"{""63"": 247}",,,,,,"{""intercept"": null, ""n"": 0, ""r"": null, ""slope"": null}","{""intercept"": null, ""n"": 0, ""r"": null, ""slope"": null}","[-791.0, -268.0, -52.60000000000002]","[-791.0, -268.0, -52.60000000000002]","[-792.0, -268.0, -52.60000000000002]","[2674.2, 4873.0, 5059.0]","[-791.0, -268.0, -52.60000000000002]","[0.0, 0.0, 0.0]"
000000d9--a1a459c5b5,False,True,e00d4ede69b7c2119f784e0beda26ebe15e0c6f2,op_accelerating,1063,0,"{""63"": 1063}",,,,,,"{""intercept"": null, ""n"": 0, ""r"": null, ""slope"": null}","{""intercept"": null, ""n"": 0, ""r"": null, ""slope"": null}","[-592.0, -90.0, 84.0]","[-592.0, -90.0, 84.0]","[-592.0, -90.0, 84.0]","[3188.1, 3439.0, 5052.0]","[-592.0, -90.0, 84.0]","[0.0, 0.0, 0.0]"
000000d9--a1a459c5b5,False,True,e00d4ede69b7c2119f784e0beda26ebe15e0c6f2,op_near_zero,273,0,"{""63"": 273}",,,,,,"{""intercept"": null, ""n"": 0, ""r"": null, ""slope"": null}","{""intercept"": null, ""n"": 0, ""r"": null, ""slope"": null}","[-791.0, -369.0, -9.0]","[-791.0, -369.0, -9.0]","[-791.0, -369.0, -9.0]","[2923.8, 3101.0, 5073.0]","[-791.0, -369.0, -9.0]","[0.0, 0.0, 0.0]"
000000d9--a1a459c5b5,False,True,e00d4ede69b7c2119f784e0beda26ebe15e0c6f2,manual_moving,1083,0,"{""63"": 1083}",,,,,,"{""intercept"": null, ""n"": 0, ""r"": null, ""slope"": null}","{""intercept"": null, ""n"": 0, ""r"": null, ""slope"": null}","[-571.9, -103.0, 172.6999999999996]","[-567.9, -94.0, 202.0]","[-567.9, -94.0, 202.0]","[2936.2, 3900.0, 5290.599999999999]","[-567.9, -94.0, 202.0]","[0.0, 0.0, 8184.0]"
00000135--dc6b4d88c4,False,False,717544ba66cede8b1fe78d151076068744409897,driver_brake,2124,2124,"{""11"": 3, ""63"": 2121}","[-0.88285, -0.048, 1.07]","[-0.88285, -0.0475, 1.07]","[-2.61154625415802, -0.702600747346878, 0.017423366568982468]","[-2.665, -0.8935, -0.21115000000000012]","[-2.3007311547279357, -0.856120712518692, 0.057642573788389335]","{""intercept"": -1.1136858024262353, ""n"": 2124, ""r"": 0.7022286948904969, ""slope"": 1.353281735855435}","{""intercept"": -0.10654791102988588, ""n"": 2124, ""r"": 0.8754673055949701, ""slope"": 1.0444408119475892}","[-3395.0, -848.0, 284.0]","[-883.0, -41.5, 1070.0]","[-883.0, -41.5, 1070.0]","[2218.35, 3933.5, 5017.0]","[-883.0, -41.5, 1070.0]","[7932.0, 8103.0, 8171.0]"
00000135--dc6b4d88c4,False,False,717544ba66cede8b1fe78d151076068744409897,driver_gas,3586,3586,"{""11"": 69, ""63"": 3517}","[-0.86675, -0.417, 0.0995]","[-0.8665, -0.417, 0.096]","[-0.25636523216962814, 0.615742951631546, 1.7054588794708252]","[0.048, 0.9424999999999999, 2.3055000000000003]","[-0.02632942678034305, 0.9899082659482956, 2.2579843709468843]","{""intercept"": 0.7444190525490166, ""n"": 3586, ""r"": 0.11473857363209929, ""slope"": 0.23179571549054942}","{""intercept"": 0.04646295407638421, ""n"": 3586, ""r"": 0.8949474022183571, ""slope"": 0.9250077229652047}","[-173.0, 643.0, 1715.0]","[-173.0, 643.0, 1715.0]","[-866.75, -450.0, 83.0]","[2550.25, 3940.5, 5040.0]","[-269.5, 643.0, 1715.0]","[0.0, 0.0, 0.0]"
00000135--dc6b4d88c4,False,False,717544ba66cede8b1fe78d151076068744409897,standstill,16124,15734,"{""63"": 16124}","[-0.435, -0.435, -0.417]","[-0.435, -0.435, -0.417]","[-0.0, 0.0, 0.0]","[0.0, 0.0, 0.0]","[0.417, 0.435, 0.435]","{""intercept"": -0.005172375459021304, ""n"": 15734, ""r"": 0.9992077420034696, ""slope"": 0.9879894076817987}","{""intercept"": null, ""n"": 15734, ""r"": null, ""slope"": null}","[-435.0, -435.0, -417.0]","[-435.0, -435.0, -417.0]","[-435.0, -435.0, -417.0]","[-435.0, -435.0, -417.0]","[-435.0, -435.0, -417.0]","[0.0, 0.0, 0.0]"
00000135--dc6b4d88c4,False,False,717544ba66cede8b1fe78d151076068744409897,native_or_stock_cruise,6560,6560,"{""11"": 6558, ""63"": 2}","[-0.244, -0.015, 0.329]","[-0.244, -0.015, 0.329]","[-0.31071816980838773, 0.004852821584790945, 0.32433930635452246]","[-0.016000000000000014, -0.0010000000000000009, 0.01200000000000001]","[-0.3933920595869422, 0.007548118591308594, 0.3563845259249209]","{""intercept"": -0.001292070240798055, ""n"": 6560, ""r"": 0.9980469198469639, ""slope"": 0.9822585405522332}","{""intercept"": 0.006212472790415865, ""n"": 6560, ""r"": 0.24358718435363386, ""slope"": 0.22214509138668995}","[-241.0, -16.0, 323.0499999999993]","[-241.0, -16.0, 323.0499999999993]","[-1058.05, -469.0, -105.0]","[1756.0, 3030.0, 4024.0499999999993]","[-1058.05, -469.0, -105.0]","[0.0, 0.0, 0.0]"
00000135--dc6b4d88c4,False,False,717544ba66cede8b1fe78d151076068744409897,manual_moving,1636,1636,"{""11"": 10, ""63"": 1626}","[-0.81825, -0.2995, 0.606]","[-0.81825, -0.2995, 0.606]","[-0.863566666841507, -0.3089941442012787, 0.5135361403226852]","[-0.11099999999999999, -0.0020000000000000018, 0.008000000000000002]","[-0.4566153982821852, -0.04136259102821349, 0.43063942044973375]","{""intercept"": -0.023200693904672845, ""n"": 1636, ""r"": 0.988234482117551, ""slope"": 0.9541307540776267}","{""intercept"": -0.04585878278686549, ""n"": 1636, ""r"": 0.8469099595576813, ""slope"": 0.7638642927522135}","[-815.25, -295.0, 528.0]","[-815.25, -292.0, 599.0]","[-817.5, -299.5, 599.0]","[2008.0, 3575.0, 4988.5]","[-817.5, -299.5, 599.0]","[0.0, 0.0, 8188.0]"
00000137--2d16ff3a64,False,False,65dcda237edce28cbdf3344f827525e405f6c258,driver_brake,1355,1078,"{""11"": 4, ""63"": 1351}","[-0.512, -0.095, 0.6759499999999997]","[-0.512, -0.095, 0.6759499999999997]","[-2.4099339723587034, -0.657860666513443, 0.010151982260867918]","[-2.77015, -0.8185000000000001, -0.183]","[-2.0886667428016663, -0.7124087377786636, -0.023953012569993725]","{""intercept"": -1.120154383166332, ""n"": 1078, ""r"": 0.4595615588326185, ""slope"": 1.1947721212186775}","{""intercept"": -0.16338725412145505, ""n"": 1078, ""r"": 0.8632476875176948, ""slope"": 1.1548993744423095}","[-3176.6, -586.0, 441.4999999999998]","[-501.0, -2.0, 856.3999999999996]","[-501.0, -2.0, 856.3999999999996]","[3142.0, 4311.0, 5142.099999999999]","[-501.0, -2.0, 856.3999999999996]","[7923.7, 8133.0, 8174.3]"
00000137--2d16ff3a64,False,False,65dcda237edce28cbdf3344f827525e405f6c258,driver_gas,1556,1556,"{""11"": 23, ""63"": 1533}","[-0.662, -0.4325, 0.337]","[-0.662, -0.4325, 0.337]","[-0.17682968080043793, 0.5727431774139404, 1.5014061331748962]","[0.16999999999999993, 0.9684999999999999, 1.98625]","[0.0028270876556634877, 0.9932131692171097, 1.7284649107456207]","{""intercept"": 0.9433412311551527, ""n"": 1556, ""r"": 0.463169856178701, ""slope"": 0.8166977562294517}","{""intercept"": 0.01626171769205218, ""n"": 1556, ""r"": 0.8740376625927861, ""slope"": 1.0542437512082237}","[-183.75, 574.0, 1866.5]","[-183.75, 574.0, 1866.5]","[-663.0, -549.0, 290.0]","[2779.75, 4107.5, 5281.0]","[-257.25, 574.0, 1866.5]","[0.0, 0.0, 0.0]"
00000137--2d16ff3a64,False,False,65dcda237edce28cbdf3344f827525e405f6c258,standstill,7948,7841,"{""63"": 7948}","[-0.31, -0.31, -0.31]","[-0.31, -0.31, -0.31]","[0.0, 0.0, 0.0]","[0.0, 0.0, 0.0]","[0.31, 0.31, 0.31]","{""intercept"": -0.006979652427647161, ""n"": 7841, ""r"": 0.9954792634092985, ""slope"": 0.977695254181218}","{""intercept"": null, ""n"": 7841, ""r"": null, ""slope"": null}","[-310.0, -310.0, -310.0]","[-310.0, -310.0, -310.0]","[-310.0, -310.0, -310.0]","[-310.0, -310.0, -310.0]","[-310.0, -310.0, -310.0]","[0.0, 0.0, 0.0]"
00000137--2d16ff3a64,False,False,65dcda237edce28cbdf3344f827525e405f6c258,native_or_stock_cruise,1276,1276,"{""11"": 1268, ""63"": 8}","[-0.058, -0.005, 0.082]","[-0.058, -0.005, 0.082]","[-0.10983440093696117, -0.004799407906830311, 0.09796839021146297]","[-0.005999999999999998, -0.0009999999999999974, 0.003999999999999997]","[-0.13063547816872595, 0.0007593370005488402, 0.12259642426669598]","{""intercept"": -0.0016067894998996982, ""n"": 1276, ""r"": 0.9875984593920474, ""slope"": 0.9842604238541933}","{""intercept"": -0.0036670623026052733, ""n"": 1276, ""r"": 0.5922686430263302, ""slope"": 0.7258658442650227}","[-57.0, -6.0, 78.0]","[-57.0, -6.0, 78.25]","[-679.0, -404.0, -181.75]","[2711.0, 3031.0, 3253.0]","[-679.0, -404.0, -181.75]","[0.0, 0.0, 0.0]"
00000137--2d16ff3a64,False,False,65dcda237edce28cbdf3344f827525e405f6c258,manual_moving,773,724,"{""11"": 2, ""63"": 771}","[-0.6157, -0.029, 0.70755]","[-0.6157, -0.029, 0.70755]","[-0.5518421053886413, -0.07300310581922531, 0.4209506034851075]","[-0.149, -0.07149999999999998, 0.009000000000000008]","[-0.6022940822988749, -0.08113877069950104, 0.478002903199196]","{""intercept"": -0.0526545242353115, ""n"": 724, ""r"": 0.9899358698286554, ""slope"": 0.9381653544097346}","{""intercept"": 0.03473826977192695, ""n"": 724, ""r"": 0.6330568862417236, ""slope"": 0.6966455421788167}","[-606.0, -85.0, 723.0]","[-598.2, -18.0, 833.4]","[-606.4, -19.0, 833.4]","[3136.0, 4020.0, 5095.8]","[-598.2, -19.0, 833.4]","[0.0, 8179.0, 8187.0]"
0000013b--39a7512088,False,False,4bbf0e555779e7475782920a338bfa36e3b906bc,driver_brake,2059,2059,"{""11"": 4, ""63"": 2055}","[-0.675, -0.098, 0.527]","[-0.675, -0.098, 0.527]","[-2.119065356254578, -0.6507115364074707, 0.03844424672424777]","[-2.303, -1.051, -0.24090000000000003]","[-1.9182966695785522, -0.5615960187911987, 0.009270865121483745]","{""intercept"": -1.1360356544470012, ""n"": 2059, ""r"": 0.44115600467540145, ""slope"": 0.8166446453704281}","{""intercept"": -0.5593316359036872, ""n"": 2059, ""r"": 0.7884690310260972, ""slope"": 0.7543758402691768}","[-2424.1, -1027.0, 115.0]","[-671.1, -93.0, 527.0]","[-674.0, -95.0, 527.0]","[2576.0, 3885.0, 4917.0]","[-674.0, -95.0, 527.0]","[7967.0, 8090.0, 8168.1]"
0000013b--39a7512088,False,False,4bbf0e555779e7475782920a338bfa36e3b906bc,driver_gas,2906,2906,"{""11"": 19, ""63"": 2887}","[-1.077, -0.5645, 0.0015]","[-1.077, -0.5645, 0.0015]","[-0.39308251440525055, 0.4726588577032089, 1.5819027125835419]","[0.154, 0.9670000000000001, 1.94975]","[0.09801669394969939, 0.9978885173797607, 2.080123791217804]","{""intercept"": 0.9934747668339536, ""n"": 2906, ""r"": 0.4738509345177554, ""slope"": 0.9116228002205701}","{""intercept"": 0.058406476644604424, ""n"": 2906, ""r"": 0.9396477701275473, ""slope"": 0.9583208987114429}","[-376.0, 445.0, 1605.0]","[-376.0, 445.0, 1605.0]","[-1077.75, -576.0, -17.25]","[2468.5, 3943.5, 5337.5]","[-387.25, 445.0, 1605.0]","[0.0, 0.0, 0.0]"
0000013b--39a7512088,False,False,4bbf0e555779e7475782920a338bfa36e3b906bc,standstill,9307,8876,"{""63"": 9307}","[-0.447, -0.31, -0.31]","[-0.447, -0.31, -0.31]","[0.0, 0.0, 0.0]","[0.0, 0.0, 0.0]","[0.31, 0.31, 0.447]","{""intercept"": -0.004398796106440935, ""n"": 8876, ""r"": 0.9979940139792324, ""slope"": 0.9880391473418448}","{""intercept"": null, ""n"": 8876, ""r"": null, ""slope"": null}","[-447.0, -310.0, -310.0]","[-447.0, -310.0, -310.0]","[-447.0, -310.0, -310.0]","[-447.0, -310.0, -310.0]","[-447.0, -310.0, -310.0]","[0.0, 0.0, 0.0]"
0000013b--39a7512088,False,False,4bbf0e555779e7475782920a338bfa36e3b906bc,native_or_stock_cruise,2257,2257,"{""11"": 2241, ""63"": 16}","[-0.21399999999999994, 0.038, 0.8141999999999999]","[-0.21399999999999994, 0.038, 0.8141999999999999]","[-0.23096702098846436, 0.07285846024751663, 0.8251758217811583]","[-0.027000000000000024, 0.0, 0.015999999999999966]","[-0.2825947418212891, 0.02152569490671158, 0.2158602436780928]","{""intercept"": -0.002502144058713987, ""n"": 2257, ""r"": 0.9983072613813645, ""slope"": 1.0010856095868965}","{""intercept"": -0.0023005810219635125, ""n"": 2257, ""r"": 0.907298573667488, ""slope"": 0.9634001837637741}","[-219.0, 37.0, 812.1999999999998]","[-219.0, 37.0, 812.1999999999998]","[-645.0, -493.0, -256.8000000000002]","[2606.6, 4384.0, 4652.599999999999]","[-645.0, -493.0, -256.8000000000002]","[0.0, 0.0, 0.0]"
0000013b--39a7512088,False,False,4bbf0e555779e7475782920a338bfa36e3b906bc,manual_moving,1435,1435,"{""11"": 5, ""63"": 1430}","[-0.749, -0.23500000000000001, 0.467]","[-0.749, -0.23500000000000001, 0.467]","[-0.6493905425071717, -0.20676618814468384, 0.3226015210151672]","[-0.1393, -0.0020000000000000018, 0.006000000000000005]","[-0.46152429258823396, 0.03831161844730377, 0.3500998676776883]","{""intercept"": -0.03184178548603056, ""n"": 1435, ""r"": 0.987760661376052, ""slope"": 0.9510550391932874}","{""intercept"": -0.06406438244492806, ""n"": 1435, ""r"": 0.7500206432286348, ""slope"": 0.7462614358162853}","[-749.0, -232.0, 400.89999999999986]","[-748.3, -232.0, 460.1999999999998]","[-748.3, -235.0, 460.1999999999998]","[2403.7, 3471.0, 4884.0]","[-748.3, -235.0, 460.1999999999998]","[0.0, 0.0, 8188.0]"
0000013c--4f85421eeb,False,False,84b2547020b7d64cf61b477390d956ca8ea07f0c,driver_brake,1201,1201,"{""11"": 10, ""63"": 1191}","[-0.526, 0.07100000000000001, 0.614]","[-0.526, 0.07100000000000001, 0.614]","[-1.616897463798523, -0.31469064950942993, 0.04956430941820145]","[-2.5300000000000002, -0.6680000000000001, -0.191]","[-1.3781545944213867, -0.523641354560852, 0.1414664074778557]","{""intercept"": -0.8909209060775578, ""n"": 1201, ""r"": 0.5360617136494542, ""slope"": 1.1150556953665551}","{""intercept"": -0.28322692589349263, ""n"": 1201, ""r"": 0.6572955397733488, ""slope"": 1.062633868578899}","[-2430.0, -638.0, 262.0]","[-517.0, 76.0, 669.0]","[-526.0, 72.0, 669.0]","[2738.0, 3987.0, 5038.0]","[-526.0, 72.0, 669.0]","[7945.0, 8126.0, 8173.0]"
0000013c--4f85421eeb,False,False,84b2547020b7d64cf61b477390d956ca8ea07f0c,driver_gas,855,855,"{""11"": 28, ""63"": 827}","[-0.3606, -0.106, 0.504]","[-0.3606, -0.106, 0.504]","[-0.07085863351821899, 0.5985445976257324, 1.4758041143417358]","[0.02020000000000001, 0.631, 1.6188999999999998]","[-0.13912264721393583, 0.6198739190101623, 1.6304221237182615]","{""intercept"": 0.734070757510926, ""n"": 855, ""r"": 0.23247438241068427, ""slope"": 0.4233077769165591}","{""intercept"": 0.19325661591954338, ""n"": 855, ""r"": 0.7962489588461669, ""slope"": 0.81431477583656}","[64.7, 690.0, 1568.3999999999996]","[64.7, 690.0, 1568.3999999999996]","[-362.6, -148.0, 479.29999999999995]","[3198.7, 4407.0, 5463.499999999999]","[53.400000000000006, 690.0, 1568.3999999999996]","[0.0, 0.0, 0.0]"
0000013c--4f85421eeb,False,False,84b2547020b7d64cf61b477390d956ca8ea07f0c,standstill,5064,4633,"{""63"": 5064}","[-0.447, -0.304, -0.304]","[-0.447, -0.304, -0.304]","[0.0, 0.0, 0.0]","[0.0, 0.0, 0.0]","[0.304, 0.304, 0.447]","{""intercept"": -0.00677692600259432, ""n"": 4633, ""r"": 0.9978586016631493, ""slope"": 0.9819797801458029}","{""intercept"": null, ""n"": 4633, ""r"": null, ""slope"": null}","[-447.0, -304.0, -304.0]","[-447.0, -304.0, -304.0]","[-447.0, -304.0, -304.0]","[-447.0, -304.0, -304.0]","[-447.0, -304.0, -304.0]","[0.0, 0.0, 0.0]"
0000013c--4f85421eeb,False,False,84b2547020b7d64cf61b477390d956ca8ea07f0c,native_or_stock_cruise,899,899,"{""11"": 898, ""63"": 1}","[0.0, 0.023, 0.312]","[0.0, 0.025, 0.312]","[-0.10361127257347107, 0.001034892862662673, 0.3557808011770248]","[-0.021000000000000005, -0.001, 0.01]","[-0.1445379419565201, -0.024474889039993286, 0.10137259800434108]","{""intercept"": -0.0022809972559922924, ""n"": 899, ""r"": 0.9873346349637768, ""slope"": 1.0014871333757536}","{""intercept"": 0.03716648781688952, ""n"": 899, ""r"": 0.8416867123682724, ""slope"": 0.6849316492292563}","[-7.0, 21.0, 305.0]","[-6.099999999999994, 21.0, 305.0]","[-614.1, -465.0, -105.0]","[2754.9, 2892.0, 3284.0]","[-614.1, -465.0, -105.0]","[0.0, 0.0, 0.0]"
0000013c--4f85421eeb,False,False,84b2547020b7d64cf61b477390d956ca8ea07f0c,manual_moving,717,717,"{""63"": 717}","[-0.369, 0.066, 0.8027999999999994]","[-0.369, 0.066, 0.8027999999999994]","[-0.4333511531352997, -0.032250162214040756, 0.6525552034378046]","[-0.16699999999999998, -0.008, 0.007999999999999957]","[-0.5480666764676572, -0.14282630228996274, 0.4347535083889952]","{""intercept"": -0.027888009604039563, ""n"": 717, ""r"": 0.9869909562011976, ""slope"": 0.9323729824814386}","{""intercept"": 0.09698580708966943, ""n"": 717, ""r"": 0.7339527018147168, ""slope"": 0.635629629653208}","[-363.2, 38.0, 783.9999999999997]","[-363.2, 69.0, 783.9999999999997]","[-367.2, 69.0, 783.9999999999997]","[3604.8, 4168.0, 4996.0]","[-363.2, 69.0, 783.9999999999997]","[0.0, 0.0, 8189.0]"
00000140--7bec8dde3f,False,False,71703da352c42aebbb72510a0583a7db2a8d4105,driver_brake,1739,1691,"{""63"": 1739}","[-0.47200000000000003, -0.029, 0.5710000000000001]","[-0.47200000000000003, -0.029, 0.5710000000000001]","[-2.0507014989852905, -0.45375844836235046, 0.0004827386874239892]","[-2.3605, -0.636, -0.198]","[-1.6727351140975952, -0.49972084063291555, 0.005245080053806306]","{""intercept"": -0.874664760311186, ""n"": 1691, ""r"": 0.31930860178685483, ""slope"": 0.7473812220099225}","{""intercept"": -0.3442117357403276, ""n"": 1691, ""r"": 0.7049276535161888, ""slope"": 0.8881604239558473}","[-2594.8, -685.0, 10.299999999999727]","[-459.4, -41.0, 571.0]","[-459.4, -41.0, 571.0]","[-82.0, 4338.0, 4954.299999999999]","[-459.4, -41.0, 571.0]","[7962.0, 8129.0, 8173.0]"
00000140--7bec8dde3f,False,False,71703da352c42aebbb72510a0583a7db2a8d4105,driver_gas,890,890,"{""11"": 5, ""63"": 885}","[-0.663, -0.28300000000000003, 0.7106499999999998]","[-0.663, -0.28300000000000003, 0.7106499999999998]","[4.289293940473737e-07, 0.7570377886295319, 1.4536238908767698]","[0.20600000000000002, 0.9670000000000001, 1.74565]","[-0.1979292822062969, 0.8665158567428589, 1.7243631646633146]","{""intercept"": 0.8838158169533761, ""n"": 890, ""r"": 0.3163005549232158, ""slope"": 0.34687371354443375}","{""intercept"": 0.2592162158941652, ""n"": 890, ""r"": 0.7169809214305043, ""slope"": 0.7993738415421683}","[173.45, 805.5, 1796.1499999999994]","[173.45, 805.5, 1796.1499999999994]","[-663.0, -305.0, 682.4999999999995]","[3793.8, 4619.0, 5693.049999999997]","[173.45, 805.5, 1796.1499999999994]","[0.0, 0.0, 0.0]"
00000140--7bec8dde3f,False,False,71703da352c42aebbb72510a0583a7db2a8d4105,standstill,14969,14699,"{""63"": 14969}","[-0.337, -0.082, -0.082]","[-0.337, -0.082, -0.082]","[0.0, 0.0, 0.0]","[0.0, 0.0, 0.0]","[0.082, 0.082, 0.337]","{""intercept"": -0.0009006845933582683, ""n"": 14699, ""r"": 0.9990935523182635, ""slope"": 0.9929361221838036}","{""intercept"": null, ""n"": 14699, ""r"": null, ""slope"": null}","[-337.0, -82.0, -82.0]","[-337.0, -82.0, -82.0]","[-337.0, -82.0, -82.0]","[-337.0, -82.0, -82.0]","[-337.0, -82.0, -82.0]","[0.0, 0.0, 0.0]"
00000140--7bec8dde3f,False,False,71703da352c42aebbb72510a0583a7db2a8d4105,native_or_stock_cruise,1587,1586,"{""11"": 1587}","[-0.024, 0.07100000000000001, 0.8127500000000001]","[-0.024, 0.07100000000000001, 0.8127500000000001]","[-0.044212909415364265, 0.1074017733335495, 0.9109537303447723]","[-0.027000000000000024, 0.0009999999999999992, 0.017000000000000015]","[-0.12574786499142643, 0.021275832216779235, 0.1528312603831291]","{""intercept"": -0.0003637270439519987, ""n"": 1586, ""r"": 0.9979360318588867, ""slope"": 0.997944989685577}","{""intercept"": -0.0018011583276514908, ""n"": 1586, ""r"": 0.9584248078392505, ""slope"": 0.9075066769738656}","[-24.0, 70.0, 809.6999999999998]","[-24.0, 70.0, 809.6999999999998]","[-742.7, -558.0, -290.0]","[3823.3, 4461.0, 4767.7]","[-742.7, -558.0, -290.0]","[0.0, 0.0, 0.0]"
00000140--7bec8dde3f,False,False,71703da352c42aebbb72510a0583a7db2a8d4105,manual_moving,1138,1138,"{""11"": 4, ""63"": 1134}","[-0.302, -0.0575, 0.387]","[-0.302, -0.0575, 0.387]","[-0.4204628676176071, -0.08133493736386299, 0.39978636503219595]","[-0.12415000000000002, -0.006000000000000005, 0.006000000000000005]","[-0.4126792597457767, -0.038513445615768443, 0.394302061820029]","{""intercept"": -0.027595285041912648, ""n"": 1138, ""r"": 0.9723990039992698, ""slope"": 0.9407214556289633}","{""intercept"": -0.01804341442994087, ""n"": 1138, ""r"": 0.578036156367374, ""slope"": 0.4927638233815307}","[-327.3, -64.5, 335.14999999999986]","[-298.0, -53.0, 383.59999999999945]","[-300.15, -59.0, 383.59999999999945]","[3774.0, 4644.5, 4913.3499999999985]","[-299.0, -59.0, 383.59999999999945]","[0.0, 0.0, 8190.0]"
00000142--2e058e3fef,False,False,7654d1cc0ad6b89a446f9b565aee7fb8009f8f43,driver_brake,1492,1492,"{""63"": 1492}","[-0.337, 0.033, 0.839]","[-0.337, 0.033, 0.839]","[-1.5578578472137452, -0.39448316395282745, 0.051695304550230546]","[-1.79945, -0.5130000000000001, -0.184]","[-1.5911957437038422, -0.6220140622854232, 0.0563412857718766]","{""intercept"": -0.6944287756429182, ""n"": 1492, ""r"": 0.4583761086155933, ""slope"": 0.7056408782875365}","{""intercept"": -0.24296448304195595, ""n"": 1492, ""r"": 0.6098718157300357, ""slope"": 0.6981589118163187}","[-1708.45, -509.0, 295.45000000000005]","[-337.0, 38.0, 843.0]","[-337.0, 38.0, 843.0]","[3188.0, 4128.0, 4997.0]","[-337.0, 38.0, 843.0]","[8016.0, 8142.0, 8174.0]"
00000142--2e058e3fef,False,False,7654d1cc0ad6b89a446f9b565aee7fb8009f8f43,driver_gas,822,822,"{""11"": 4, ""63"": 818}","[-0.5710000000000001, -0.1965, 0.8393999999999991]","[-0.5710000000000001, -0.1965, 0.8280000000000001]","[-0.007112414319999495, 0.5247696936130524, 1.12530870437622]","[0.11075000000000008, 0.7225, 1.5089499999999998]","[-0.12734674378633495, 0.705834536910057, 1.5363780792713166]","{""intercept"": 0.7079063428709109, ""n"": 822, ""r"": 0.3435764757061062, ""slope"": 0.4158916531696988}","{""intercept"": 0.22074536482704177, ""n"": 822, ""r"": 0.6667039364270677, ""slope"": 0.768516759215717}","[140.05, 655.0, 1428.7999999999984]","[140.05, 655.0, 1428.7999999999984]","[-571.0, -215.0, 536.5999999999995]","[3556.05, 4749.0, 6039.849999999999]","[135.05, 652.0, 1428.7999999999984]","[0.0, 0.0, 0.0]"
00000142--2e058e3fef,False,False,7654d1cc0ad6b89a446f9b565aee7fb8009f8f43,standstill,15153,14829,"{""63"": 15153}","[-0.391, -0.337, -0.337]","[-0.391, -0.337, -0.337]","[0.0, 0.0, 0.0]","[0.0, 0.0, 0.0]","[0.337, 0.337, 0.391]","{""intercept"": -0.012060943358277794, ""n"": 14829, ""r"": 0.9907053615669905, ""slope"": 0.9656555978526947}","{""intercept"": null, ""n"": 14829, ""r"": null, ""slope"": null}","[-391.0, -337.0, -337.0]","[-391.0, -337.0, -337.0]","[-391.0, -337.0, -337.0]","[-391.0, -337.0, -337.0]","[-391.0, -337.0, -337.0]","[0.0, 0.0, 0.0]"
00000142--2e058e3fef,False,False,7654d1cc0ad6b89a446f9b565aee7fb8009f8f43,native_or_stock_cruise,2160,2153,"{""11"": 2157, ""63"": 3}","[-0.084, 0.025, 0.909]","[-0.085, 0.026000000000000002, 0.909]","[-0.08042396008968353, 0.03495021536946297, 0.8986979007720947]","[-0.020000000000000018, 0.0, 0.018000000000000016]","[-0.13311401873826983, 0.00911911853775382, 0.15030654296874987]","{""intercept"": -0.0008415148092037188, ""n"": 2153, ""r"": 0.9985485903966262, ""slope"": 1.002938927802421}","{""intercept"": -0.00539606320288587, ""n"": 2153, ""r"": 0.9726316857718867, ""slope"": 0.9802888879278464}","[-83.0, 25.0, 908.0]","[-83.0, 25.0, 908.0]","[-676.05, -429.5, -180.0]","[3210.0, 4488.0, 4834.0]","[-676.05, -429.5, -180.0]","[0.0, 0.0, 0.0]"
00000142--2e058e3fef,False,False,7654d1cc0ad6b89a446f9b565aee7fb8009f8f43,manual_moving,1132,1132,"{""11"": 4, ""63"": 1128}","[-0.661, -0.064, 0.602]","[-0.661, -0.064, 0.602]","[-0.6420604169368744, -0.09347717463970184, 0.39153293967247016]","[-0.13045, -0.0020000000000000018, 0.007000000000000003]","[-0.5168269598782063, 0.024795771896839153, 0.3901434781551361]","{""intercept"": -0.03466245088936724, ""n"": 1132, ""r"": 0.9839478381708967, ""slope"": 0.9304496061589043}","{""intercept"": -0.03552502152074269, ""n"": 1132, ""r"": 0.7174982544828151, ""slope"": 0.7440314914131583}","[-662.0, -103.5, 506.9000000000001]","[-660.45, -63.0, 600.0]","[-661.0, -64.0, 600.0]","[3469.1, 4409.0, 4975.45]","[-661.0, -63.5, 600.0]","[0.0, 0.0, 8189.0]"
00000144--ec7cf2b209,False,False,dfc2c66627d4b0d2313479e92d5c0ae2ef4e84d4,driver_brake,1625,1625,"{""11"": 4, ""63"": 1621}","[-0.54, -0.222, 0.62]","[-0.54, -0.222, 0.62]","[-1.9473983526229859, -0.9221148490905762, 0.0]","[-2.0566, -0.8799999999999999, -0.2322]","[-1.778088610267639, -0.7186598138809204, -0.014952530992031114]","{""intercept"": -0.9492777377821207, ""n"": 1625, ""r"": 0.6426139516774745, ""slope"": 1.352079540889244}","{""intercept"": -0.20268856087920908, ""n"": 1625, ""r"": 0.8733568857527556, ""slope"": 0.981898101983759}","[-2271.0, -1110.0, 215.5999999999999]","[-537.8, -214.0, 620.0]","[-538.0, -219.0, 620.0]","[2818.2, 3974.0, 5133.0]","[-538.0, -219.0, 620.0]","[7991.0, 8106.0, 8170.0]"
00000144--ec7cf2b209,False,False,dfc2c66627d4b0d2313479e92d5c0ae2ef4e84d4,driver_gas,1826,1826,"{""11"": 8, ""63"": 1818}","[-0.613, -0.3875, 0.07275]","[-0.613, -0.3875, 0.076]","[0.034777686931192875, 0.6675712466239929, 1.7849713563919067]","[0.18575000000000003, 1.1110000000000002, 2.1965000000000003]","[0.13326815202832223, 1.0511723616123199, 2.1215598180294037]","{""intercept"": 0.827188228595528, ""n"": 1826, ""r"": 0.0243054508080095, ""slope"": 0.05939023358834971}","{""intercept"": 0.08466273965125033, ""n"": 1826, ""r"": 0.9099397326575006, ""slope"": 0.957055009833176}","[103.5, 708.5, 1953.0]","[103.5, 708.5, 1953.0]","[-614.0, -397.5, 58.0]","[2490.0, 3931.5, 5026.0]","[102.25, 708.5, 1953.0]","[0.0, 0.0, 0.0]"
00000144--ec7cf2b209,False,False,dfc2c66627d4b0d2313479e92d5c0ae2ef4e84d4,standstill,9868,9547,"{""63"": 9868}","[-0.47300000000000003, -0.47300000000000003, -0.391]","[-0.47300000000000003, -0.47300000000000003, -0.391]","[0.0, 0.0, 0.0]","[0.0, 0.0, 0.0]","[0.391, 0.47300000000000003, 0.47300000000000003]","{""intercept"": -0.0039811652074910895, ""n"": 9547, ""r"": 0.9992809984809846, ""slope"": 0.991000370562414}","{""intercept"": null, ""n"": 9547, ""r"": null, ""slope"": null}","[-473.0, -473.0, -391.0]","[-473.0, -473.0, -391.0]","[-473.0, -473.0, -391.0]","[-473.0, -473.0, -391.0]","[-473.0, -473.0, -391.0]","[0.0, 0.0, 0.0]"
00000144--ec7cf2b209,False,False,dfc2c66627d4b0d2313479e92d5c0ae2ef4e84d4,native_or_stock_cruise,3555,3531,"{""11"": 3550, ""63"": 5}","[-0.1875, 0.0, 0.498]","[-0.1875, 0.0, 0.498]","[-0.16157663613557816, 0.023500194773077965, 0.4997507631778717]","[-0.013000000000000012, 0.0, 0.014999999999999986]","[-0.2387856277525425, 0.027190421730279926, 0.23077774599194528]","{""intercept"": -0.0014219835182737776, ""n"": 3531, ""r"": 0.9907117341505084, ""slope"": 0.9892706252609992}","{""intercept"": -0.008665330910033244, ""n"": 3531, ""r"": 0.8005981363943775, ""slope"": 0.8476307962965666}","[-184.0, -1.0, 464.0999999999981]","[-184.0, -1.0, 464.0999999999981]","[-1160.3, -593.0, -150.0]","[2744.0, 3185.0, 4418.299999999999]","[-1160.3, -593.0, -150.0]","[0.0, 0.0, 0.0]"
00000144--ec7cf2b209,False,False,dfc2c66627d4b0d2313479e92d5c0ae2ef4e84d4,manual_moving,1157,1157,"{""11"": 8, ""63"": 1149}","[-0.543, -0.066, 0.519]","[-0.543, -0.066, 0.519]","[-0.5203012824058533, -0.14144110679626465, 0.403540474176407]","[-0.16620000000000001, -0.0030000000000000027, 0.010000000000000009]","[-0.580450133562088, -0.0052853407561779045, 0.4286690473079687]","{""intercept"": -0.03103248963901639, ""n"": 1157, ""r"": 0.982451044083729, ""slope"": 0.9413025122930304}","{""intercept"": -0.0123812725637574, ""n"": 1157, ""r"": 0.6087745762059834, ""slope"": 0.6159293677748111}","[-537.2, -118.0, 469.0]","[-532.2, -66.0, 515.0]","[-540.4, -66.0, 515.0]","[2848.8, 3985.0, 5119.0]","[-540.4, -66.0, 515.0]","[0.0, 0.0, 8188.0]"
00000146--e87b3278be,False,False,4fb0dfd4dbe92c7cd17fb523662256f06fca6d50,driver_brake,1209,1209,"{""63"": 1209}","[-0.379, 0.069, 0.967]","[-0.379, 0.069, 0.967]","[-1.3918296575546265, -0.29894596338272095, 0.062160313129424494]","[-1.8834, -0.614, -0.2134000000000001]","[-1.4703347803115845, -0.6595227962732315, 0.010599380850790985]","{""intercept"": -0.8084196884232535, ""n"": 1209, ""r"": 0.5367274488941817, ""slope"": 0.832849732819474}","{""intercept"": -0.31810005026413013, ""n"": 1209, ""r"": 0.5466815588386011, ""slope"": 0.7535208445993331}","[-1790.8, -610.0, 434.19999999999936]","[-377.2, 69.0, 967.0]","[-377.2, 69.0, 967.0]","[3133.0, 4036.0, 5113.199999999999]","[-377.2, 69.0, 967.0]","[8009.4, 8132.0, 8172.0]"
00000146--e87b3278be,False,False,4fb0dfd4dbe92c7cd17fb523662256f06fca6d50,driver_gas,967,967,"{""11"": 4, ""63"": 963}","[-0.392, -0.162, 0.8058999999999996]","[-0.392, -0.162, 0.8058999999999996]","[-0.009171404037624589, 0.740470826625824, 1.5383428573608393]","[0.08290000000000002, 0.8460000000000001, 1.6323999999999999]","[-0.0017717572331428409, 0.844481381893158, 1.646045689678192]","{""intercept"": 0.8484113072653107, ""n"": 967, ""r"": 0.38247742095128895, ""slope"": 0.6121068583906168}","{""intercept"": 0.2090322548244097, ""n"": 967, ""r"": 0.769958668666038, ""slope"": 0.8161102720957089}","[103.0, 724.0, 1735.499999999999]","[103.0, 724.0, 1735.499999999999]","[-393.7, -169.0, 772.5999999999988]","[3167.6, 4851.0, 6304.799999999999]","[97.30000000000001, 724.0, 1735.499999999999]","[0.0, 0.0, 0.0]"
00000146--e87b3278be,False,False,4fb0dfd4dbe92c7cd17fb523662256f06fca6d50,standstill,7637,7325,"{""63"": 7637}","[-0.47300000000000003, -0.47300000000000003, -0.41500000000000004]","[-0.47300000000000003, -0.47300000000000003, -0.41500000000000004]","[0.0, 0.0, 0.0]","[0.0, 0.0, 0.0]","[0.41500000000000004, 0.47300000000000003, 0.47300000000000003]","{""intercept"": -0.01002686916236513, ""n"": 7325, ""r"": 0.996646379959457, ""slope"": 0.9779091970375146}","{""intercept"": null, ""n"": 7325, ""r"": null, ""slope"": null}","[-473.0, -473.0, -415.0]","[-473.0, -473.0, -415.0]","[-473.0, -473.0, -415.0]","[-473.0, -473.0, -415.0]","[-473.0, -473.0, -415.0]","[0.0, 0.0, 0.0]"
00000146--e87b3278be,False,False,4fb0dfd4dbe92c7cd17fb523662256f06fca6d50,native_or_stock_cruise,323,319,"{""11"": 323}","[0.017, 0.043000000000000003, 0.2778999999999997]","[0.017, 0.043000000000000003, 0.2688999999999997]","[-0.0440226387232542, 0.03807899355888367, 0.3060474634170531]","[-0.004, -0.000999999999999987, 0.015000000000000013]","[-0.09700359094440937, -0.016095098486170172, 0.0647669049561023]","{""intercept"": -0.0012129499373414931, ""n"": 319, ""r"": 0.9954577414750638, ""slope"": 1.037337117853398}","{""intercept"": 0.03774344416356732, ""n"": 319, ""r"": 0.9039640082620347, ""slope"": 0.7496202880162325}","[15.0, 42.0, 284.1999999999998]","[15.0, 42.0, 284.1999999999998]","[-507.0, -485.0, -415.0]","[2879.0, 2900.0, 4598.0]","[-507.0, -485.0, -415.0]","[0.0, 0.0, 0.0]"
00000146--e87b3278be,False,False,4fb0dfd4dbe92c7cd17fb523662256f06fca6d50,manual_moving,1113,1113,"{""11"": 7, ""63"": 1106}","[-0.47340000000000004, -0.252, 0.712]","[-0.47340000000000004, -0.252, 0.712]","[-0.5617254853248597, -0.28746795654296875, 0.33488161563873164]","[-0.15840000000000004, 0.0, 0.00799999999999998]","[-0.6330974866986275, -0.04499146914482116, 0.3909886548519135]","{""intercept"": -0.03225151775768057, ""n"": 1113, ""r"": 0.9867689138990707, ""slope"": 0.9086066715646595}","{""intercept"": 0.01055810256720347, ""n"": 1113, ""r"": 0.7202078647814683, ""slope"": 0.8067829972805753}","[-477.0, -251.0, 584.1999999999996]","[-472.0, -249.0, 709.0]","[-473.0, -251.0, 709.0]","[2856.6, 3497.0, 5089.0]","[-473.0, -251.0, 709.0]","[0.0, 0.0, 8188.0]"
00000148--f8f011b74d,False,False,0ec4e2b3d155dc6b60130a462c797c29bea680cb,driver_brake,1507,1507,"{""11"": 3, ""63"": 1504}","[-0.41500000000000004, -0.193, 0.562]","[-0.41500000000000004, -0.193, 0.562]","[-2.0694262742996217, -0.8228602409362793, 0.002566602150909616]","[-2.193, -0.9430000000000001, -0.177]","[-1.8840877796173097, -0.6785718064308166, 0.01648484098911303]","{""intercept"": -0.9842591444085486, ""n"": 1507, ""r"": 0.5043081623344821, ""slope"": 1.189014895611309}","{""intercept"": -0.21432479330054752, ""n"": 1507, ""r"": 0.8750770729269837, ""slope"": 0.9390395379295428}","[-2434.3, -1076.0, 193.80000000000018]","[-415.0, -183.0, 562.0]","[-415.0, -186.0, 562.0]","[2228.2, 3706.0, 5186.0]","[-415.0, -186.0, 562.0]","[7978.0, 8100.0, 8175.0]"
00000148--f8f011b74d,False,False,0ec4e2b3d155dc6b60130a462c797c29bea680cb,driver_gas,3305,3305,"{""11"": 23, ""63"": 3282}","[-0.8298000000000001, -0.484, 0.02579999999999973]","[-0.8298000000000001, -0.484, 0.02579999999999973]","[-0.19060901403427125, 0.43000268936157227, 1.5098356485366817]","[0.183, 0.877, 1.9097999999999997]","[0.12702263946533204, 0.8629436690807343, 1.7861441440582273]","{""intercept"": 0.8994728532827319, ""n"": 3305, ""r"": 0.4413245505166936, ""slope"": 0.9154735993429642}","{""intercept"": 0.012846965167967985, ""n"": 3305, ""r"": 0.9309758191337448, ""slope"": 1.0049634228030977}","[-260.0, 400.0, 1584.5999999999995]","[-260.0, 400.0, 1584.5999999999995]","[-1103.8, -518.0, -5.0]","[2488.2, 3895.0, 5017.599999999999]","[-261.0, 400.0, 1584.5999999999995]","[0.0, 0.0, 0.0]"
00000148--f8f011b74d,False,False,0ec4e2b3d155dc6b60130a462c797c29bea680cb,standstill,4012,3692,"{""63"": 4012}","[-0.422, -0.422, -0.41500000000000004]","[-0.422, -0.422, -0.41500000000000004]","[-1.7768464527638674e-43, 0.0, 6.509031366786711e-44]","[0.0, 0.0, 0.0]","[0.41500000000000004, 0.422, 0.422]","{""intercept"": -0.009668357181211886, ""n"": 3692, ""r"": 0.9970872161886893, ""slope"": 0.9771625957941636}","{""intercept"": null, ""n"": 3692, ""r"": null, ""slope"": null}","[-422.0, -422.0, -415.0]","[-422.0, -422.0, -415.0]","[-422.0, -422.0, -415.0]","[-422.0, -422.0, -415.0]","[-422.0, -422.0, -415.0]","[0.0, 0.0, 0.0]"
00000148--f8f011b74d,False,False,0ec4e2b3d155dc6b60130a462c797c29bea680cb,native_or_stock_cruise,2597,2597,"{""11"": 2580, ""63"": 17}","[-0.338, -0.013000000000000001, 0.399]","[-0.338, -0.013000000000000001, 0.399]","[-0.45195749998092644, 0.016708310693502426, 0.4144121885299682]","[-0.022000000000000006, -0.0009999999999999454, 0.009999999999999981]","[-0.21889863262176512, 0.025653950512409214, 0.19055663069486617]","{""intercept"": -0.0019617176032069006, ""n"": 2597, ""r"": 0.994195926513236, ""slope"": 1.0070166013963815}","{""intercept"": -0.014474959710389913, ""n"": 2597, ""r"": 0.84552658608981, ""slope"": 0.8170035358333915}","[-340.2, -16.0, 401.1999999999998]","[-340.0, -16.0, 401.1999999999998]","[-678.0, -499.0, -151.0]","[2718.0, 2909.0, 4817.2]","[-678.0, -499.0, -151.0]","[0.0, 0.0, 0.0]"
00000148--f8f011b74d,False,False,0ec4e2b3d155dc6b60130a462c797c29bea680cb,manual_moving,1453,1453,"{""11"": 10, ""63"": 1443}","[-0.604, -0.294, 0.5507999999999997]","[-0.604, -0.294, 0.5507999999999997]","[-0.5425766348838806, -0.26860159635543823, 0.3153631627559654]","[-0.1344, 0.0, 0.007000000000000001]","[-0.48464473528861995, 0.03587477779388426, 0.31512476312816123]","{""intercept"": -0.032640330620803834, ""n"": 1453, ""r"": 0.9861129034767278, ""slope"": 0.9376406432046943}","{""intercept"": -0.027821572164019263, ""n"": 1453, ""r"": 0.7442501260116496, ""slope"": 0.8137516295781235}","[-596.0, -297.0, 463.0]","[-594.8, -289.0, 547.5999999999995]","[-601.4, -293.0, 547.5999999999995]","[2752.2, 3982.0, 5062.0]","[-598.4, -298.0, 547.5999999999995]","[0.0, 0.0, 8188.0]"
00000149--82d77c5bdd,False,False,468458ce1ad5da7e60db54cb1ad3060ad7d221b7,driver_brake,2933,2933,"{""11"": 4, ""63"": 2929}","[-0.637, -0.108, 0.9400000000000001]","[-0.637, -0.108, 0.9400000000000001]","[-2.5451691150665283, -0.7545189261436462, 0.0038011879660189425]","[-2.4314, -1.151, -0.2205999999999999]","[-2.1704632164001465, -0.7824634728431702, 0.07698755130767854]","{""intercept"": -1.1471276017836591, ""n"": 2933, ""r"": 0.5873279739685866, ""slope"": 1.0969963934603786}","{""intercept"": -0.47984029109479176, ""n"": 2933, ""r"": 0.7960938508861519, ""slope"": 0.7825395710969723}","[-2879.8, -1186.0, -47.19999999999982]","[-637.0, -99.0, 940.0]","[-637.0, -103.0, 940.0]","[2671.0, 3977.0, 4935.0]","[-637.0, -103.0, 940.0]","[7955.6, 8079.0, 8170.0]"
00000149--82d77c5bdd,False,False,468458ce1ad5da7e60db54cb1ad3060ad7d221b7,driver_gas,6901,6887,"{""11"": 15, ""63"": 6886}","[-1.0217, -0.442, 0.11569999999999982]","[-1.0217, -0.442, 0.11569999999999982]","[-0.28337511122226716, 0.29269441962242126, 1.549138247966766]","[0.22430000000000005, 0.779, 2.064899999999999]","[0.16486380731388925, 0.7805974255800248, 2.206268457603455]","{""intercept"": 0.7917068635378117, ""n"": 6887, ""r"": 0.3937581193692973, ""slope"": 0.7038260842429492}","{""intercept"": 0.06184875035234384, ""n"": 6887, ""r"": 0.9006627430117433, ""slope"": 0.9118565059139763}","[-223.0, 302.0, 1605.0]","[-223.0, 302.0, 1605.0]","[-1021.0, -444.0, 94.0]","[2099.0, 2926.0, 5057.0]","[-223.0, 301.0, 1605.0]","[0.0, 0.0, 0.0]"
00000149--82d77c5bdd,False,False,468458ce1ad5da7e60db54cb1ad3060ad7d221b7,standstill,8869,8381,"{""63"": 8869}","[-0.422, -0.422, -0.356]","[-0.422, -0.422, -0.356]","[0.0, 0.0, 0.0]","[0.0, 0.0, 0.0]","[0.356, 0.422, 0.422]","{""intercept"": -0.01344122415786483, ""n"": 8381, ""r"": 0.9963299608566271, ""slope"": 0.966380132052586}","{""intercept"": null, ""n"": 8381, ""r"": null, ""slope"": null}","[-422.0, -422.0, -356.0]","[-422.0, -422.0, -356.0]","[-422.0, -422.0, -356.0]","[-422.0, -422.0, -356.0]","[-422.0, -422.0, -356.0]","[0.0, 0.0, 0.0]"
00000149--82d77c5bdd,False,False,468458ce1ad5da7e60db54cb1ad3060ad7d221b7,native_or_stock_cruise,5809,5693,"{""11"": 5808, ""63"": 1}","[-0.21779999999999997, 0.018000000000000002, 0.362]","[-0.21979999999999997, 0.018000000000000002, 0.362]","[-0.24839158058166502, 0.018363334238529205, 0.43960176110267557]","[-0.015000000000000013, -0.0010000000000000009, 0.014000000000000012]","[-0.34981644763946534, 0.00408933100104332, 0.3450274071693418]","{""intercept"": -9.663146868341654e-05, ""n"": 5693, ""r"": 0.9983240576550935, ""slope"": 0.9904414621506789}","{""intercept"": 0.023150584458274944, ""n"": 5693, ""r"": 0.547086125365724, ""slope"": 0.5130153857035092}","[-220.0, 17.0, 355.0]","[-220.0, 17.0, 355.0]","[-986.0, -521.0, -178.40000000000055]","[1863.0, 2750.0, 3921.7999999999984]","[-986.0, -521.0, -178.40000000000055]","[0.0, 0.0, 0.0]"
00000149--82d77c5bdd,False,False,468458ce1ad5da7e60db54cb1ad3060ad7d221b7,manual_moving,3250,3250,"{""11"": 5, ""63"": 3245}","[-0.80555, -0.264, 0.38809999999999945]","[-0.80555, -0.264, 0.38809999999999945]","[-0.826416265964508, -0.23711897432804108, 0.32177514284849074]","[-0.08264999999999992, 0.0, 0.009000000000000005]","[-0.39400551539063455, 0.01900210565328596, 0.5211272864699362]","{""intercept"": -0.019102231809698358, ""n"": 3250, ""r"": 0.9921008253135949, ""slope"": 0.9557640796517936}","{""intercept"": -0.129933505062921, ""n"": 3250, ""r"": 0.6914275851788547, ""slope"": 0.6129078565778717}","[-794.0, -264.0, 266.09999999999945]","[-794.0, -262.5, 388.09999999999945]","[-799.55, -263.5, 388.09999999999945]","[1934.45, 3205.5, 4865.199999999999]","[-795.65, -263.5, 388.09999999999945]","[0.0, 0.0, 8184.0]"
00000165--97064ab212,False,False,e7dff9eb8f976850b033f72a8659649ee72a4f4e,driver_brake,1115,1081,"{""63"": 1115}","[-0.555, 0.216, 0.666]","[-0.555, 0.216, 0.666]","[-1.6750211715698242, -0.23899592459201813, 0.08035759627819061]","[-1.85, -0.7170000000000001, -0.154]","[-1.2869703140258788, -0.6321676917076111, 0.082]","{""intercept"": -0.7780207263039692, ""n"": 1081, ""r"": 0.45968457588347167, ""slope"": 0.7280103007272638}","{""intercept"": -0.43863071603375975, ""n"": 1081, ""r"": 0.5139823318477512, ""slope"": 0.5032012047893397}","[-1696.5, -612.0, 94.0]","[-542.2, 211.0, 666.0]","[-542.2, 211.0, 666.0]","[-82.0, 4106.0, 5133.3]","[-542.2, 211.0, 666.0]","[8012.0, 8120.0, 8177.0]"
00000165--97064ab212,False,False,e7dff9eb8f976850b033f72a8659649ee72a4f4e,driver_gas,1015,1015,"{""11"": 3, ""63"": 1012}","[-0.871, -0.354, 0.125]","[-0.871, -0.354, 0.125]","[-0.2036319702863693, 0.6573047637939453, 1.3260991930961599]","[0.08170000000000001, 0.936, 1.9122999999999994]","[-0.0013042010545730519, 0.9552071340084076, 1.8766164632797242]","{""intercept"": 0.7099161016931913, ""n"": 1015, ""r"": 0.178962528020061, ""slope"": 0.34253636426714223}","{""intercept"": 0.011968907450116967, ""n"": 1015, ""r"": 0.8360139989284131, ""slope"": 0.942609424830406}","[-282.3, 491.0, 1565.9999999999995]","[-282.3, 491.0, 1565.9999999999995]","[-871.0, -354.0, 110.0]","[2876.3, 4659.0, 6041.3]","[-282.3, 491.0, 1565.9999999999995]","[0.0, 0.0, 0.0]"
00000165--97064ab212,False,False,e7dff9eb8f976850b033f72a8659649ee72a4f4e,standstill,31283,31078,"{""63"": 31283}","[-0.332, -0.332, -0.332]","[-0.332, -0.332, -0.332]","[-0.0, 0.0, 0.0]","[0.0, 0.0, 0.0]","[0.332, 0.332, 0.332]","{""intercept"": -0.0030329631241385636, ""n"": 31078, ""r"": 0.9994717014604139, ""slope"": 0.9907669096967884}","{""intercept"": null, ""n"": 31078, ""r"": null, ""slope"": null}","[-332.0, -332.0, -332.0]","[-332.0, -332.0, -332.0]","[-332.0, -332.0, -332.0]","[-332.0, -332.0, -332.0]","[-332.0, -332.0, -332.0]","[0.0, 0.0, 0.0]"
00000165--97064ab212,False,False,e7dff9eb8f976850b033f72a8659649ee72a4f4e,native_or_stock_cruise,6037,6037,"{""11"": 6037}","[-0.2084, 0.009000000000000001, 0.209]","[-0.21, 0.009000000000000001, 0.20819999999999983]","[-0.24770003259181975, -0.001963973045349121, 0.24436909556388847]","[-0.01100000000000001, -0.0010000000000000009, 0.010000000000000002]","[-0.24294918189048767, -0.012540070772171022, 0.2683187412977219]","{""intercept"": -0.0011712217496048715, ""n"": 6037, ""r"": 0.9969713422615152, ""slope"": 0.9963882194141811}","{""intercept"": -0.0030149849636221453, ""n"": 6037, ""r"": 0.5525395963795134, ""slope"": 0.46851269094315107}","[-207.0, 9.0, 203.0]","[-205.39999999999998, 12.0, 203.0]","[-1110.2, -431.0, 0.0]","[2779.0, 3587.0, 4934.0]","[-1110.2, -431.0, 0.0]","[0.0, 0.0, 0.0]"
00000165--97064ab212,False,False,e7dff9eb8f976850b033f72a8659649ee72a4f4e,manual_moving,906,906,"{""11"": 3, ""63"": 903}","[-0.5235000000000001, 0.1805, 0.54]","[-0.5235000000000001, 0.1805, 0.54]","[-0.5115456432104111, -0.05278191156685352, 0.35358619689941406]","[-0.138, -0.010000000000000009, 0.006000000000000005]","[-0.5250332054495812, -0.12249215665459633, 0.38840944141149525]","{""intercept"": -0.021603895524491646, ""n"": 906, ""r"": 0.9760016152698582, ""slope"": 0.9102573900372348}","{""intercept"": 0.07074690732152249, ""n"": 906, ""r"": 0.6278363526822367, ""slope"": 0.5619580753991901}","[-528.5, 143.5, 482.0]","[-515.5, 180.0, 540.0]","[-520.5, 180.0, 540.0]","[2847.25, 4151.0, 4745.5]","[-520.5, 180.0, 540.0]","[0.0, 0.0, 8191.0]"
00000168--126aca7c36,False,False,d190ba944dff5c00dc48c9d8d871d1a16b220bc6,driver_brake,1377,1377,"{""11"": 4, ""63"": 1373}","[-0.386, 0.013000000000000001, 0.9928000000000001]","[-0.386, 0.013000000000000001, 0.9928000000000001]","[-1.4370006561279298, -0.2652808129787445, 0.05043317675590529]","[-1.8248, -0.635, -0.171]","[-1.5904844015121462, -0.483327260017395, 0.082]","{""intercept"": -0.7490176387091418, ""n"": 1377, ""r"": 0.41283803822296394, ""slope"": 0.68252914784988}","{""intercept"": -0.4532339313777123, ""n"": 1377, ""r"": 0.4496596504941813, ""slope"": 0.5186710500572345}","[-1633.0, -664.0, 154.20000000000005]","[-385.0, 13.0, 996.0]","[-385.0, 13.0, 996.0]","[-82.0, 4216.0, 5177.0]","[-385.0, 13.0, 996.0]","[8014.0, 8130.0, 8175.0]"
00000168--126aca7c36,False,False,d190ba944dff5c00dc48c9d8d871d1a16b220bc6,driver_gas,820,820,"{""11"": 7, ""63"": 813}","[-0.445, -0.151, 0.7010999999999991]","[-0.445, -0.151, 0.7010999999999991]","[-0.05005084462463855, 0.7601218521595001, 1.3206233263015743]","[0.08280000000000001, 0.7945, 1.6401999999999999]","[-0.17557580423355107, 0.6754694261550903, 1.4980364437103268]","{""intercept"": 0.7885509112514867, ""n"": 820, ""r"": 0.2825849223310621, ""slope"": 0.42512063383391635}","{""intercept"": 0.09913142171527856, ""n"": 820, ""r"": 0.7914605143100776, ""slope"": 0.9706477481432699}","[-4.0, 919.0, 1726.4999999999995]","[-4.0, 919.0, 1726.4999999999995]","[-461.05, -174.0, 575.1999999999998]","[3763.65, 4862.5, 5972.65]","[-4.0, 912.5, 1726.4999999999995]","[0.0, 0.0, 0.0]"
00000168--126aca7c36,False,False,d190ba944dff5c00dc48c9d8d871d1a16b220bc6,standstill,6161,5766,"{""63"": 6161}","[-0.464, -0.464, -0.082]","[-0.464, -0.464, -0.082]","[0.0, 0.0, 0.0]","[0.0, 0.0, 0.0]","[0.082, 0.464, 0.464]","{""intercept"": -0.004696914728784806, ""n"": 5766, ""r"": 0.9991077276909986, ""slope"": 0.9887112935975833}","{""intercept"": null, ""n"": 5766, ""r"": null, ""slope"": null}","[-464.0, -464.0, -82.0]","[-464.0, -464.0, -82.0]","[-464.0, -464.0, -82.0]","[-464.0, -464.0, -82.0]","[-464.0, -464.0, -82.0]","[0.0, 0.0, 0.0]"
00000168--126aca7c36,False,False,d190ba944dff5c00dc48c9d8d871d1a16b220bc6,native_or_stock_cruise,485,485,"{""11"": 474, ""63"": 11}","[-0.182, 0.162, 0.932]","[-0.1386, 0.182, 0.932]","[-0.381181663274765, 0.1897505521774292, 0.8417245507240295]","[-0.111, -0.0010000000000000009, 0.02300000000000002]","[-0.2163648251056671, -0.004160261631012019, 0.1657900495529174]","{""intercept"": -0.028162814581141456, ""n"": 485, ""r"": 0.9928733588382345, ""slope"": 1.04102427587075}","{""intercept"": 0.01515223491077982, ""n"": 485, ""r"": 0.9546336186622336, ""slope"": 0.9582972877757184}","[-232.8, 153.0, 929.0]","[-232.8, 153.0, 929.0]","[-626.8, -516.0, -231.0]","[4277.0, 4678.0, 4817.399999999999]","[-626.8, -515.0, -231.0]","[0.0, 0.0, 0.0]"
00000168--126aca7c36,False,False,d190ba944dff5c00dc48c9d8d871d1a16b220bc6,manual_moving,1085,1085,"{""11"": 12, ""63"": 1073}","[-0.5798, -0.056, 0.40900000000000003]","[-0.5798, -0.056, 0.40900000000000003]","[-0.5371188044548034, -0.09522362053394318, 0.441304987668991]","[-0.14159999999999998, -0.0030000000000000027, 0.010000000000000009]","[-0.5549966736078262, 0.013533199310302724, 0.5750931394979356]","{""intercept"": -0.021269824671442655, ""n"": 1085, ""r"": 0.9428400742304782, ""slope"": 0.9083212450161327}","{""intercept"": -0.040930915795563697, ""n"": 1085, ""r"": 0.6097032889080914, ""slope"": 0.5870324842906725}","[-575.8, -83.0, 415.1999999999998]","[-575.8, -47.0, 415.1999999999998]","[-578.8, -56.0, 409.0]","[3576.4, 4467.0, 5208.0]","[-578.8, -55.0, 409.0]","[0.0, 0.0, 8189.0]"
00000169--0e7d2461cd,False,False,6fe60d2fbd7fbaf374e8dd8b6522cd99d189c174,driver_brake,1522,1522,"{""11"": 4, ""63"": 1518}","[-0.6279, -0.085, 0.659]","[-0.6279, -0.085, 0.659]","[-2.31301429271698, -1.0732202529907227, 0.022014089580625444]","[-2.3774, -1.0135, -0.193]","[-2.131184301185608, -0.8911629319190979, 0.05606719176173219]","{""intercept"": -1.0214540691491831, ""n"": 1522, ""r"": 0.633782790836142, ""slope"": 1.4081250564528565}","{""intercept"": -0.22987751890225097, ""n"": 1522, ""r"": 0.7855479391799111, ""slope"": 0.8975030118981109}","[-2574.75, -1229.0, 357.0]","[-624.95, -85.0, 659.0]","[-624.95, -85.0, 659.0]","[2849.05, 4408.0, 5061.95]","[-624.95, -85.0, 659.0]","[7954.1, 8093.0, 8173.0]"
00000169--0e7d2461cd,False,False,6fe60d2fbd7fbaf374e8dd8b6522cd99d189c174,driver_gas,3253,3253,"{""11"": 15, ""63"": 3238}","[-1.097, -0.467, 0.01]","[-1.097, -0.467, 0.01]","[-0.15546394288539886, 0.40057942271232605, 1.4734056711196897]","[0.131, 1.0010000000000001, 1.839]","[0.016032098150253297, 0.993457437992096, 1.8419527820587156]","{""intercept"": 0.8933067988367346, ""n"": 3253, ""r"": 0.4282653333487313, ""slope"": 0.7222739027291971}","{""intercept"": 0.058265751265749635, ""n"": 3253, ""r"": 0.9177025018677202, ""slope"": 0.975732608890269}","[-169.0, 371.0, 1572.3999999999996]","[-169.0, 371.0, 1572.3999999999996]","[-1097.4, -503.0, -1.8000000000010914]","[2645.0, 4219.0, 5073.0]","[-171.39999999999998, 371.0, 1572.3999999999996]","[0.0, 0.0, 0.0]"
00000169--0e7d2461cd,False,False,6fe60d2fbd7fbaf374e8dd8b6522cd99d189c174,standstill,5115,4803,"{""63"": 5115}","[-0.464, -0.419, -0.419]","[-0.464, -0.419, -0.419]","[0.0, 0.0, 0.0]","[0.0, 0.0, 0.0]","[0.419, 0.419, 0.464]","{""intercept"": -0.005413968859014278, ""n"": 4803, ""r"": 0.9992692420935912, ""slope"": 0.9874777402511489}","{""intercept"": null, ""n"": 4803, ""r"": null, ""slope"": null}","[-464.0, -419.0, -419.0]","[-464.0, -419.0, -419.0]","[-464.0, -419.0, -419.0]","[-464.0, -419.0, -419.0]","[-464.0, -419.0, -419.0]","[0.0, 0.0, 0.0]"
00000169--0e7d2461cd,False,False,6fe60d2fbd7fbaf374e8dd8b6522cd99d189c174,native_or_stock_cruise,2256,2256,"{""11"": 2225, ""63"": 31}","[-0.343, 0.027, 0.6950000000000001]","[-0.343, 0.027, 0.6950000000000001]","[-0.3927167057991028, 0.06561548635363579, 0.7147126346826553]","[-0.03200000000000003, 0.0, 0.01899999999999996]","[-0.20970554147660736, 0.02403248140960932, 0.21766895321011542]","{""intercept"": -0.0016084621288777504, ""n"": 2256, ""r"": 0.9970375361446053, ""slope"": 0.997774976573292}","{""intercept"": -0.00926031430841607, ""n"": 2256, ""r"": 0.9160072426085731, ""slope"": 0.8658873070260952}","[-344.0, 25.0, 685.75]","[-344.0, 25.0, 685.75]","[-631.0, -478.5, -209.25]","[2845.75, 4386.0, 4758.25]","[-631.0, -478.5, -209.25]","[0.0, 0.0, 0.0]"
00000169--0e7d2461cd,False,False,6fe60d2fbd7fbaf374e8dd8b6522cd99d189c174,manual_moving,1884,1884,"{""11"": 11, ""63"": 1873}","[-0.777, -0.291, 0.6246999999999998]","[-0.777, -0.291, 0.6246999999999998]","[-0.6576942652463913, -0.2612941563129425, 0.3058217003941536]","[-0.11700000000000002, -0.0010000000000000009, 0.008000000000000007]","[-0.5333769879430532, 0.02361536309123038, 0.3216739910840987]","{""intercept"": -0.024299522997103213, ""n"": 1884, ""r"": 0.9882271050491804, ""slope"": 0.9464744294650402}","{""intercept"": -0.002231218039828221, ""n"": 1884, ""r"": 0.7744094835719127, ""slope"": 0.9120258011495698}","[-777.85, -287.0, 518.6999999999998]","[-777.0, -285.5, 622.5499999999997]","[-777.0, -288.0, 622.5499999999997]","[2770.15, 4083.5, 4997.0]","[-777.0, -288.0, 622.5499999999997]","[0.0, 0.0, 8188.0]"
0000016a--7575b2b16e,False,False,b55418744a5b47160f3684a7d71dff8ca29718d1,driver_brake,4242,4242,"{""11"": 3, ""63"": 4239}","[-0.428, 0.5670000000000001, 0.767]","[-0.428, 0.5670000000000001, 0.767]","[-2.09483243227005, -1.8920363326145762e-34, 0.00011558969381439872]","[-2.33795, -0.993, -0.392]","[-1.924231299209595, -0.74, -0.40714859823584626]","{""intercept"": -1.3259496968663338, ""n"": 4242, ""r"": 0.7100034903547043, ""slope"": 1.412729451504988}","{""intercept"": -0.3454341395668284, ""n"": 4242, ""r"": 0.8880657428052062, ""slope"": 0.936367894007425}","[-2530.7, -418.5, 68.0]","[-427.0, 567.0, 767.0]","[-427.0, 567.0, 767.0]","[2641.3, 4252.0, 4684.0]","[-427.0, 567.0, 767.0]","[7964.0, 8095.0, 8154.0]"
0000016a--7575b2b16e,False,False,b55418744a5b47160f3684a7d71dff8ca29718d1,driver_gas,2900,2900,"{""11"": 36, ""63"": 2864}","[-0.631, -0.41050000000000003, 0.20204999999999973]","[-0.63005, -0.41100000000000003, 0.20204999999999973]","[-0.016985940467566216, 0.7692533135414124, 2.0778749108314507]","[0.18395, 1.163, 2.44105]","[0.138772093307972, 1.1578370954990387, 2.458700502490997]","{""intercept"": 1.1782149446051708, ""n"": 2900, ""r"": 0.27664222941581373, ""slope"": 0.7495214112907214}","{""intercept"": 0.034113956949844086, ""n"": 2900, ""r"": 0.9208688144782688, ""slope"": 0.9683375379083506}","[-37.0, 795.5, 2170.5999999999967]","[-37.0, 795.5, 2170.5999999999967]","[-633.0, -441.0, 163.24999999999864]","[1745.0, 3644.5, 5404.099999999999]","[-65.0, 795.5, 2170.5999999999967]","[0.0, 0.0, 0.0]"
0000016a--7575b2b16e,False,False,b55418744a5b47160f3684a7d71dff8ca29718d1,standstill,2698,2284,"{""63"": 2698}","[-0.419, -0.419, -0.419]","[-0.419, -0.419, -0.419]","[0.0, 0.0, 0.0]","[0.0, 0.0, 0.0]","[0.419, 0.419, 0.419]","{""intercept"": -0.00990796468515609, ""n"": 2284, ""r"": 0.9981731686096625, ""slope"": 0.976463868739174}","{""intercept"": null, ""n"": 2284, ""r"": null, ""slope"": null}","[-419.0, -419.0, -419.0]","[-419.0, -419.0, -419.0]","[-419.0, -419.0, -419.0]","[-419.0, -419.0, -419.0]","[-419.0, -419.0, -419.0]","[0.0, 0.0, 0.0]"
0000016a--7575b2b16e,False,False,b55418744a5b47160f3684a7d71dff8ca29718d1,native_or_stock_cruise,10940,10940,"{""11"": 10939, ""63"": 1}","[-0.28304999999999997, 0.015, 0.226]","[-0.28304999999999997, 0.015, 0.226]","[-0.2846250519156456, 0.010549374856054783, 0.2503595784306526]","[-0.010000000000000009, -0.0010000000000000009, 0.008]","[-0.2020702363565564, 0.0007377410531044029, 0.20419865593239658]","{""intercept"": -0.0010679739918728053, ""n"": 10940, ""r"": 0.998527128764323, ""slope"": 0.9929037707029978}","{""intercept"": 0.0029395629827139807, ""n"": 10940, ""r"": 0.7249979093451436, ""slope"": 0.6702173355900994}","[-283.0, 14.0, 224.0]","[-283.0, 14.0, 224.0]","[-751.0, -490.0, -249.95000000000073]","[1660.0, 2338.0, 3488.0499999999993]","[-751.0, -490.0, -249.95000000000073]","[0.0, 0.0, 0.0]"
0000016a--7575b2b16e,False,False,b55418744a5b47160f3684a7d71dff8ca29718d1,manual_moving,1281,1281,"{""11"": 4, ""63"": 1277}","[-0.528, -0.432, 0.599]","[-0.528, -0.432, 0.599]","[-0.6043258905410767, -0.3066934645175934, 0.46312040090560913]","[-0.07800000000000001, 0.0, 0.0050000000000000044]","[-0.4922943120598793, 0.0021142167747020685, 0.4507291975617409]","{""intercept"": -0.014336723759061795, ""n"": 1281, ""r"": 0.9956546255248351, ""slope"": 0.9642809479043696}","{""intercept"": -0.023910112060296907, ""n"": 1281, ""r"": 0.7895044581394003, ""slope"": 0.8073120627906819}","[-528.0, -433.0, 563.0]","[-527.0, -432.0, 596.0]","[-528.0, -432.0, 596.0]","[1901.0, 2992.0, 5009.0]","[-527.0, -432.0, 596.0]","[0.0, 0.0, 8190.0]"
0000016b--0565634434,False,False,b55418744a5b47160f3684a7d71dff8ca29718d1,driver_brake,1433,1433,"{""63"": 1433}","[-0.6724, -0.418, 0.376]","[-0.6724, -0.418, 0.376]","[-3.1716979503631593, -1.6708873510360718, -0.002911141514778176]","[-2.973, -1.2000000000000002, -0.2302000000000003]","[-2.7079248355865477, -1.1811136026382445, -0.20069191782474533]","{""intercept"": -1.0747342820558499, ""n"": 1433, ""r"": 0.6190068229261216, ""slope"": 2.0437393305793363}","{""intercept"": -0.08702490904077621, ""n"": 1433, ""r"": 0.9678674987843787, ""slope"": 1.0049516057197092}","[-3491.8, -1703.0, -152.0]","[-672.4, -409.0, 376.0]","[-672.4, -409.0, 376.0]","[2288.0, 3104.0, 4311.9999999999945]","[-672.4, -409.0, 376.0]","[7902.0, 8076.0, 8169.0]"
0000016b--0565634434,False,False,b55418744a5b47160f3684a7d71dff8ca29718d1,driver_gas,2893,2660,"{""11"": 63, ""63"": 2830}","[-0.721, -0.521, 0.03824999999999863]","[-0.721, -0.521, 0.044149999999999176]","[-0.08384843245148657, 0.4780355542898178, 1.9340752124786373]","[0.15095, 0.931, 2.617]","[0.14390213506557054, 0.9398996975421905, 2.3697355870723724]","{""intercept"": 0.9130754128365222, ""n"": 2660, ""r"": 0.16885036324883063, ""slope"": 0.4735978198087197}","{""intercept"": -0.0036624604226946694, ""n"": 2660, ""r"": 0.9471370437224194, ""slope"": 1.0350330915963653}","[-120.80000000000001, 430.0, 2261.0]","[-120.80000000000001, 430.0, 2261.0]","[-724.0, -522.0, -117.0]","[2247.0, 3334.0, 5229.8]","[-187.4, 428.0, 2261.0]","[0.0, 0.0, 0.0]"
0000016b--0565634434,False,False,b55418744a5b47160f3684a7d71dff8ca29718d1,standstill,4206,4206,"{""63"": 4206}","[-0.323, -0.323, -0.323]","[-0.323, -0.323, -0.323]","[0.0, -0.0, 0.0]","[0.0, 0.0, 0.0]","[0.323, 0.323, 0.323]","{""intercept"": null, ""n"": 4206, ""r"": null, ""slope"": null}","{""intercept"": null, ""n"": 4206, ""r"": null, ""slope"": null}","[-323.0, -323.0, -323.0]","[-323.0, -323.0, -323.0]","[-323.0, -323.0, -323.0]","[-323.0, -323.0, -323.0]","[-323.0, -323.0, -323.0]","[0.0, 0.0, 0.0]"
0000016b--0565634434,False,False,b55418744a5b47160f3684a7d71dff8ca29718d1,native_or_stock_cruise,6757,6723,"{""11"": 6743, ""63"": 14}","[-0.1419, 0.049, 0.7588999999999997]","[-0.1419, 0.049, 0.758]","[-0.11721620336174965, 0.018307672813534737, 0.7120892226696014]","[-0.007000000000000006, -0.0010000000000000009, 0.009000000000000008]","[-0.18916056131124495, -0.026577613860368728, 0.2377832229211924]","{""intercept"": -0.0007229639429454591, ""n"": 6723, ""r"": 0.9994400668206675, ""slope"": 1.0000867318278106}","{""intercept"": 0.027886881548605552, ""n"": 6723, ""r"": 0.8799450201805828, ""slope"": 0.8297066918212883}","[-140.0, 47.0, 759.0]","[-140.0, 47.0, 759.0]","[-1055.2, -531.0, -248.80000000000018]","[1825.0, 2092.0, 4319.0]","[-1055.2, -531.0, -248.80000000000018]","[0.0, 0.0, 0.0]"
0000016b--0565634434,False,False,b55418744a5b47160f3684a7d71dff8ca29718d1,manual_moving,1731,1731,"{""11"": 8, ""63"": 1723}","[-0.65, -0.458, 0.108]","[-0.65, -0.458, 0.108]","[-0.68807452917099, -0.4530569911003113, 0.060613078996539116]","[-0.06449999999999997, 0.0, 0.006000000000000005]","[-0.3260376702547073, 0.022564403057098392, 0.3474768973812461]","{""intercept"": -0.024153196052916652, ""n"": 1731, ""r"": 0.9778237782612228, ""slope"": 0.949087017439213}","{""intercept"": -0.23343149814927253, ""n"": 1731, ""r"": 0.49779806290853706, ""slope"": 0.434445926309959}","[-649.5, -457.0, 98.5]","[-647.0, -457.0, 108.0]","[-649.5, -458.0, 108.0]","[1876.0, 2666.0, 4468.5]","[-672.0, -459.0, 108.0]","[0.0, 0.0, 8182.5]"
00000170--f17caaea08,False,True,7136a052c2ecbf5d8ead445b3690cf50f93635fd,driver_brake,1665,1665,"{""11"": 7, ""63"": 1658}","[-0.736, 0.038, 0.592]","[-0.736, 0.038, 0.592]","[-2.47226824760437, -0.42043501138687134, 0.07419058382511137]","[-2.5702000000000003, -0.8359999999999999, -0.18200000000000002]","[-2.289216142654419, -0.5969094503800734, 0.082]","{""intercept"": -1.0087106571904492, ""n"": 1665, ""r"": 0.520947313794706, ""slope"": 1.13841825495286}","{""intercept"": -0.430349939154588, ""n"": 1665, ""r"": 0.7352937545913525, ""slope"": 0.7353718514706691}","[-2742.0, -786.0, 42.999999999999545]","[-730.6, 41.0, 592.0]","[-733.6, 41.0, 592.0]","[2558.0, 4158.0, 4855.0]","[-733.6, 41.0, 592.0]","[7940.2, 8111.0, 8175.0]"
00000170--f17caaea08,False,True,7136a052c2ecbf5d8ead445b3690cf50f93635fd,driver_gas,1556,1556,"{""11"": 26, ""63"": 1530}","[-0.72625, -0.34600000000000003, 0.276]","[-0.726, -0.34550000000000003, 0.29050000000000004]","[-0.08028363063931465, 0.6792279481887817, 1.9558935463428497]","[0.07775, 1.1059999999999999, 2.39425]","[0.008743007630109788, 1.1070136437416076, 2.514282403945923]","{""intercept"": 0.7500236179097559, ""n"": 1556, ""r"": -0.07225904946901206, ""slope"": -0.13957850314855672}","{""intercept"": 0.08323657225023144, ""n"": 1556, ""r"": 0.8882634654147762, ""slope"": 0.8869276167079785}","[-130.25, 745.5, 1787.0]","[-130.25, 745.5, 1787.0]","[-730.0, -372.0, 134.75]","[2565.0, 3997.0, 5342.0]","[-203.5, 745.5, 1787.0]","[0.0, 0.0, 0.0]"
00000170--f17caaea08,False,True,7136a052c2ecbf5d8ead445b3690cf50f93635fd,standstill,41226,40983,"{""63"": 41226}","[-0.436, -0.436, -0.436]","[-0.436, -0.436, -0.436]","[0.0, 0.0, -0.0]","[0.0, 0.0, 0.0]","[0.436, 0.436, 0.436]","{""intercept"": -0.0026610720729359633, ""n"": 40983, ""r"": 0.999612416998899, ""slope"": 0.9938210419912423}","{""intercept"": null, ""n"": 40983, ""r"": null, ""slope"": null}","[-436.0, -436.0, -436.0]","[-436.0, -436.0, -436.0]","[-436.0, -436.0, -436.0]","[-436.0, -436.0, -436.0]","[-436.0, -436.0, -436.0]","[0.0, 0.0, 0.0]"
00000170--f17caaea08,False,True,7136a052c2ecbf5d8ead445b3690cf50f93635fd,op_braking,236,236,"{""11"": 236}","[-1.5, -0.97, -0.30625]","[0.43625, 0.913, 0.94125]","[-1.7081214785575867, -0.9766479432582855, -0.18965808302164078]","[-0.08124999999999996, 0.016999999999999932, 0.06899999999999995]","[-0.20812147855758667, 0.017366413474082937, 0.24422230589389807]","{""intercept"": -0.0035601118048313946, ""n"": 236, ""r"": 0.9960534430234425, ""slope"": 0.979106044147988}","{""intercept"": -0.19827812165138833, ""n"": 236, ""r"": 0.9848404830327694, ""slope"": 0.7789217291564456}","[-1486.0, -984.5, -302.25]","[-899.5, -674.0, -302.25]","[-899.5, -734.5, -479.5]","[2663.25, 2727.5, 4607.5]","[-899.5, -734.5, -479.5]","[0.0, 0.0, 0.0]"
00000170--f17caaea08,False,True,7136a052c2ecbf5d8ead445b3690cf50f93635fd,op_accelerating,121,121,"{""11"": 120, ""63"": 1}","[0.275, 0.399, 0.765]","[0.095, 0.289, 0.495]","[0.23634760081768036, 0.4801202416419983, 0.9909787178039551]","[-0.08799999999999997, 0.00599999999999995, 0.050000000000000044]","[-0.28949055169522764, 0.1183893160820007, 0.3227091569900512]","{""intercept"": -0.010582959668170978, ""n"": 121, ""r"": 0.8834515533883054, ""slope"": 1.000138823569958}","{""intercept"": 0.13066715307954752, ""n"": 121, ""r"": 0.785405002994251, ""slope"": 0.5817071022482623}","[205.0, 380.0, 764.0]","[205.0, 380.0, 764.0]","[-1108.0, -253.0, -136.0]","[2814.0, 3152.0, 3924.0]","[-1108.0, -253.0, -136.0]","[0.0, 0.0, 0.0]"
00000170--f17caaea08,False,True,7136a052c2ecbf5d8ead445b3690cf50f93635fd,op_near_zero,5359,5359,"{""11"": 5357, ""63"": 2}","[-0.215, 0.043000000000000003, 0.23]","[-0.063, 0.192, 0.913]","[-0.2679108560085296, 0.0032577121164649725, 0.29814058542251565]","[-0.01909999999999998, -0.0010000000000000009, 0.017999999999999988]","[-0.2944066791296005, -0.030042067497968672, 0.2870926595985888]","{""intercept"": -0.0005100509645683823, ""n"": 5359, ""r"": 0.9939145257087032, ""slope"": 0.9845738494415772}","{""intercept"": 0.028096803023507203, ""n"": 5359, ""r"": 0.36584229550500147, ""slope"": 0.2968596843165128}","[-214.0, 41.0, 226.0]","[-202.0, 43.0, 226.0]","[-1077.0, -509.0, -7.0]","[2484.0, 3764.0, 4690.099999999999]","[-1077.0, -509.0, -7.0]","[0.0, 0.0, 0.0]"
00000170--f17caaea08,False,True,7136a052c2ecbf5d8ead445b3690cf50f93635fd,native_or_stock_cruise,348,348,"{""11"": 347, ""63"": 1}","[0.082, 0.9185000000000001, 0.9470000000000001]","[0.08480000000000001, 0.9185000000000001, 0.9470000000000001]","[0.2625186115503311, 0.8910860121250153, 1.392077922821045]","[-0.01100000000000001, 0.00399999999999999, 0.03464999999999994]","[-0.290388466501236, 0.21195232200622555, 0.49131600682735416]","{""intercept"": 0.013050450757980525, ""n"": 348, ""r"": 0.9948412212062584, ""slope"": 0.9851153944606226}","{""intercept"": 0.15761504673885915, ""n"": 348, ""r"": 0.7395398209909029, ""slope"": 0.6419571539576286}","[87.05000000000001, 924.0, 940.65]","[87.05000000000001, 924.0, 940.65]","[-1147.3, -965.5, -598.4500000000002]","[2625.0, 3882.5, 4215.0]","[-1147.3, -965.5, -598.4500000000002]","[0.0, 0.0, 0.0]"
00000170--f17caaea08,False,True,7136a052c2ecbf5d8ead445b3690cf50f93635fd,manual_moving,1144,1144,"{""11"": 9, ""63"": 1135}","[-1.0070000000000001, -0.112, 0.4823999999999996]","[-1.0070000000000001, -0.112, 0.4823999999999996]","[-0.8980250358581543, -0.13970355689525604, 0.371864192187786]","[-0.11585, -0.0020000000000000018, 0.007000000000000006]","[-0.4753667451530695, -0.03598813849687576, 0.39262584098130454]","{""intercept"": -0.026838202568584962, ""n"": 1144, ""r"": 0.9834670257432915, ""slope"": 0.9405688404737211}","{""intercept"": -0.005614812909891687, ""n"": 1144, ""r"": 0.7876588459932001, ""slope"": 0.88001058037533}","[-1006.85, -112.5, 399.6999999999998]","[-1006.0, -107.0, 478.24999999999955]","[-1007.0, -113.5, 473.39999999999964]","[2415.15, 3812.0, 4844.85]","[-1007.0, -113.5, 473.39999999999964]","[0.0, 0.0, 8190.0]"
00000171--1fd79dea9a,False,True,3622d26497e11ce052828059bb20bccdfd0f0d27,driver_brake,2540,2411,"{""11"": 23, ""63"": 2517}","[-0.6815, -0.027, 0.682]","[-0.68, -0.025, 0.682]","[-2.692198157310486, -0.9095138311386108, 0.00016719986888347194]","[-2.8819999999999997, -1.0290000000000001, -0.23150000000000004]","[-2.505178335189819, -0.8037221318185329, -0.19891286766529084]","{""intercept"": -1.151374552299815, ""n"": 2411, ""r"": 0.5406705133965792, ""slope"": 1.0518981166887749}","{""intercept"": -0.24701968024141016, ""n"": 2411, ""r"": 0.8862447541902194, ""slope"": 0.8979278002698059}","[-3026.25, -1052.0, 304.0499999999997]","[-677.0, -19.0, 682.0]","[-677.0, -22.5, 682.0]","[2225.85, 3710.5, 4979.449999999997]","[-677.0, -22.5, 682.0]","[7965.95, 8092.0, 8171.0]"
00000171--1fd79dea9a,False,True,3622d26497e11ce052828059bb20bccdfd0f0d27,driver_gas,6729,6729,"{""11"": 617, ""63"": 6112}","[-0.7936, -0.382, 0.657]","[-0.794, -0.383, 0.8005999999999995]","[-0.03883436769247054, 0.827103316783905, 2.0694792747497557]","[-0.001, 1.145, 2.383]","[-0.0018713132858276782, 1.1631908793449401, 2.427583734130859]","{""intercept"": 0.9288638718730635, ""n"": 6729, ""r"": 0.10830754562069687, ""slope"": 0.18040097846111447}","{""intercept"": 0.008941435091993178, ""n"": 6729, ""r"": 0.9088086616738115, ""slope"": 0.9832056497995587}","[-78.0, 802.0, 2094.5999999999995]","[-77.0, 802.0, 2094.5999999999995]","[-824.5999999999999, -573.0, -62.0]","[1885.4, 3466.0, 5258.599999999999]","[-141.0, 788.0, 2094.5999999999995]","[0.0, 0.0, 0.0]"
00000171--1fd79dea9a,False,True,3622d26497e11ce052828059bb20bccdfd0f0d27,standstill,1929,1734,"{""11"": 1639, ""63"": 290}","[-1.5, -1.5, 0.303]","[-0.4, -0.4, 0.15]","[-2.5318275766039717e-05, -0.0, 2.330280790374672e-06]","[-0.762, -0.625, 0.007349999999999916]","[-0.3845673575623194, 1.5, 1.500000001292192]","{""intercept"": -0.24844711575990355, ""n"": 1734, ""r"": 0.9372699849952075, ""slope"": 1.2464472603627774}","{""intercept"": -1.898789963528881, ""n"": 1734, ""r"": -0.16135960652275497, ""slope"": -1.053856500744449}","[-2258.0, -2124.0, 382.7999999999993]","[-436.0, -59.0, 652.7999999999997]","[-436.0, -60.0, 652.7999999999997]","[-436.0, 3415.0, 5009.4]","[-436.0, -60.0, 652.7999999999997]","[0.0, 0.0, 0.0]"
00000171--1fd79dea9a,False,True,3622d26497e11ce052828059bb20bccdfd0f0d27,op_braking,5584,5584,"{""11"": 5581, ""63"": 3}","[-1.4677, -0.731, -0.325]","[-1.351, -0.226, 0.924]","[-1.4633348762989045, -0.7341183423995972, -0.19036965295672434]","[-0.024999999999999967, 0.007000000000000006, 0.05699999999999994]","[-0.17174201929569247, 0.008666460394859354, 0.214631845331192]","{""intercept"": 0.0027103805726890863, ""n"": 5584, ""r"": 0.9945527738826409, ""slope"": 0.987723017820372}","{""intercept"": -0.10635045012095323, ""n"": 5584, ""r"": 0.9499191290678533, ""slope"": 0.8621147028704689}","[-1439.0, -722.5, -313.0]","[-836.0, -518.0, 10.699999999998909]","[-847.0, -580.0, 10.699999999998909]","[2402.4500000000003, 3318.5, 4529.849999999999]","[-847.0, -580.0, 10.699999999998909]","[0.0, 0.0, 0.0]"
00000171--1fd79dea9a,False,True,3622d26497e11ce052828059bb20bccdfd0f0d27,op_accelerating,1811,1811,"{""11"": 1797, ""63"": 14}","[0.308, 0.451, 1.066]","[0.002, 0.249, 0.923]","[0.19429197907447815, 0.5014386177062988, 1.084707498550415]","[-0.03400000000000003, -0.0010000000000000009, 0.02200000000000002]","[-0.21530206100642682, 0.03626785397529603, 0.17724739146232604]","{""intercept"": -0.0038483011333881635, ""n"": 1811, ""r"": 0.9320367662587979, ""slope"": 0.9859108534744515}","{""intercept"": 0.08037830918418584, ""n"": 1811, ""r"": 0.8585640963815806, ""slope"": 0.7995880131209379}","[301.5, 447.0, 1064.0]","[301.5, 447.0, 1064.0]","[-607.0, -478.0, -211.0]","[2396.5, 3112.0, 4985.0]","[-607.0, -478.0, -211.0]","[0.0, 0.0, 0.0]"
00000171--1fd79dea9a,False,True,3622d26497e11ce052828059bb20bccdfd0f0d27,op_near_zero,21824,21824,"{""11"": 21805, ""63"": 19}","[-0.2238499999999999, -0.003, 0.223]","[-0.681, 0.03, 0.637]","[-0.28125203400850296, -0.007460459368303418, 0.2871015384793281]","[-0.021, -0.0009999999999999992, 0.02100000000000002]","[-0.21247243341207503, -0.003463742762804027, 0.22513312329426408]","{""intercept"": -0.0007480390125909859, ""n"": 21824, ""r"": 0.9882440492010994, ""slope"": 0.9864583486061402}","{""intercept"": -0.001332407311695352, ""n"": 21824, ""r"": 0.6201399075343333, ""slope"": 0.4570225553961864}","[-222.0, -4.0, 222.0]","[-219.0, -1.0, 228.0]","[-950.0, -433.0, -99.0]","[1560.15, 2888.0, 4083.8499999999985]","[-950.0, -433.0, -99.0]","[0.0, 0.0, 0.0]"
00000171--1fd79dea9a,False,True,3622d26497e11ce052828059bb20bccdfd0f0d27,native_or_stock_cruise,114,114,"{""11"": 110, ""63"": 4}","[0.0, 0.521, 0.92535]","[0.04080000000000002, 0.521, 0.92535]","[0.12666065581142905, 0.8869329392910004, 0.9865504086017608]","[-0.02474999999999995, 0.0020000000000000018, 0.1294]","[-0.027253893899917645, 0.28481804895401003, 0.6089822453975676]","{""intercept"": 0.03264258510837825, ""n"": 114, ""r"": 0.9881448156136154, ""slope"": 0.9646801562864222}","{""intercept"": -0.27468283083022454, ""n"": 114, ""r"": 0.8356526260029682, ""slope"": 1.0277634240990632}","[-17.049999999999997, 542.5, 927.0]","[-17.049999999999997, 542.5, 927.0]","[-963.7, -667.5, -521.65]","[2620.9, 3614.5, 4460.35]","[-963.7, -667.5, -515.9000000000001]","[0.0, 0.0, 0.0]"
00000171--1fd79dea9a,False,True,3622d26497e11ce052828059bb20bccdfd0f0d27,manual_moving,1479,1403,"{""11"": 6, ""63"": 1473}","[-0.5699000000000001, -0.357, 0.559]","[-0.5699000000000001, -0.357, 0.559]","[-0.5460866570472717, -0.28736424446105957, 0.26663234829902643]","[-0.11189999999999999, 0.0010000000000000009, 0.010000000000000009]","[-0.577605026486516, 0.040549989938735986, 0.42073967159539416]","{""intercept"": -0.02660125355377062, ""n"": 1403, ""r"": 0.9742002870926704, ""slope"": 0.9250791222670636}","{""intercept"": -0.07732257665721999, ""n"": 1403, ""r"": 0.5308364044782297, ""slope"": 0.5817330289710839}","[-566.1, -344.0, 608.0999999999999]","[-563.1, -339.0, 619.0]","[-567.0, -344.0, 616.0]","[1728.8, 3635.0, 5029.0]","[-581.1, -343.0, 616.0]","[0.0, 0.0, 8188.0]"
00000174--dab1955dfb,False,True,07bad3633c481c514423ea393ae9ebca8b63d0e9,driver_brake,1581,1581,"{""63"": 1581}","[-0.268, 0.091, 0.583]","[-0.268, 0.091, 0.583]","[-1.187989592552185, -0.3887881934642792, 0.0036154857371002436]","[-1.8130000000000002, -0.506, -0.181]","[-1.1102330751419067, -0.5040367855172954, -0.037434001043438914]","{""intercept"": -0.6074658755365852, ""n"": 1581, ""r"": 0.20678663648544224, ""slope"": 0.3635512201071738}","{""intercept"": -0.37647438162272484, ""n"": 1581, ""r"": 0.33668132036753323, ""slope"": 0.4504718425785038}","[-1597.0, -441.0, 91.0]","[-268.0, 97.0, 586.0]","[-268.0, 97.0, 586.0]","[3216.0, 4188.0, 4989.0]","[-268.0, 97.0, 586.0]","[8015.0, 8143.0, 8175.0]"
00000174--dab1955dfb,False,True,07bad3633c481c514423ea393ae9ebca8b63d0e9,driver_gas,757,757,"{""11"": 3, ""63"": 754}","[-0.4422, -0.26, 0.7671999999999992]","[-0.4422, -0.26, 0.7671999999999992]","[-0.10779674649238587, 0.6849961876869202, 1.526751089096069]","[0.044, 0.93, 1.8502]","[-0.3049758336067198, 0.8661750011444092, 1.815534176254272]","{""intercept"": 0.9097077202853653, ""n"": 757, ""r"": 0.38798822344796796, ""slope"": 0.5562871011709699}","{""intercept"": 0.29656469427532994, ""n"": 757, ""r"": 0.7239957209621477, ""slope"": 0.7908494430040945}","[-128.79999999999998, 841.0, 1832.1999999999998]","[-128.79999999999998, 841.0, 1832.1999999999998]","[-450.2, -278.0, 727.5999999999998]","[3661.8, 4860.0, 5993.0]","[-135.99999999999994, 841.0, 1832.1999999999998]","[0.0, 0.0, 0.0]"
00000174--dab1955dfb,False,True,07bad3633c481c514423ea393ae9ebca8b63d0e9,standstill,19255,19007,"{""63"": 19255}","[-0.303, -0.303, -0.303]","[-0.303, -0.303, -0.303]","[0.0, 0.0, 0.0]","[0.0, 0.0, 0.0]","[0.303, 0.303, 0.303]","{""intercept"": -0.004192513914507064, ""n"": 19007, ""r"": 0.9990838862915126, ""slope"": 0.9860059947810264}","{""intercept"": null, ""n"": 19007, ""r"": null, ""slope"": null}","[-303.0, -303.0, -303.0]","[-303.0, -303.0, -303.0]","[-303.0, -303.0, -303.0]","[-303.0, -303.0, -303.0]","[-303.0, -303.0, -303.0]","[0.0, 0.0, 0.0]"
00000174--dab1955dfb,False,True,07bad3633c481c514423ea393ae9ebca8b63d0e9,op_braking,16,16,"{""11"": 3, ""63"": 13}","[-0.664, -0.5005, -0.365]","[-0.664, -0.601, -0.5]","[-0.6207874417304993, -0.5444663465023041, -0.41413868963718414]","[-0.20799999999999996, 0.0010000000000000009, 0.0030000000000000027]","[-0.18575037479400636, -0.022405933380126974, 0.12935176378488542]","{""intercept"": -0.33279500543193197, ""n"": 16, ""r"": 0.6685511850250364, ""slope"": 0.4726369756713656}","{""intercept"": -0.30435241628984955, ""n"": 16, ""r"": 0.44486362355250625, ""slope"": 0.500685658334217}","[-662.25, -596.5, -450.0]","[-662.25, -596.5, -450.0]","[-662.25, -599.0, -498.5]","[4375.75, 4422.0, 4550.25]","[-662.25, -599.0, -498.5]","[0.0, 0.0, 0.0]"
00000174--dab1955dfb,False,True,07bad3633c481c514423ea393ae9ebca8b63d0e9,op_accelerating,193,193,"{""11"": 193}","[0.297, 0.338, 0.429]","[-0.642, -0.28300000000000003, 0.0965999999999998]","[0.21742961406707764, 0.32968446612358093, 0.45193474292755126]","[-0.035999999999999976, -0.0010000000000000009, 0.021399999999999995]","[-0.11207049536705017, -0.0072773461341857915, 0.07980029773712158]","{""intercept"": 0.01711701650700628, ""n"": 193, ""r"": 0.8890110299731588, ""slope"": 0.9434034379115511}","{""intercept"": 0.2195005551393049, ""n"": 193, ""r"": 0.5928417903033069, ""slope"": 0.35599317316414864}","[285.8, 335.0, 428.0]","[285.8, 335.0, 428.0]","[-644.0, -329.0, -282.0]","[4395.0, 4720.0, 4777.0]","[-644.0, -329.0, -282.0]","[0.0, 0.0, 0.0]"
00000174--dab1955dfb,False,True,07bad3633c481c514423ea393ae9ebca8b63d0e9,op_near_zero,1218,1218,"{""11"": 1216, ""63"": 2}","[-0.114, 0.14100000000000001, 0.263]","[-0.652, -0.254, 0.657]","[-0.09693305529654025, 0.15753845870494843, 0.31931217014789576]","[-0.025150000000000016, -0.001, 0.018000000000000016]","[-0.11356609797030687, 0.018381021723151203, 0.13026351952552795]","{""intercept"": -0.0069963725322487215, ""n"": 1218, ""r"": 0.9813846618785996, ""slope"": 1.0385672187959474}","{""intercept"": 0.022308501967616176, ""n"": 1218, ""r"": 0.8492129071112315, ""slope"": 0.7170047953525124}","[-118.0, 140.0, 270.14999999999986]","[-118.0, 140.0, 270.14999999999986]","[-652.0, -288.5, -214.0]","[3145.85, 4416.0, 4746.0]","[-652.0, -288.5, -214.0]","[0.0, 0.0, 0.0]"
00000174--dab1955dfb,False,True,07bad3633c481c514423ea393ae9ebca8b63d0e9,native_or_stock_cruise,548,548,"{""11"": 537, ""63"": 11}","[-0.19184999999999997, 0.293, 0.5817999999999998]","[-0.19184999999999997, 0.293, 0.5817999999999998]","[-0.3710337445139885, 0.25820431113243103, 0.5597002327442165]","[-0.10300000000000001, 0.0020000000000000018, 0.017999999999999978]","[-0.30881440495848655, -0.03628642928600315, 0.09512297478914258]","{""intercept"": -0.03394132727950296, ""n"": 548, ""r"": 0.9864842469952941, ""slope"": 1.083410510434385}","{""intercept"": 0.07652140630681488, ""n"": 548, ""r"": 0.9138404660080112, ""slope"": 0.8574332937500556}","[-312.3, 293.5, 594.3999999999996]","[-312.3, 293.5, 594.3999999999996]","[-722.65, -541.0, -453.0]","[4316.05, 4471.5, 4538.65]","[-722.65, -541.0, -452.35]","[0.0, 0.0, 0.0]"
00000174--dab1955dfb,False,True,07bad3633c481c514423ea393ae9ebca8b63d0e9,manual_moving,1846,1846,"{""11"": 20, ""63"": 1826}","[-0.58575, -0.15, 0.35875]","[-0.586, -0.15, 0.35875]","[-0.5193986892700195, -0.1601872518658638, 0.3596083000302315]","[-0.12700000000000003, -0.0010000000000000009, 0.008]","[-0.39198872447013855, 0.007338879585266109, 0.4930794032327831]","{""intercept"": -0.027370718081543385, ""n"": 1846, ""r"": 0.9586315088623387, ""slope"": 0.9046813112444321}","{""intercept"": -0.06832136484011045, ""n"": 1846, ""r"": 0.6957611363459446, ""slope"": 0.6717864096291845}","[-566.75, -161.0, 338.25]","[-565.0, -142.0, 357.25]","[-584.0, -149.5, 357.25]","[3243.0, 4250.0, 4764.0]","[-584.0, -149.5, 357.25]","[0.0, 0.0, 8190.0]"
00000175--6c2758b35b,False,True,33799c2e0bf331b3dbad2710b89b01e0c5c0658d,driver_brake,10406,10406,"{""11"": 51, ""63"": 10355}","[-0.612, 0.332, 1.0030000000000001]","[-0.612, 0.332, 1.0030000000000001]","[-2.0938615798950195, -0.0, 2.9093660032186133e-15]","[-2.144, -1.064, -0.34299999999999997]","[-1.7373554387092591, -0.419, -0.17927327516674996]","{""intercept"": -1.1719594801507205, ""n"": 10406, ""r"": 0.6025483264412264, ""slope"": 0.9597694244577469}","{""intercept"": -0.6995486240659513, ""n"": 10406, ""r"": 0.6715892117688405, ""slope"": 0.6517487509725437}","[-2240.75, -858.0, -58.0]","[-609.0, 332.0, 1003.0]","[-609.0, 332.0, 1003.0]","[2764.0, 3994.0, 4665.0]","[-609.0, 332.0, 1003.0]","[7983.0, 8089.0, 8159.0]"
00000175--6c2758b35b,False,True,33799c2e0bf331b3dbad2710b89b01e0c5c0658d,driver_gas,7986,7986,"{""11"": 295, ""63"": 7691}","[-0.904, -0.421, 0.307]","[-0.9067500000000001, -0.441, 0.517]","[-0.23687287792563438, 0.5293852984905243, 1.6101614236831665]","[0.05925, 0.852, 2.13375]","[0.05638570357859135, 0.8925146013498306, 2.006116852283478]","{""intercept"": 0.7606800007315593, ""n"": 7986, ""r"": 0.30126350151806475, ""slope"": 0.5109048200776181}","{""intercept"": 0.00784078502284656, ""n"": 7986, ""r"": 0.9073708202095683, ""slope"": 0.9883559780889632}","[-229.0, 477.0, 1762.75]","[-227.0, 477.0, 1762.75]","[-921.0, -491.0, 55.0]","[1932.0, 3218.0, 5067.0]","[-273.75, 469.0, 1762.75]","[0.0, 0.0, 0.0]"
00000175--6c2758b35b,False,True,33799c2e0bf331b3dbad2710b89b01e0c5c0658d,standstill,4632,4632,"{""63"": 4632}","[-0.497, -0.497, -0.213]","[-0.497, -0.497, -0.213]","[-1.788056401389998e-34, 0.0, 5.951183281926415e-36]","[0.0, 0.0, 0.0]","[0.213, 0.497, 0.497]","{""intercept"": -0.014298191049915804, ""n"": 4632, ""r"": 0.9982494356825672, ""slope"": 0.9697345297223261}","{""intercept"": -0.4151423934338275, ""n"": 4632, ""r"": -0.09112438887666445, ""slope"": -0.8938565192447616}","[-497.0, -497.0, -213.0]","[-497.0, -497.0, -213.0]","[-497.0, -497.0, -213.0]","[-497.0, -497.0, -213.0]","[-497.0, -497.0, -213.0]","[0.0, 0.0, 0.0]"
00000175--6c2758b35b,False,True,33799c2e0bf331b3dbad2710b89b01e0c5c0658d,op_braking,862,862,"{""11"": 855, ""63"": 7}","[-1.5, -0.556, -0.3430500000000001]","[-2.619, -0.3045, 0.9420000000000001]","[-1.4996033787727356, -0.6308693289756775, -0.21002000421285644]","[-0.06674999999999993, 0.0040000000000000036, 0.14689999999999967]","[-0.25743119223117833, 0.006186822414398274, 0.30737674406766885]","{""intercept"": -0.00755345547460268, ""n"": 862, ""r"": 0.9868199074357771, ""slope"": 0.9716458481905238}","{""intercept"": -0.10467420993811859, ""n"": 862, ""r"": 0.9182493996325504, ""slope"": 0.8560629345648654}","[-1491.0, -545.5, -328.1500000000002]","[-810.0, -454.5, -70.1500000000002]","[-810.0, -515.0, -82.30000000000041]","[2316.05, 3745.0, 4543.0]","[-810.0, -515.0, -82.30000000000041]","[0.0, 0.0, 0.0]"
00000175--6c2758b35b,False,True,33799c2e0bf331b3dbad2710b89b01e0c5c0658d,op_accelerating,945,945,"{""11"": 945}","[0.304, 0.599, 1.3]","[-0.687, -0.166, 0.8457999999999999]","[0.17169394195079804, 0.5271825790405273, 1.4246925354003905]","[-0.10899999999999997, -0.0010000000000000009, 0.05079999999999991]","[-0.3316934482574463, -0.03904095268249508, 0.2397392007827757]","{""intercept"": 0.017434264675924488, ""n"": 945, ""r"": 0.9660914611682171, ""slope"": 0.9588509450162457}","{""intercept"": 0.12831967232435862, ""n"": 945, ""r"": 0.9266255277644235, ""slope"": 0.8526362330758863}","[283.2, 591.0, 1300.0]","[283.2, 591.0, 1300.0]","[-781.6, -486.0, -147.20000000000005]","[2145.6, 4122.0, 4694.8]","[-781.6, -486.0, -147.20000000000005]","[0.0, 0.0, 0.0]"
00000175--6c2758b35b,False,True,33799c2e0bf331b3dbad2710b89b01e0c5c0658d,op_near_zero,9722,9722,"{""11"": 9701, ""63"": 21}","[-0.159, 0.009000000000000001, 0.243]","[-1.47, -0.758, -0.156]","[-0.17573501095175742, 0.010070533491671085, 0.28667637109756383]","[-0.016999999999999987, 0.0, 0.014000000000000012]","[-0.19065589351058007, 0.0051483231782913225, 0.1676056911826132]","{""intercept"": -0.0013553392452592139, ""n"": 9722, ""r"": 0.9874555429414307, ""slope"": 0.9949992279481129}","{""intercept"": 0.007215127001969088, ""n"": 9722, ""r"": 0.6723482372902606, ""slope"": 0.6164420506039169}","[-161.0, 8.0, 242.0]","[-161.0, 8.0, 242.0]","[-859.9, -518.5, -163.0500000000011]","[1507.0, 2180.0, 4358.0]","[-859.9, -518.5, -163.0500000000011]","[0.0, 0.0, 0.0]"
00000175--6c2758b35b,False,True,33799c2e0bf331b3dbad2710b89b01e0c5c0658d,native_or_stock_cruise,533,389,"{""11"": 501, ""63"": 32}","[-0.754, 0.08700000000000001, 0.8907999999999997]","[-0.8127999999999997, 0.078, 0.8613999999999992]","[-0.8291156530380249, 0.043253093957901, 0.8878608107566832]","[-0.1176, -0.0050000000000000044, 0.06259999999999966]","[-0.3295804455757141, -0.010710535526275627, 0.40958845728635773]","{""intercept"": -0.0051704886833156445, ""n"": 389, ""r"": 0.9580122334736941, ""slope"": 0.9485483226495233}","{""intercept"": -0.011378701321937237, ""n"": 389, ""r"": 0.9489469062947552, ""slope"": 1.0647094462761382}","[-666.9999999999999, 170.0, 933.0]","[-389.4, 170.0, 933.0]","[-853.0, -393.0, -195.80000000000007]","[1254.2, 3588.0, 4974.6]","[-853.0, -393.0, -193.80000000000018]","[0.0, 0.0, 0.0]"
00000175--6c2758b35b,False,True,33799c2e0bf331b3dbad2710b89b01e0c5c0658d,manual_moving,3440,3268,"{""11"": 32, ""63"": 3408}","[-0.779, -0.278, 0.299]","[-0.779, -0.2785, 0.299]","[-0.8288473367691039, -0.24866443127393723, 0.3579741418361657]","[-0.10664999999999997, 0.00099999999999998, 0.007000000000000006]","[-0.2744417736202478, 0.03902491551637648, 0.43416455141305804]","{""intercept"": -0.017327925884955894, ""n"": 3268, ""r"": 0.9389562095016899, ""slope"": 0.9581856158733179}","{""intercept"": -0.14116811462931436, ""n"": 3268, ""r"": 0.7567750124382189, ""slope"": 0.6304844619882752}","[-779.0, -286.0, 289.0]","[-775.0, -279.0, 302.0499999999997]","[-776.05, -285.5, 291.0499999999997]","[1671.9, 3430.0, 4552.049999999999]","[-776.05, -284.5, 293.0499999999997]","[0.0, 0.0, 8185.0]"
